date,silver_ret,gold_ret,sp500_ret,nasdaq_ret,oil_ret,silver_ret_lag1,gold_ret_lag1,sp500_ret_lag1,platinum.close,palladium.close,usd_chf,eur_usd,sp500.spread
2010-01-19,0.02043081818038761,0.005935803020554964,0.012418174449160269,0.01601072712623175,0.013707702028683322,-0.013488200174211595,-0.010498548578972589,-0.01128769039468036,165.12,46.94,1.034,1.4269,0
2010-01-20,-0.05076123797702081,-0.0234066750566857,-0.010220661148887977,-0.014485173817394337,-0.02707793659185498,0.02043081818038761,0.005935803020554964,0.012418174449160269,163.22,47.05,1.0453,1.4094,0
2010-01-21,-0.027243455611107414,-0.014516458509484131,-0.019416364211104487,-0.009408230429398312,-0.017303772621643176,-0.05076123797702081,-0.0234066750566857,-0.010220661148887977,159.79,45.3,1.0426,1.4106,0
2010-01-22,-0.017997583030896713,-0.0018644547211383866,-0.02254407186551788,-0.029673119613073062,-0.02446438944084095,-0.027243455611107414,-0.014516458509484131,-0.019416364211104487,154.88,43.3,1.04,1.4154,0
2010-01-25,0.003508775529679653,0.002888425022384844,0.005114633489587739,0.0033909832425584874,0.012850484422904707,-0.017997583030896713,-0.0018644547211383866,-0.02254407186551788,155.19,44.36,1.0403,1.4146,0
2010-01-26,-0.024823969728726247,7.440476533737694e-4,-0.004199385393480526,9.023235441900646e-4,-0.008457286802483921,0.003508775529679653,0.002888425022384844,0.005114633489587739,153.52,42.75,1.0466,1.4063,0
2010-01-27,-0.009723965093424436,-0.009640970008049976,0.004745833494510521,0.007860792863934929,-0.011573565394022989,-0.024823969728726247,7.440476533737694e-4,-0.004199385393480526,149.99,41.34,1.0472,1.4053,0
2010-01-28,-0.020759920800761833,-4.5068730575792415e-4,-0.011538589556494117,-0.02606379832101169,0.0022148403295525476,-0.009723965093424436,-0.009640970008049976,0.004745833494510521,151.21,42.16,1.0517,1.3993,0
2010-01-29,-0.0011296890235721335,-0.0048955096829876865,-0.01092805837363553,-0.01760527286978597,-0.014484932921366767,-0.020759920800761833,-4.5068730575792415e-4,-0.011538589556494117,150.47,41.6954,1.0557,1.387,0
2010-02-01,0.029816629241056436,0.02230506357849915,0.015431121627790034,0.01092399009618683,0.02985296314968089,-0.0011296890235721335,-0.0048955096829876865,-0.01092805837363553,155.06,43.2494,1.0586,1.3904,0
2010-02-02,-0.0024009615375377713,0.007173104142630393,0.01203076851343976,0.008974861760698616,0.02177641392522789,0.029816629241056436,0.02230506357849915,0.015431121627790034,158.4,44.302,1.0557,1.3955,0
2010-02-03,-0.016359044010019197,-0.003948037997834497,-0.004995242211100148,0.005483221414531503,0.003234974568385063,-0.0024009615375377713,0.007173104142630393,0.01203076851343976,157.7,43.857,1.059,1.3907,0
2010-02-04,-0.06629122707059842,-0.04064951629520319,-0.031352269690766654,-0.02936287702967144,-0.05038506083924821,-0.016359044010019197,-0.003948037997834497,-0.004995242211100148,150.41,40.85,1.0655,1.3759,0
2010-02-05,-0.008521847704763719,0.0029657998299850163,0.0020647590629678803,0.008411264543893182,-0.01661776023969308,-0.06629122707059842,-0.04064951629520319,-0.031352269690766654,148.02,40.09,1.0779,1.3608,0
2010-02-08,-0.011254670271692913,-0.00613263708149514,-0.007245385730093368,-0.007238794014455596,-0.003413943571837663,-0.008521847704763719,0.0029657998299850163,0.0020647590629678803,147.1,40.68,1.0696,1.3699,0
2010-02-09,0.026931020039080877,0.013082067686647214,0.012481978957028517,0.010258891559134398,0.031419134182426145,-0.011254670271692913,-0.00613263708149514,-0.007245385730093368,150.25,41.912,1.0641,1.3795,0
2010-02-10,-0.011734163321648783,-0.002754953530796911,-0.0019605103604813934,-0.0020898649194589503,0.008250871889995626,0.026931020039080877,0.013082067686647214,0.012481978957028517,151.34,41.36,1.0682,1.3722,0
2010-02-11,0.02716855331450896,0.01894049553816579,0.010411918918535434,0.014996243657885433,0.007368023508629751,-0.011734163321648783,-0.002754953530796911,-0.0019605103604813934,152.94,42.08,1.0747,1.364,0
2010-02-12,-0.009618541612856912,-8.40453894547899e-4,-8.326780330305539e-4,0.002058790616255912,-0.012861033749930861,0.02716855331450896,0.01894049553816579,0.010411918918535434,151.45,41.72,1.0767,1.3625,0
2010-02-16,0.03731068243381053,0.02381724323805212,0.01561240270641484,0.012715884325302795,0.039951331935153434,-0.009618541612856912,-8.40453894547899e-4,-8.326780330305539e-4,153.7,43.32,1.0681,1.3742,0
2010-02-17,-0.005602255548669888,-0.0033810056422716173,0.004727281530708005,0.00562494451943607,0.004751856882313277,0.03731068243381053,0.02381724323805212,0.01561240270641484,153.12,43.79,1.0768,1.3623,0
2010-02-18,0.009937969990132522,0.006659697103969187,0.0058778484551123,0.006262601546340729,0.01981811928294963,-0.005602255548669888,-0.0033810056422716173,0.004727281530708005,153.23,43.91,1.0806,1.3563,0
2010-02-19,0.0055470096006007275,-0.004647991963202536,0.002071606235125145,-4.460303374571595e-4,0.009252186278202679,0.009937969990132522,0.006659697103969187,0.0058778484551123,153.37,43.86,1.0824,1.3538,0
2010-02-22,-0.006165247641930716,-0.003660661175814539,1.799370225281649e-4,-0.002009602105364383,-0.0015360986123398312,0.0055470096006007275,-0.004647991963202536,0.002071606235125145,152.57,44.18,1.0773,1.359,0
2010-02-23,-0.021882711249507913,-0.010877688377402883,-0.012219005264681115,-0.01304855409314376,-0.018097701800059873,-0.006165247641930716,-0.003660661175814539,1.799370225281649e-4,151.46,43.05,1.0818,1.3537,0
2010-02-24,0.004415018209116717,-0.004924516339876561,0.009155663829581329,0.010138647171333393,0.01707232360204225,-0.021882711249507913,-0.010877688377402883,-0.012219005264681115,150.37,42.15,1.0779,1.3576,0
2010-02-25,0.012507980455667145,0.008809812624273938,-0.0013544631625093118,-2.2419011415486523e-4,-0.022828488108737055,0.004415018209116717,-0.004924516339876561,0.009155663829581329,153.1099,42.186,1.0858,1.3476,0
2010-02-26,0.02030214301999056,0.010287589582706147,6.323111181272267e-4,0.0035810244177061357,0.018458862855095237,0.012507980455667145,0.008809812624273938,-0.0013544631625093118,154.08,43.23,1.0711,1.366,0
2010-03-01,-0.0018287112685437812,0,0.010331134424808042,0.014417461666135,-0.012181049927598941,0.02030214301999056,0.010287589582706147,6.323111181272267e-4,154.65,43.26,1.0827,1.3516,0
2010-03-02,0.030050338063970283,0.01442528983166369,0.0027667472689669736,0.003078278596107875,0.011665718815962567,-0.0018287112685437812,0,0.010331134424808042,157,44.14,1.079,1.3564,0
2010-03-03,0.014109581516319913,0.005479465764625324,8.908686558015688e-4,0.0010970928143732017,0.015345569674660275,0.030050338063970283,0.01442528983166369,0.0027667472689669736,157.75,44.9,1.0652,1.3731,0
2010-03-04,-0.0017528488274143328,-0.0071923352390790285,0.0030230306653340477,0.0032840752011895624,-0.006365393867076019,0.014109581516319913,0.005479465764625324,8.908686558015688e-4,158.21,46.2932,1.078,1.3571,0
2010-03-05,0.011049836186584727,-1.8047283932798308e-4,0.014192137364582358,0.014969365108160382,0.01772198279941195,-0.0017528488274143328,-0.0071923352390790285,0.0030230306653340477,157.62,47.74,1.0751,1.3608,0
2010-03-08,-0.0046376894717510275,-0.008428161721161231,1.7503938430785126e-4,0.0019361090268668057,-0.001506780797386753,0.011049836186584727,-1.8047283932798308e-4,0.014192137364582358,159.82,47.05,1.0744,1.3613,0
2010-03-09,0.0011614403163902054,-0.0014754235410867622,0.0016613478223339584,0.005572239021567782,-0.006049930225174194,-0.0046376894717510275,-0.008428161721161231,1.7503938430785126e-4,158.91,46.79,1.0765,1.3586,0
2010-03-10,-0.01639011643579691,-0.011439800633859853,0.004445807784692946,0.00808859241804516,0.008810629682154847,0.0011614403163902054,-0.0014754235410867622,0.0016613478223339584,159.38,46.25,1.0702,1.3658,0
2010-03-11,0.010569378231987336,0.0011977704477086348,0.004166311034855319,0.003808722335917114,0.0037523496185505323,-0.01639011643579691,-0.011439800633859853,0.004445807784692946,161.02,46.014,1.0689,1.3674,0
2010-03-12,-0.004681108606503059,-0.006003250539018623,8.661383228325548e-5,2.1117094366296385e-4,-0.013574869091069086,0.010569378231987336,0.0011977704477086348,0.004166311034855319,160.54,46.31,1.0599,1.3753,0
2010-03-15,-0.0017610805842975807,0.003790860256078332,2.597964942081532e-4,-0.002536999246588678,-0.017360660679723416,-0.004681108606503059,-0.006003250539018623,8.661383228325548e-5,161.99,46.33,1.0635,1.3652,0
2010-03-16,0.019779586086976053,0.018651116626100972,0.007934496133153779,0.006330470602886162,0.024422480695261317,-0.0017610805842975807,0.003790860256078332,2.597964942081532e-4,163.08,47.24,1.0556,1.3758,0
2010-03-17,0.002876044547893475,-0.0073640043676945766,0.005909828343521717,0.002730807284686332,0.010997361522859794,0.019779586086976053,0.018651116626100972,0.007934496133153779,162.68,47.86,1.0551,1.3739,0
2010-03-18,-0.0011494254139057247,0.006820378368983526,-5.125138918025129e-4,0.0033507884754713224,-0.007735534518433784,0.002876044547893475,-0.0073640043676945766,0.005909828343521717,162.53,47.81,1.063,1.3603,0
2010-03-19,-0.024448249120057053,-0.018846043098183607,-0.009184219743256783,-0.0071338951311750165,-0.018200704646846422,-0.0011494254139057247,0.006820378368983526,-5.125138918025129e-4,160.7699,46.77,1.0615,1.353,0
2010-03-22,-0.004133457317107236,-0.004906735762243208,0.005331969976587914,0.009013791246163638,0.009141759958094742,-0.024448249120057053,-0.018846043098183607,-0.009184219743256783,159.56,45.7,1.058,1.3531,0
2010-03-23,0.007075501216200486,0.005276080180107279,0.007008575696920261,0.00691468610703172,0.003532680938633348,-0.004133457317107236,-0.004906735762243208,0.005331969976587914,160.73,46.48,1.0561,1.3535,0
2010-03-24,-0.02679529170675643,-0.01882452381606292,-0.004866605122580303,-0.004830049121118396,-0.019329187749091314,0.007075501216200486,0.005276080180107279,0.007008575696920261,157.72,44.54,1.0692,1.3347,0
2010-03-25,0.002411092186731967,0.0045053577241382925,-0.001627479052101144,-0.0014587894636601817,-0.001027749319653104,-0.02679529170675643,-0.01882452381606292,-0.004866605122580303,160.02,45.19,1.0697,1.3344,0
2010-03-26,0.018491430552873833,0.016808679156769202,-6.00265850034809e-4,0.00104220957844392,-0.0018011068808245767,0.002411092186731967,0.0045053577241382925,-0.001627479052101144,159.53,45.58,1.0662,1.3398,0
2010-03-29,0.025096152214791,0.001472347739984059,0.006327511491845961,0.004780223172989206,0.02868581003677706,0.018491430552873833,0.016808679156769202,-6.00265850034809e-4,162.8,47.41,1.0634,1.3465,0
2010-03-30,-0.004621614234281424,-0.007198259209744151,6.816632847463922e-4,0.0033119467243469813,-0.00025028156806916613,0.025096152214791,0.001472347739984059,0.006327511491845961,161.9499,47.18,1.0671,1.3409,0
2010-03-31,0.01036875648984914,0.009035650631579628,-0.0034129725962399604,-0.004764379804661711,0.008474626990972123,-0.004621614234281424,-0.007198259209744151,6.816632847463922e-4,164.29,47.85,1.0528,1.3526,0
2010-04-01,0.022103478503427088,0.011952151770908692,0.006814336419729727,0,0.023305359945503312,0.01036875648984914,0.009035650631579628,-0.0034129725962399604,166.77,48.92,1.0559,1.3569,0
2010-04-05,0.013363227812166922,0.005697505803587077,0.008116378678073133,0.00930047005679846,0.019926238453670475,0.022103478503427088,0.011952151770908692,0.006814336419729727,170.43,50.38,1.0619,1.3486,0
2010-04-06,-0.007773498333380147,0.00126171610104997,0.0023549211892222033,0.0028759263864919227,-0.0011892021855750556,0.013363227812166922,0.005697505803587077,0.008116378678073133,170.04,50.81,1.0704,1.3378,0
2010-04-07,0.009983443984183271,0.013063893738559429,-0.005728743552772642,-0.0024645730281616096,-0.011970456559221354,-0.007773498333380147,0.00126171610104997,0.0023549211892222033,170.1801,50.89,1.0716,1.3364,0
2010-04-08,-0.005350935345150631,0.001421338073519074,0.0034580222541400474,0.00225942378136601,-0.0019286409064056542,0.009983443984183271,0.013063893738559429,-0.005728743552772642,171.1599,50.56,1.0723,1.336,0
2010-04-09,0.01632799397630169,0.008749890107734082,0.006545844118185151,0.005932307466081532,-0.006536762169414345,-0.005350935345150631,0.001421338073519074,0.0034580222541400474,172.49,51.32,1.0672,1.3468,0
2010-04-12,-0.01097705863115106,-0.005559246613927371,0.001588031592872241,8.15494438670239e-4,-0.005846545277501836,0.01632799397630169,0.008749890107734082,0.006545844118185151,172.19,51.94,1.0598,1.3587,0
2010-04-13,0.0022050725583140363,-0.002835624407802051,7.513461972195046e-4,0.00508182819433145,-9.777561277606317e-4,-0.01097705863115106,-0.005559246613927371,0.001588031592872241,171.36,52.92,1.0573,1.3592,0
2010-04-14,0.013129291441792645,0.003012584238382132,0.011285490285970035,0.011891705185373969,0.021053409197832273,0.0022050725583140363,-0.002835624407802051,7.513461972195046e-4,172.53,54.74,1.0512,1.3666,0
2010-04-15,-5.436259987101622e-4,0.00547028009591255,8.248103403936113e-4,0.0043982477938944164,-0.0011980353655292042,0.013129291441792645,0.003012584238382132,0.011285490285970035,171.74,54.48,1.0595,1.354,0
2010-04-16,-0.03711309343929514,-0.021433520932788497,-0.016040235865338204,-0.012041084675265878,-0.026972841601166753,-5.436259987101622e-4,0.00547028009591255,8.248103403936113e-4,169,53.09,1.0624,1.3487,0
2010-04-19,-5.644933821922216e-4,-8.093889555587097e-4,0.0037630181963566045,-6.058770255013002e-4,-0.012142386825725549,-0.03711309343929514,-0.021433520932788497,-0.016040235865338204,169.66,53.78,1.065,1.3458,0
2010-04-20,0.004596984006316696,0.00278514173118527,0.008891163312676476,0.005037794029957077,0.004725789170675565,-5.644933821922216e-4,-8.093889555587097e-4,0.0037630181963566045,171.32,55.23,1.0673,1.3446,0
2010-04-21,0.014419248977830978,0.007597122833554515,-0.0018216449518684286,0.0056123618955119525,-7.446940892741338e-4,0.004596984006316696,0.00278514173118527,0.008891163312676476,173.0999,56.5,1.0708,1.3383,0
2010-04-22,-0.004441983983422659,-0.004193626489445101,0.00297914818155931,0.005581039003113464,7.446940892741338e-4,0.014419248977830978,0.007597122833554515,-0.0018216449518684286,174.3,56.59,1.0778,1.3298,0
2010-04-23,0.013816191036344794,0.011998544158828395,0.006506632517692346,0.004165432979063244,0.01600034134644135,-0.004441983983422659,-0.004193626489445101,0.00297914818155931,173.83,56.26,1.0743,1.336,0
2010-04-26,0.002192983335010279,-0.00389484426154052,-0.0037835215392574284,-0.002179729387751017,-0.01476041558312069,0.013816191036344794,0.011998544158828395,0.006506632517692346,174.3,56.5,1.0753,1.3336,0
2010-04-27,-0.004390786417489689,0.01653657174413059,-0.023934762213066563,-0.02145445699332882,-0.02458728976031166,0.002192983335010279,-0.00389484426154052,-0.0037835215392574284,171.9537,54.77,1.0837,1.323,1
2010-04-28,-0.006068984145195522,-0.0027954940892316316,0.0075675127809606835,6.078411695606967e-4,0.015125067767586042,-0.004390786417489689,0.01653657174413059,-0.023934762213066563,170.7,53.872,1.091,1.313,0
2010-04-29,0.02135312447056892,-2.6247867511486334e-4,0.012321168192908516,0.017269505491182002,0.026418028139282068,-0.006068984145195522,-0.0027954940892316316,0.0075675127809606835,172.69,55,1.0824,1.3243,0
2010-04-30,0.008092841579453225,0.00940609617406718,-0.01710727246321664,-0.019956929464929107,0.007041427661126587,0.02135312447056892,-2.6247867511486334e-4,0.012321168192908516,173.5499,54.8,1.0767,1.3302,0
2010-05-03,0.008027872923919155,0.0032022183233468837,0.012878585758884675,0.013966496215493507,0.0031404784839925703,0.008092841579453225,0.00940609617406718,-0.01710727246321664,172.08,54.16,1.0868,1.3183,0
2010-05-04,-0.04580953603129423,-0.007458837702673193,-0.023795632363459163,-0.030502568097380056,-0.04337791931448853,0.008027872923919155,0.0032022183233468837,0.012878585758884675,166.99,51.64,1.0987,1.3037,0
2010-05-05,-0.02829843612242744,0.0019133768230865655,-0.005974243253458411,-0.00517545922841256,-0.035640228980587274,-0.04580953603129423,-0.007458837702673193,-0.023795632363459163,164.39,50.07,1.1118,1.289,0
2010-05-06,0.013116811954948737,0.029080379155383085,-0.03377758436747236,-0.033987440192439156,-0.03587741757044016,-0.02829843612242744,0.0019133768230865655,-0.005974243253458411,164.534,50.27,1.1092,1.2689,1
2010-05-07,0.03998311584772862,-0.0018246638727568154,-0.014986899597543513,-0.025224211884426584,-0.01774035571587307,0.013116811954948737,0.029080379155383085,-0.03377758436747236,166.21,51.3,1.1085,1.2721,1
2010-05-10,0.00434547125950191,-0.005936245383376004,0.04309874642933842,0.05066548229201118,0.02502170245838098,0.03998311584772862,-0.0018246638727568154,-0.014986899597543513,169.165,53.015,1.1069,1.2861,0
2010-05-11,0.045040725424303485,0.0259096205806415,-0.0028449521322313487,-0.0010472301721553556,-0.012704590397139004,0.00434547125950191,-0.005936245383376004,0.04309874642933842,169.58,53.32,1.1059,1.2715,0
2010-05-12,0.0103093696588612,0.006147357165106726,0.013889112160667239,0.018684371658261867,2.719978256942035e-4,0.045040725424303485,0.0259096205806415,-0.0028449521322313487,174.2,54.22,1.1101,1.2642,0
2010-05-13,-0.005615738785635482,-0.006943324307157717,-0.012508730611136443,-0.01596385098901365,-0.017558750153631397,0.0103093696588612,0.006147357165106726,0.013889112160667239,173.288,54.15,1.1146,1.2568,0
2010-05-14,-0.00728766605027209,-0.0015772219265963727,-0.01827091020752558,-0.01941398809263717,-0.03721884333620151,-0.005615738785635482,-0.006943324307157717,-0.012508730611136443,171.58,52.67,1.1304,1.239,0
2010-05-17,-0.02259092657655959,-0.008426195936192649,5.266854054335468e-4,0.003191152585749535,-0.027079832039493823,-0.00728766605027209,-0.0015772219265963727,-0.01827091020752558,166.26,50.522,1.1392,1.2299,0
2010-05-18,0.005827831063997646,0.001088549406211392,-0.013695818232101864,-0.013902480360245661,-0.01217535456061869,-0.02259092657655959,-0.008426195936192649,5.266854054335468e-4,166.5,49.69,1.1342,1.2358,1
2010-05-19,-0.04042587647189855,-0.024226155158704188,-0.0057102225108849325,-0.008000907639290844,0.0011943865259840258,0.005827831063997646,0.001088549406211392,-0.013695818232101864,159.7,45.92,1.1564,1.2317,0
2010-05-20,-0.02845380241772766,-0.00679660206555166,-0.038490843567173805,-0.03783218563695101,-0.039877449198856496,-0.04042587647189855,-0.024226155158704188,-0.0057102225108849325,151.66,41.86,1.15,1.237,0
2010-05-21,-0.003969384287498823,-0.005366584333169833,0.0144936762854746,0.010987889448371035,0.002171553513508062,-0.02845380241772766,-0.00679660206555166,-0.038490843567173805,150.16,43.335,1.1485,1.2575,1
2010-05-24,0.016901810802602668,0.01396213321530304,-0.012914117304328343,-0.004022351791947543,-0.003103664812935669,-0.003969384287498823,-0.005366584333169833,0.0144936762854746,152.83,44.86,1.1561,1.2406,0
2010-05-25,-0.0022371373983558485,0.004440656315185976,0.00102073966084415,8.952552075114362e-4,-0.00999695923276267,0.016901810802602668,0.01396213321530304,-0.012914117304328343,150.61,44.12,1.1593,1.2279,1
2010-05-26,0.012242779515676983,0.00941363013194163,-0.006046811298617172,-0.011248712535870897,0.022968110831298016,-0.0022371373983558485,0.004440656315185976,0.00102073966084415,152.19,44.29,1.1602,1.2224,0
2010-05-27,0.021882711249507913,0.0018552881017459555,0.032949339577855064,0.03708651952542796,0.051431364020888104,0.012242779515676983,0.00941363013194163,-0.006046811298617172,155.99,46.3101,1.15,1.237,0
2010-05-28,-0.007059491712958721,0.0016079407095324072,-0.012629068955626543,-0.005903592088739806,-0.007929930799993823,0.021882711249507913,0.0018552881017459555,0.032949339577855064,154.4,45.92,1.1534,1.2369,0
2010-06-01,-5.451076722606807e-4,0.008618468613396324,-0.01696675094469935,-0.009253205480483473,-0.025559641308066094,-0.007059491712958721,0.0016079407095324072,-0.012629068955626543,154.32,45.65,1.1548,1.2266,0
2010-06-02,-0.0021834069809432144,-0.0010847345550262233,0.025705996369779882,0.023406952918576973,0.018217615963899814,-5.451076722606807e-4,0.008618468613396324,-0.01696675094469935,154.89,45.7601,1.1575,1.2206,0
2010-06-03,-0.018197359051908002,-0.015311142889240514,0.003438295099160271,0.009468545024411412,0.01381359216977529,-0.0021834069809432144,-0.0010847345550262233,0.025705996369779882,154.1,44.86,1.154,1.2193,0
2010-06-04,-0.03395912054245365,0.010373274547541556,-0.035768994959751055,-0.034814073420628144,-0.04721522290417157,-0.018197359051908002,-0.015311142889240514,0.003438295099160271,151.01,42.65,1.1614,1.1998,0
2010-06-07,0.04293375282558909,0.019113096372033844,-0.01252901321790656,-0.018408688818167818,-0.0027577771423317188,-0.03395912054245365,0.010373274547541556,-0.035768994959751055,150.67,43.0301,1.1613,1.1959,0
2010-06-08,0.0059386515675825535,-0.004020748326324153,0.010654949700897198,-0.001808727601400939,0.018243132882412638,0.04293375282558909,0.019113096372033844,-0.01252901321790656,152.3362,43.9201,1.151,1.1995,0
2010-06-09,-0.009087216601356918,-0.003663652222086533,-0.005360430383922754,-0.008408184975328137,0.022640228272822416,0.0059386515675825535,-0.004020748326324153,0.010654949700897198,152.45,44.79,1.1455,1.2045,0
2010-06-10,0.007441125694688022,-0.01323416731106608,0.02881240198526136,0.02812650253523641,0.023866092015064844,-0.009087216601356918,-0.003663652222086533,-0.005360430383922754,153.0999,45.22,1.1418,1.2111,1
2010-06-11,-0.0016488049901837165,0.008661685636176308,0.004843952258105411,0.009495489254347955,-0.015652493477676277,0.007441125694688022,-0.01323416731106608,0.02881240198526136,153.314,44.65,1.1521,1.2077,0
2010-06-14,0,-0.003422231126818609,-0.0015511659663909327,-2.1980437499191652e-4,0.002917154927506438,-0.0016488049901837165,0.008661685636176308,0.004843952258105411,155.5301,45.73,1.1378,1.2277,0
2010-06-15,0.01906895154793542,0.011555056036854694,0.022483002007426478,0.026465752932103737,0.025878384883545547,0,-0.003422231126818609,-0.0015511659663909327,157.11,47.21,1.131,1.2327,0
2010-06-16,-0.007584001681038455,-0.005469929103314897,-3.572066478412239e-4,0.004059400938217106,0.007352974305259163,0.01906895154793542,0.011555056036854694,0.022483002007426478,156.47,47.29,1.1267,1.2323,0
2010-06-17,0.016181582851241938,0.012963068037154635,0.001606426048273768,0.003193190579154681,-0.00991088389945416,-0.007584001681038455,-0.005469929103314897,-3.572066478412239e-4,157.31,48.23,1.1137,1.2365,0
2010-06-18,0.022223136784710107,0.007600249063776765,-0.0036628441362802633,-0.0010632643213299708,0.007654183364861122,0.016181582851241938,0.012963068037154635,0.001606426048273768,158.83,48.82,1.1107,1.236,0
2010-06-21,-0.02436561216235722,-0.020064812604068116,-0.0028681564880210786,-0.008547060578458332,-0.0022618047527585006,0.022223136784710107,0.007600249063776765,-0.0036628441362802633,158.47,49.19,1.108,1.2385,0
2010-06-22,0.008537180887876694,0.008766182501246611,-0.016653475653923167,-0.007755316767477982,-0.009384399881640082,-0.02436561216235722,-0.020064812604068116,-0.0028681564880210786,158.21,48.43,1.1047,1.2303,0
2010-06-23,-0.01553209775966824,-0.004125418392145086,-0.0031078635618504435,-0.004117461662806132,-0.021953510215872107,0.008537180887876694,0.008766182501246611,-0.016653475653923167,156.68,47.26,1.1053,1.231,0
2010-06-24,0.0027015311616995774,0.0028895788939680145,-0.016709366378138135,-0.015317586140170203,0.004371273170633572,-0.01553209775966824,-0.004125418392145086,-0.0031078635618504435,155.58,47.1,1.1048,1.2288,0
2010-06-25,0.02379107244103018,0.011964413801530682,0.004180413910024328,-0.0017656151132783293,0.036263787990819196,0.0027015311616995774,0.0028895788939680145,-0.016709366378138135,156.66,47.7599,1.0937,1.2332,0
2010-06-28,-0.014683556010486765,-0.013697158985260138,-0.003156919984903084,-0.003540610027562785,-0.012699479268032832,0.02379107244103018,0.011964413801530682,0.004180413910024328,155.76,46.51,1.086,1.2316,0
2010-06-29,-0.015054047735569842,0.0014853939024250806,-0.03136178439809889,-0.03933599357302997,-0.029982067039760807,-0.014683556010486765,-0.013697158985260138,-0.003156919984903084,153.62,44.83,1.081,1.2187,1
2010-06-30,0.005941146289908161,0.003375183282337879,-0.009545461283754442,-0.015334872993899573,-0.006164704684053834,-0.015054047735569842,0.0014853939024250806,-0.03136178439809889,152.575,44.03,1.0774,1.2291,0
2010-07-01,-0.04459863780059026,-0.0388788912391691,-0.004466460478898426,-0.002813600918253112,-0.03262297376701895,0.005941146289908161,0.003375183282337879,-0.009545461283754442,149.9801,43.076,1.0675,1.2464,0
2010-07-02,0.0016877641137194033,0.012312812116779703,-0.0054644944720791955,-0.0028215396099420254,-0.008248099303465928,-0.04459863780059026,-0.0388788912391691,-0.004466460478898426,150,43.0799,1.0635,1.2577,0
2010-07-06,-0.0022509857563188795,-0.01685146259679904,0.006534377373334621,0.0030563089501449703,0.00030670142856603633,0.0016877641137194033,0.012312812116779703,-0.0054644944720791955,151.1999,43.54,1.0587,1.2646,0
2010-07-07,0.012874513122049791,0.010416760858255714,0.031010236742559982,0.03142587626009563,0.03139406628950869,-0.0022509857563188795,-0.01685146259679904,0.006534377373334621,152.17,44.75,1.0545,1.2594,1
2010-07-08,-0.003342621496690068,-0.004426669355016344,0.009846752790909186,0.005444659548231812,0.01708939645135743,0.012874513122049791,0.010416760858255714,0.031010236742559982,151.51,44.67,1.0502,1.2683,0
2010-07-09,0.008888947417245774,0.009763629796919915,0.007437743473396097,0.009457399920734133,0.003208402927235454,-0.003342621496690068,-0.004426669355016344,0.009846752790909186,152.8699,45.8,1.0577,1.2639,0
2010-07-12,-0.008554182028860158,-0.008655124034294914,6.481781790901309e-4,0.002909255716478043,-0.016441944089675253,0.008888947417245774,0.009763629796919915,0.007437743473396097,150.855,45.24,1.0621,1.2573,0
2010-07-13,0.014069915814162837,0.008655124034294914,0.014975703647008842,0.012877620231893427,0.028022849433304575,-0.008554182028860158,-0.008655124034294914,6.481781790901309e-4,152.1,46.17,1.0524,1.2719,0
2010-07-14,0.005485477276671258,-5.070565476676947e-4,-9.119511200594843e-5,0.0050610736262233225,-0.0023054765254988396,0.014069915814162837,0.008655124034294914,0.014975703647008842,151.6,46.56,1.0556,1.2755,0
2010-07-15,0,-5.918911093187873e-4,2.735603901617978e-4,8.775779413592311e-4,-0.0023108040323154277,0.005485477276671258,-5.070565476676947e-4,-9.119511200594843e-5,152.58,46.74,1.0421,1.2893,0
2010-07-16,-0.025486143983340703,-0.013282443039256187,-0.02792083008160251,-0.028020512332175063,-0.012220111334775297,0,-5.918911093187873e-4,2.735603901617978e-4,150.76,44.6,1.0522,1.2919,0
2010-07-19,-0.014128519843657372,-0.008089544975780072,0.005889243476199013,0.008533624658678018,0.008743862179414474,-0.025486143983340703,-0.013282443039256187,-0.02792083008160251,150.81,44.52,1.0524,1.2963,0
2010-07-20,0.006235498885898139,0.007918106607452735,0.011030375543430004,0.01200281135854775,0.010392703240259316,-0.014128519843657372,-0.008089544975780072,0.005889243476199013,151.49,45.03,1.0481,1.2905,0
2010-07-21,-0.0033937805768706752,-0.006881747589053688,-0.013082998021906711,-0.01379332213233564,-0.01796629027148322,0.006235498885898139,0.007918106607452735,0.011030375543430004,151.48,44.74,1.052,1.2818,0
2010-07-22,0.02411106427085663,0.008706057662359434,0.022076359545593505,0.024998536592494958,0.03505098828612763,-0.0033937805768706752,-0.006881747589053688,-0.013082998021906711,151.97,45.45,1.0403,1.2903,0
2010-07-23,5.538632099493235e-4,-0.006636556190800391,0.008641523735273715,0.006316039726988798,-8.473379973152895e-4,0.02411106427085663,0.008706057662359434,0.022076359545593505,153.74,46.37,1.0529,1.2874,0
2010-07-26,0.0027647239064827467,-0.004922077205428366,0.010361853308242353,0.008216262437151123,-0.0011309020147902693,5.538632099493235e-4,-0.006636556190800391,0.008641523735273715,154.36,47.49,1.048,1.2983,0
2010-07-27,-0.028565369851215827,-0.01755273637726784,-8.964188074678248e-5,-4.3075598339958887e-4,-0.019423632645649835,0.0027647239064827467,-0.004922077205428366,0.010361853308242353,152.925,46.68,1.0622,1.2983,0
2010-07-28,-0.00798635163265038,0.0023758205552537603,-0.006475425090979314,-0.008002638144974927,-0.008981662580877181,-0.028565369851215827,-0.01755273637726784,-8.964188074678248e-5,153.56,46.581,1.0578,1.2998,0
2010-07-29,0.004571436532581075,0.004454819090114803,-0.00488423546950667,-0.007410670357662852,0.02016778237703365,-0.00798635163265038,0.0023758205552537603,-0.006475425090979314,155.6,48.28,1.0412,1.3064,0
2010-07-30,0.021433420602747333,0.010462367714379361,-1.8135654746842533e-4,0.002185315554997569,0.00795458739846211,0.004571436532581075,0.004454819090114803,-0.00488423546950667,156.85,49.68,1.041,1.3069,0
2010-08-02,0.02098365230059107,4.3284422612366313e-4,0.0223297624753247,0.01859915206307372,0.031748698314579826,0.021433420602747333,0.010462367714379361,-1.8135654746842533e-4,159.61,51.13,1.0379,1.3174,0
2010-08-03,0.003273325344968825,0.0038871901406656306,-0.004800435923085544,-0.004294616864837675,0.01171835183577663,0.02098365230059107,4.3284422612366313e-4,0.0223297624753247,157.42,49.8,1.0384,1.3239,0
2010-08-04,-0.005461510025521754,0.006273923720745422,0.006661066416011607,0.01002063883411175,-2.7096599542542066e-4,0.003273325344968825,0.0038871901406656306,-0.004800435923085544,157.87,49.73,1.0514,1.3158,0
2010-08-05,0.0021881846805529293,0.002225075800349252,-0.0010627934752927004,-0.0023035587355479947,-0.005162353537738529,-0.005461510025521754,0.006273923720745422,0.006661066416011607,156.86,49.63,1.0475,1.3157,0
2010-08-06,0.0065359709797854215,0.0073247921394949955,-0.004084537733368698,-0.0014958865915830621,-0.013990078677017515,0.0021881846805529293,0.002225075800349252,-0.0010627934752927004,157.11,48.8,1.0365,1.3282,0
2010-08-09,-0.007629464801156782,-0.003740864760378493,0.0053243536909786116,0.006820145788208443,0.00907472197546566,0.0065359709797854215,0.0073247921394949955,-0.004084537733368698,154.11,47.68,1.0457,1.3241,0
2010-08-10,0.0010934938213713608,0.0028069596961088905,-0.005413333537102716,-0.008693156262730373,-0.01823254926300022,-0.007629464801156782,-0.003740864760378493,0.0053243536909786116,153.815,47.42,1.0575,1.3095,0
2010-08-11,-0.02545793269551222,-0.0033181635923913433,-0.027789590501559047,-0.027643021082043084,-0.03200953073123225,0.0010934938213713608,0.0028069596961088905,-0.005413333537102716,151.29,46.231,1.0584,1.2899,0
2010-08-12,0.010593910063362522,0.012113146288434962,-0.006148782736833169,-0.00796112121586745,-0.023886949889256215,-0.02545793269551222,-0.0033181635923913433,-0.027789590501559047,152.58,46.68,1.0485,1.2866,0
2010-08-13,0.0019393273843779646,-2.526209436197746e-4,-0.00295012659801408,-0.007130154984591464,-0.0038399101975041816,0.010593910063362522,0.012113146288434962,-0.006148782736833169,151.705,47.699,1.0526,1.2767,0
2010-08-16,0.015108102228714948,0.008302978886223222,-4.6174447881419667e-4,0.0017873105740959794,-0.005341258989183917,0.0019393273843779646,-2.526209436197746e-4,-0.00295012659801408,152.95,48.419,1.0378,1.2838,0
2010-08-17,0.007063327382829776,1.670285622727974e-4,0.012210388106469239,0.012687035275856573,0.007706025092665936,0.015108102228714948,0.008302978886223222,-4.6174447881419667e-4,153.8,49.6,1.0434,1.289,0
2010-08-18,-0.0059734090188041655,0.003917161319990647,0.0018233207713400645,0.00391544900917129,-0.005625477455554417,0.007063327382829776,1.670285622727974e-4,0.012210388106469239,152.98,49.06,1.0404,1.2872,0
2010-08-19,-0.004366819166340186,0.0014130753359191672,-0.017549951975111888,-0.015264094613905321,-0.0128494222722626,-0.0059734090188041655,0.003917161319990647,0.0018233207713400645,152.07,48.4,1.031,1.2837,0
2010-08-20,-0.019332278408962456,-0.0034947614200984134,-0.0032496198690941114,0.001336600778180319,-0.009063506153347056,-0.004366819166340186,0.0014130753359191672,-0.017549951975111888,150.5,47.51,1.0372,1.2687,0
2010-08-23,0,-0.0015849846905204856,-0.0038201770195174234,-0.009843479927915677,-0.015907340629289557,-0.019332278408962456,-0.0034947614200984134,-0.0032496198690941114,150.39,48.12,1.0391,1.2663,0
2010-08-24,0.021518071628942703,0.004830524925528934,-0.014954428699918587,-0.01883636765671559,-0.02056147203780201,0,-0.0015849846905204856,-0.0038201770195174234,150.811,48.34,1.0307,1.2675,0
2010-08-25,0.029049917959326876,0.008274083278432265,0.003877623433381494,0.009575996568284673,0.018709619656728016,0.021518071628942703,0.004830524925528934,-0.014954428699918587,152.3201,49.17,1.0273,1.2652,0
2010-08-26,0.0037046880159201656,-0.0033014226090539722,-0.006724465363659782,-0.012099223047494334,0.007693529254714893,0.029049917959326876,0.008274083278432265,0.003877623433381494,152.65,49.8,1.0253,1.2717,0
2010-08-27,0.005484142171555018,4.13274378738393e-4,0.01537113577690441,0.012099223047494334,0.028707213799076037,0.0037046880159201656,-0.0033014226090539722,-0.006724465363659782,152.895,50.4,1.0268,1.2765,0
2010-08-30,-0.0033733234458637185,-8.267196238058716e-4,-0.014611185137119342,-0.010492796999220566,-0.016519372499961715,0.005484142171555018,4.13274378738393e-4,0.01537113577690441,152.24,49.54,1.0244,1.2686,0
2010-08-31,0.01620950523547693,0.009630100349991011,0,-0.003445507026391681,-0.033880665910373864,-0.0033733234458637185,-8.267196238058716e-4,-0.014611185137119342,151.74,49.91,1.015,1.2704,0
2010-09-01,0.0025900040378399325,-0.0031997401874379605,0.029473060020408504,0.02947390861544097,0.0317584883669082,0.01620950523547693,0.009630100349991011,0,152.87,51.75,1.0149,1.2813,0
2010-09-02,0.015910009706080253,0.004918445852569953,0.009269097703551665,0.011108756761666783,0.013265193007046872,0.0025900040378399325,-0.0031997401874379605,0.029473060020408504,154.23,52.32,1.0118,1.2824,0
2010-09-03,0.008012619571295954,-0.003522428380930087,0.012888179848658865,0.016435123961985987,-0.009025332022042143,0.015910009706080253,0.004918445852569953,0.009269097703551665,154.745,52.76,1.0174,1.2885,0
2010-09-07,-0.003947573323126452,0.006869506896516775,-0.01133644753053975,-0.006760466267218046,-0.00971765922279788,0.008012619571295954,-0.003522428380930087,0.012888179848658865,154.89,51.796,1.0114,1.2723,0
2010-09-08,0.007426714611437291,8.14962715907086e-5,0.006998438016460717,0.011963166058274854,0.011227549287693872,-0.003947573323126452,0.006869506896516775,-0.01133644753053975,155.11,52.24,1.0106,1.2727,0
2010-09-09,-0.008949171134892353,-0.009415879939863814,0.004608511296531503,0.003884338073396165,-0.007572351797451304,0.007426714611437291,8.14962715907086e-5,0.006998438016460717,154.68,52.18,1.0149,1.2708,0
2010-09-10,0.004560433543531861,0.0013975093729126087,0.005035981866170047,0.003654739099769877,0.026404174196510866,-0.008949171134892353,-0.009415879939863814,0.004608511296531503,153.53,51.77,1.0175,1.2731,0
2010-09-13,0.006550791881538842,-9.040477295414462e-4,0.011061664976677932,0.013852112808151684,0.007669654115337821,0.004560433543531861,0.0013975093729126087,0.005035981866170047,154.834,52.9499,1.0079,1.289,0
2010-09-14,0.024312782774065678,0.019573665572097276,-6.212007121719765e-4,0.004223871116185052,-0.004122502893854296,0.006550791881538842,-9.040477295414462e-4,0.011061664976677932,158.6,54.89,0.9938,1.3014,0
2010-09-15,0.006839303650241657,-6.775177300992752e-4,0.0038098659471366147,0.0063025418708022585,-0.011873098812846816,0.024312782774065678,0.019573665572097276,-6.212007121719765e-4,160.27,55.4,1.0032,1.3008,0
2010-09-16,0.009207721947276148,0.005551770304323966,-2.653341014111632e-4,0.003971162079499102,-0.01534556967466072,0.006839303650241657,-6.775177300992752e-4,0.0038098659471366147,160.47,54.71,1.0143,1.3079,0
2010-09-17,-0.0028985527540115186,-7.023247236084273e-4,-0.0049658699192445255,0.001146609809262067,-0.010056461409012396,0.009207721947276148,0.005551770304323966,-2.653341014111632e-4,160.5401,54.1,1.0092,1.3046,0
2010-09-20,-4.839100021842846e-4,0.0026261730123771088,0.015174530257781704,0.017245991334611688,0.017277145661640958,-0.0028985527540115186,-7.023247236084273e-4,-0.0049658699192445255,161.89,53.46,1.005,1.3074,0
2010-09-21,0.015370139276658534,0.009088072754547483,-0.0020158646556618365,-2.0276518529804832e-4,-0.017277145661640958,-4.839100021842846e-4,0.0026261730123771088,0.015174530257781704,162.1499,53.346,1.0038,1.3136,0
2010-09-22,0.005703437513869591,0.0015066812255115636,-0.004925251820972143,-0.002666394770204583,-0.00214625254854095,0.015370139276658534,0.009088072754547483,-0.0020158646556618365,162.465,54.39,0.9865,1.3385,0
2010-09-23,-0.0018975337761912847,7.920792493321116e-4,-0.008144520941407052,-4.108463492462633e-4,0.002758622439079428,0.005703437513869591,0.0015066812255115636,-0.004925251820972143,163.48,55.188,0.9843,1.3344,0
2010-09-24,0.016949558313773316,0.0030831282575167762,0.020412463095015987,0.02013695623465761,0.02209867436967583,-0.0018975337761912847,7.920792493321116e-4,-0.008144520941407052,164.3,55.94,0.9828,1.3476,0
2010-09-27,-9.341429917970601e-4,2.3677045215375614e-4,-0.004801615580868557,-0.005451805527487252,-0.004801929995406962,0.016949558313773316,0.0030831282575167762,0.020412463095015987,162.52,54.9,0.9831,1.3475,0
2010-09-28,0.013921338518608106,0.008877773671080114,0.0034943688915909377,-4.0502228176197974e-4,-0.0015053442553645269,-9.341429917970601e-4,2.3677045215375614e-4,-0.004801615580868557,163.09,55.9801,0.9756,1.3583,0
2010-09-29,0.004597709248629567,7.818608686021022e-4,-0.0017456581198285193,-0.0016217315534849952,0.022345634074197207,0.013921338518608106,0.008877773671080114,0.0034943688915909377,164.11,56.71,0.9752,1.3638,0
2010-09-30,-0.004597709248629567,-3.1267099449650004e-4,-0.0029746303648758854,-0.004473370615474259,0.026171892178222134,0.004597709248629567,7.818608686021022e-4,-0.0017456581198285193,165.012,56.38,0.9808,1.3601,0
2010-10-01,0.01600034134644135,0.007787594843711609,0.0041969109430990414,-0.0012234911803559179,0.02242182763344225,-0.004597709248629567,-3.1267099449650004e-4,-0.0029746303648758854,167.52,57.13,0.9761,1.3754,0
2010-10-04,-0.005457039463058422,-0.0034969146253667205,-0.007532002677548277,-0.010873017160397236,-0.0011232800956433309,0.01600034134644135,0.007787594843711609,0.0041969109430990414,166.29,55.8999,0.9723,1.3688,0
2010-10-05,0.036709582967162646,0.01950341257991095,0.01993190142214374,0.02404843831896164,0.013951119132595835,-0.005457039463058422,-0.0034969146253667205,-0.007532002677548277,169.17,57.75,0.9663,1.3834,0
2010-10-06,0.01570027888933012,0.0062405073148168455,-8.618089374934357e-5,-0.008696586309911325,0.005250806592238977,0.036709582967162646,0.01950341257991095,0.01993190142214374,170.86,58.8,0.9604,1.3924,0
2010-10-07,-0.02986607575417244,-0.010984930049686703,-0.001207313013154021,0.003649639087549339,-0.022861324600874422,0.01570027888933012,0.0062405073148168455,-8.618089374934357e-5,168.82,58.51,0.9667,1.3921,0
2010-10-08,0.03116337323341334,0.009846280365042759,0.005593096368627926,0.006857630746943233,0.019271647958711835,-0.02986607575417244,-0.010984930049686703,-0.001207313013154021,169.6,58.4,0.9609,1.3923,0
2010-10-12,0.005602255548669888,0.002276004320650671,0.004024839515938794,0.007210125367031139,-0.013927801744468393,0.03116337323341334,0.009846280365042759,0.005593096368627926,167.4,58,0.9593,1.3846,0
2010-10-13,0.027967924606081773,0.015863205253088708,0.007747027210159629,0.00814870851065752,0.014204388663670464,0.005602255548669888,0.002276004320650671,0.004024839515938794,169.88,59.12,0.9588,1.3964,0
2010-10-14,0.02313196904379433,0.0050591581756371795,-0.003908578346652369,-0.001981375722516887,-0.004434597067865642,0.027967924606081773,0.015863205253088708,0.007747027210159629,170.535,59.95,0.953,1.4066,0
2010-10-15,-0.011912237801435577,-0.007972325501968136,0.0020411641718576234,0.02099969229827625,-0.014831669670579473,0.02313196904379433,0.0050591581756371795,-0.003908578346652369,169.045,58.74,0.9562,1.3998,0
2010-10-18,0.008230499136515412,0.004478287824695393,0.004915680718045046,-0.003696861881326008,0.02257935646140563,-0.011912237801435577,-0.007972325501968136,0.0020411641718576234,168.93,59.035,0.9558,1.3978,0
2010-10-19,-0.04741815498495594,-0.03154692559644978,-0.013191119319704292,-0.009400774284705982,-0.04683507549887311,0.008230499136515412,0.004478287824695393,0.004915680718045046,165.56,56.67,0.9702,1.3827,0
2010-10-20,0.021259304057902106,0.009256846118007367,0.009718746573906145,0.007254222577473879,0.0276331497740383,-0.04741815498495594,-0.03154692559644978,-0.013191119319704292,167.44,58.54,0.9615,1.3949,0
2010-10-21,-0.031843699230731826,-0.014187898562835422,0.0022033907219505267,0.0019516009316853378,-0.021011562315568444,0.021259304057902106,0.009256846118007367,0.009718746573906145,167.02,58.6,0.9642,1.3973,0
2010-10-22,0.0075716965308938455,0.0020061735123650948,0.001860622999563688,0.006800764577264751,0.018197829451872316,-0.031843699230731826,-0.014187898562835422,0.0022033907219505267,166.87,58.87,0.9792,1.3904,0
2010-10-25,0.014123924067006577,0.008596261393233107,0.0029529656556297468,0.004829527401206235,0.0022516193019588293,0.0075716965308938455,0.0020061735123650948,0.001860622999563688,168.83,60.96,0.9711,1.3986,0
2010-10-26,0.008042371390253766,2.2924387828204829e-4,1.68477803447864e-4,0.002694381922564215,0.003087721751444672,0.014123924067006577,0.008596261393233107,0.0029529656556297468,169.6,62.482,0.9824,1.3873,0
2010-10-27,-0.008892711577546564,-0.010445563485056653,-0.002867990156491196,0.003070430353109277,-0.007313675357121241,0.008042371390253766,2.2924387828204829e-4,1.68477803447864e-4,167.15,61.536,0.9893,1.3788,0
2010-10-28,0.01519657779876038,0.01319239872352096,1.689331873260258e-4,0.002105465415555674,-8.473379973152895e-4,-0.008892711577546564,-0.010445563485056653,-0.002867990156491196,168.52,62.72,0.9834,1.3929,0
2010-10-29,0.03134277178170786,0.01046018784782099,7.598463787434895e-4,-0.002297091362295056,-0.006235847871480793,0.01519657779876038,0.01319239872352096,1.689331873260258e-4,169.48,64.48,0.985,1.3894,0
2010-11-01,-0.0036607728496811376,-0.005292217689378376,3.3752426276034697e-4,7.662835624007158e-4,0.018033737524449922,0.03134277178170786,0.01046018784782099,7.598463787434895e-4,169.98,64.85,0.9935,1.3888,0
2010-11-02,0.009328804218502906,0.0043114926286884625,0.007899200737723433,0.010666767804194954,0.012763769284469983,-0.0036607728496811376,-0.005292217689378376,3.3752426276034697e-4,171.12,64.3,0.9782,1.4026,0
2010-11-03,-0.003153938969618686,-0.006968141502285086,0.004009695456571372,0.004536869785701558,0.012875126492168487,0.009328804218502906,0.0043114926286884625,0.007899200737723433,169.52,64.35,0.9793,1.4014,0
2010-11-04,0.05507279461698733,0.03333642026759165,0.01907493531487603,0.012184985327857945,0.020208150960840943,-0.003153938969618686,-0.006968141502285086,0.004009695456571372,177.536,67.88,0.9629,1.4224,0
2010-11-05,0.022736864267796086,0.0025696574471680833,0.003755413018366127,0,0.004258723498081984,0.05507279461698733,0.03333642026759165,0.01907493531487603,176.125,68.42,0.958,1.4033,0
2010-11-08,0.034975035483036265,0.010213103072543639,-0.0018759436193516166,0.0012568956336624915,-0.0031923410989729284,0.022736864267796086,0.0025696574471680833,0.003755413018366127,176.38,70.52,0.9642,1.3927,0
2010-11-09,-0.034975035483036265,-0.016022583690832093,-0.00721019100668574,-0.005364444351345643,-0.012872261404833996,0.034975035483036265,0.010213103072543639,-0.0018759436193516166,174.645,68.14,0.9646,1.3865,0
2010-11-10,0.02076455769282015,0.012095591516031234,0.004021178123750246,0.004945654647451558,0.02636988593509404,-0.034975035483036265,-0.016022583690832093,-0.00721019100668574,173.55,70.2,0.9739,1.3728,0
2010-11-12,-0.04657244164869301,-0.026207530995217887,-0.015683359015551623,-0.02268866446873785,-0.04214823285660074,0.02076455769282015,0.012095591516031234,0.004021178123750246,167.06,67.99,0.9758,1.37,0
2010-11-15,-0.02294481369925183,-0.009544997498331043,-0.0014153105638534669,-0.0037204908167574047,8.222557678569942e-4,-0.04657244164869301,-0.026207530995217887,-0.015683359015551623,166.12,66.69,0.9837,1.3615,0
2010-11-16,-0.0015748034750666662,-0.011025670944659893,-0.015702073314129095,-0.01667267455295196,-0.029189007610309403,-0.02294481369925183,-0.009544997498331043,-0.0014153105638534669,163.39,63.78,0.9924,1.3517,0
2010-11-17,0.003932368417721044,-0.00449975505564737,5.076571730988633e-4,0.0029112102074586588,-0.02051938622215399,-0.0015748034750666662,-0.011025670944659893,-0.015702073314129095,162.92,65.47,0.9895,1.3555,0
2010-11-18,0.05199948139951838,0.013015103633137848,0.01461105848458466,0.015957274096924046,0.021928829725387455,0.003932368417721044,-0.00449975505564737,5.076571730988633e-4,165.69,69.26,0.9969,1.3618,0
2010-11-19,0.014793169177830467,8.475602880553268e-4,0.0027471401251730754,7.626311141790687e-4,-0.007918593413310138,0.05199948139951838,0.013015103633137848,0.01461105848458466,166.02,70.04,0.9979,1.3654,0
2010-11-22,0.017106877593575653,0.009635726465586636,-8.316700412835942e-4,0.008350779217420001,-0.004838489587460693,0.014793169177830467,8.475602880553268e-4,0.0027471401251730754,165.38,69.11,0.9917,1.3612,0
2010-11-23,-0.013076830006896856,0.006943176199883716,-0.01458289335990326,-0.01600338974123261,-0.0028571448007799205,0.017106877593575653,0.009635726465586636,-8.316700412835942e-4,164.37,68.5,0.9951,1.3388,0
2010-11-24,0.004377971239192036,-0.0017126479483149382,0.014666091496312816,0.019964537993370612,0.0318202265146037,-0.013076830006896856,0.006943176199883716,-0.01458289335990326,165.12,69.45,0.9945,1.335,0
2010-11-26,-0.028056472985312997,-0.008006328075813585,-0.011715615172562366,-0.006610657750601767,-0.0030534374868906866,0.004377971239192036,-0.0017126479483149382,0.014666091496312816,164.04,67.5,1.0016,1.3243,0
2010-11-29,0.012648978170621383,0.002985547079572548,0.003025720916537189,-7.582938751982127e-4,0.02226896146864288,-0.028056472985312997,-0.008006328075813585,-0.011715615172562366,163.96,69.09,1.0012,1.3092,0
2010-11-30,0.03344550192137774,0.014219658918998235,-0.005638559016433398,-0.01230755410596629,-0.020324786436038078,0.012648978170621383,0.002985547079572548,0.003025720916537189,165.64,69.72,0.9985,1.3036,0
2010-12-01,0.014199741606891525,-2.9542097703760817e-4,0.021044617981313074,0.020993409317814127,0.03167932853896405,0.03344550192137774,0.014219658918998235,-0.005638559016433398,168,73.3,0.9997,1.3149,0
2010-12-02,0.0038698377230148573,-0.001330475471597481,0.012727519182319291,0.010101095986503772,0.015206375445264264,0.014199741606891525,-2.9542097703760817e-4,0.021044617981313074,171,76.23,0.9901,1.3228,0
2010-12-03,0.023595820596682415,0.0210056393191973,0.0026889403042247295,0.002602231951712497,0.014195821988192137,0.0038698377230148573,-0.001330475471597481,0.012727519182319291,171.85,76.35,0.9764,1.3367,0
2010-12-06,0.0330552860578921,0.0075041841434178025,-0.0010584165449705196,-4.6418791159830164e-4,-0.0023520199004307685,0.023595820596682415,0.0210056393191973,0.0026889403042247295,171.6,75.61,0.9848,1.3275,0
2010-12-07,-0.05243248945635992,-0.018940372446464515,5.700557994678945e-4,6.498027613188739e-4,-0.011049836186584727,0.0330552860578921,0.0075041841434178025,-0.0010584165449705196,168.29,72.79,0.9828,1.3323,0
2010-12-08,-0.013389757317321394,-0.01260660287483617,0.003656905460857729,0.0037050801925455623,0.004223871116185052,-0.05243248945635992,-0.018940372446464515,5.700557994678945e-4,167.54,72.41,0.9879,1.3242,0
2010-12-09,0.010223956499912479,0.004293758447516893,0.003886015252949626,0.0010164950281530416,-5.270092348590438e-4,-0.013389757317321394,-0.01260660287483617,0.003656905460857729,167.15,73.3,0.9846,1.3206,0
2010-12-10,7.012623008280094e-4,2.8067273005483173e-4,0.0058008541652707635,0.006628027578413409,-0.00740744127786197,0.010223956499912479,0.004293758447516893,0.003886015252949626,167.28,73.14,0.9796,1.3242,0
2010-12-13,0.031058397019972706,0.004730022301505876,6.424670956617362e-4,-0.003584727401385379,0.006088701801503227,7.012623008280094e-4,2.8067273005483173e-4,0.0058008541652707635,168.9,75.31,0.9668,1.3389,0
2010-12-14,-0.0023813584990666214,9.550748255646724e-4,8.827188311411049e-4,0.001748010933156241,2.6388705787150357e-4,0.031058397019972706,0.004730022301505876,6.424670956617362e-4,170.22,75.69,0.961,1.3395,0
2010-12-15,-0.024828861653869883,-0.010927456638501809,-0.004582554146322693,-0.004329609269026591,0.0023718551111535646,-0.0023813584990666214,9.550748255646724e-4,8.827188311411049e-4,168.89,74.56,0.9619,1.3306,0
2010-12-16,0.005918207003992482,-0.006629200099420807,0.005785007295335376,0.007724886676172993,-0.005940219434123151,-0.024828861653869883,-0.010927456638501809,-0.004582554146322693,169.11,73.64,0.966,1.3206,0
2010-12-17,0.008640109045699784,0.0029103412206836765,-0.004174700989231006,-0.0010999084518603652,0.0011908701374303554,0.005918207003992482,-0.006629200099420807,0.005785007295335376,169.5,73.89,0.9707,1.3155,0
2010-12-20,0.00788350269750504,0.006758036934286338,0.0024106078366870065,7.334067068747174e-4,0.006327466404853155,0.008640109045699784,0.0029103412206836765,-0.004174700989231006,170.1,73.9,0.9638,1.3124,0
2010-12-21,-0.003077451565406175,0.0015530824406395638,0.006320273849094171,0.006030169026590926,0.006287681181508464,0.00788350269750504,0.006758036934286338,0.0024106078366870065,171.49,75.1,0.9585,1.3131,0
2010-12-22,-0.002743485945750468,-0.0019972636738829763,0.003105468912910858,-9.10954225181726e-5,0.009099243855113848,-0.003077451565406175,0.0015530824406395638,0.006320273849094171,171.68,74.88,0.9503,1.3089,0
2010-12-23,0.0010296894680159596,-0.0028919971214893536,-0.0014320950812596323,-0.002608847840511075,0.008760684735097612,-0.002743485945750468,-0.0019972636738829763,0.003105468912910858,170.7,74.96,0.962,1.3101,0
2010-12-27,0,0.0026698324965890308,3.9800995550365315e-4,5.11359496861985e-4,-0.006950729489858087,0.0010296894680159596,-0.0028919971214893536,-0.0014320950812596323,172.84,76.72,0.9626,1.3146,0
2010-12-28,0.032734490135191585,0.01616256164902108,0.0014315256142749533,-0.001827485888722613,0.0051533224069055805,0,0.0026698324965890308,3.9800995550365315e-4,175.04,78.38,0.9516,1.3122,0
2010-12-29,0.009910883899453715,0.0035645474762890927,7.149950652163284e-4,0.002192582643416152,-0.0023157092555980974,0.032734490135191585,0.01616256164902108,0.0014315256142749533,175.11,78.98,0.9496,1.3183,0
2010-12-30,-0.0039525743158232984,-0.0049501447809250365,-0.0015895727397259307,-0.0023755150504021216,-0.01819649895486286,0.009910883899453715,0.0035645474762890927,7.149950652163284e-4,173.9,78.41,0.9369,1.3269,0
2011-01-03,0.008871423387419863,0.0070538051990958195,0.010523497836806506,0.011821543506664867,0.024103797499693602,-0.0039525743158232984,-0.0049501447809250365,-0.0015895727397259307,176,79.27,0.9329,1.3371,0
2011-01-04,-0.030894335474857204,-0.023832475368098294,-5.511160238693691e-4,-8.139272436675782e-4,-0.02515366636253047,0.008871423387419863,0.0070538051990958195,0.010523497836806506,174.45,77.48,0.9478,1.3306,0
2011-01-05,-0.015298615561862405,-0.002824020901788238,0.0051842076677388604,0.008558225290882682,0.01148837700676042,-0.030894335474857204,-0.023832475368098294,-5.511160238693691e-4,171.39,77.17,0.9644,1.3171,0
2011-01-06,-0.007220247973487304,-0.004026851079035332,-0.0019605542883471827,0.003224075871752774,-0.022048137221762687,-0.015298615561862405,-0.002824020901788238,0.0051842076677388604,172.16,75.85,0.963,1.3027,0
2011-01-07,-0.011801594800091575,-0.0018697885107927803,-0.001964405613432696,-8.945344544972755e-4,-2.6542800421225365e-4,-0.007220247973487304,-0.004026851079035332,-0.0019605542883471827,172.28,74.62,0.965,1.2944,0
2011-01-10,0.007305650861663793,0.004034372300537825,-0.0012592477659589818,0.003751679255277196,0.01318584505318876,-0.011801594800091575,-0.0018697885107927803,-0.001964405613432696,173.52,74.96,0.9686,1.2945,0
2011-01-11,0.020583917143487174,0.0058729678526976414,0.0035376004818834517,0.0014255169912207322,0.018430112835099877,0.007305650861663793,0.004034372300537825,-0.0012592477659589818,176,77.98,0.9755,1.2978,0
2011-01-12,0.0033898337545115176,0.004068504336031786,0.008984084489353172,0.007008856265788843,0.0028252234022674294,0.020583917143487174,0.0058729678526976414,0.0035376004818834517,179.12,80.74,0.9717,1.3066,0
2011-01-13,-0.03477713180341668,-0.010463529104788982,-0.0016345596167059995,3.535755362573667e-4,-0.008758427961074844,0.0033898337545115176,0.004068504336031786,0.008984084489353172,179.38,80.46,0.9624,1.3364,0
2011-01-14,-0.00844480739949871,-0.010197284133623974,0.007218566680976757,0.007484076314948851,0.0069614822843733215,-0.03477713180341668,-0.010463529104788982,-0.0016345596167059995,180.2428,79.08,0.9657,1.3328,0
2011-01-18,0.01438368948378077,0.00556141520598441,0.0017000235915682893,0.002803085227116142,-0.0048937637911437015,-0.00844480739949871,-0.010197284133623974,0.007218566680976757,181.525,81.02,0.9633,1.3399,0
2011-01-19,-0.00383877630716567,0.002171065797568872,-0.009853825318501208,-0.01143673941991441,-0.00491783054044026,0.01438368948378077,0.00556141520598441,0.0017000235915682893,182.16,81,0.9585,1.3495,0
2011-01-20,-0.043228734550820214,-0.019025185041909864,-0.0013264153624188424,-0.007103563878871455,-0.02549080340034271,-0.00383877630716567,0.002171065797568872,-0.009853825318501208,180.3,80.57,0.9656,1.3443,0
2011-01-21,-0.0014614544069964097,-0.0012965718934943027,0.0022616504083750044,-0.007693033736716259,-0.0015982954920819026,-0.043228734550820214,-0.019025185041909864,-0.0013264153624188424,181.575,81.34,0.959,1.3581,0
2011-01-24,-0.01845070791311665,-0.005126450647132685,0.005670578755761824,0.013734274569507043,-0.015583335229324202,-0.0014614544069964097,-0.0012965718934943027,0.0022616504083750044,180.45,80.85,0.9488,1.3653,0
2011-01-25,-0.004479290804046077,-0.0019964684509012898,5.420683913275326e-4,0.0014604034193403947,-0.01803327556966039,-0.01845070791311665,-0.005126450647132685,0.005670578755761824,177.48,77.71,0.9451,1.3644,0
2011-01-26,0.025121380163867002,0.008114566457988026,0.003863395316868967,0.005248661294018575,0.015864665340534323,-0.004479290804046077,-0.0019964684509012898,5.420683913275326e-4,179.97,81.05,0.9436,1.3688,0
2011-01-27,-0.023999675054666714,-0.024973797285292143,0.0024647628591347726,0.0061398315851350915,-0.025004737279932687,0.025121380163867002,0.008114566457988026,0.003863395316868967,177.16,79.99,0.9464,1.3688,0
2011-01-28,0.038846951235269156,0.018241825716876825,-0.017617156573346726,-0.02568558531272025,0.044621112629906534,-0.023999675054666714,-0.024973797285292143,0.0024647628591347726,178.2499,81.06,0.9429,1.3607,0
2011-01-31,0.003946193461788372,-0.0031520302860332805,0.0074883345242442445,0.004833089153704506,0.027039316290825788,0.038846951235269156,0.018241825716876825,-0.017617156573346726,178.24,80.97,0.9402,1.3715,0
2011-02-01,0.01774354570582304,0.007135488901099052,0.015881915813758418,0.01857638557293484,-0.014084739881738972,0.003946193461788372,-0.0031520302860332805,0.0074883345242442445,181.7,81.97,0.9388,1.3793,0
2011-02-02,-0.006351468070458388,-0.002679427440360982,-0.001914022710428398,-0.0016665939562088283,0.0028852479031953315,0.01774354570582304,0.007135488901099052,0.015881915813758418,182.305,80.98,0.9406,1.3779,0
2011-02-03,0.020669854824298284,0.013325915834848878,0.002219926658974636,0.0017980489440194702,-0.0023600378070889327,-0.006351468070458388,-0.002679427440360982,-0.001914022710428398,182.531,81.81,0.9435,1.3654,0
2011-02-04,0.0038068916022560018,-0.0040930853778560206,0.00282518417975286,0.005549137084813971,-0.01988664237693616,0.020669854824298284,0.013325915834848878,0.002219926658974636,183.24,81.03,0.9557,1.3584,0
2011-02-07,0.008598505255231537,1.518948890293359e-4,0.006232917715855102,0.004781578334358549,-0.018378895702017672,0.0038068916022560018,-0.0040930853778560206,0.00282518417975286,183.12,81.282,0.9569,1.3557,0
2011-02-08,0.03367321510658794,0.011026469243797798,0.004536183782020586,0.0064837054454329746,-5.457026056290282e-4,0.008598505255231537,1.518948890293359e-4,0.006232917715855102,184.76,83.29,0.957,1.3687,0
2011-02-09,-0.004313927380386051,-5.259006169060498e-4,-0.002265519772802982,-0.0016385670519678541,-0.0038282792174837432,0.03367321510658794,0.011026469243797798,0.004536183782020586,184.28,82.347,0.9611,1.3688,0
2011-02-10,-0.0013311150051986687,-0.001654633349828849,3.7794323742534885e-4,0.0015696288722537588,0.001095290361414758,-0.004313927380386051,-5.259006169060498e-4,-0.002265519772802982,181.66,81.48,0.9659,1.3637,0
2011-02-11,-0.009031672030348048,-0.003978547517629494,0.005952622783547135,0.007195572901712133,-0.01350068721890274,-0.0013311150051986687,-0.001654633349828849,3.7794323742534885e-4,179.46,80.82,0.9755,1.352,0
2011-02-14,0.025544596781895468,0.0047309930008356815,0.0024011416954010656,0.0023927545170883135,-0.004726826540362605,-0.009031672030348048,-0.003978547517629494,0.005952622783547135,181.94,82.75,0.9708,1.3474,0
2011-02-15,0.0019633514160255494,0.007642776599865897,-0.0031526823891248057,-0.0013665871617760672,-0.013750742833223306,0.025544596781895468,0.0047309930008356815,0.0024011416954010656,181.96,83.42,0.9677,1.3494,0
2011-02-16,-0.0019633514160255494,9.698959987378686e-4,0.00629545660115749,0.006491703734241128,0.003948115675563635,0.0019633514160255494,0.007642776599865897,-0.0031526823891248057,181.94,83.56,0.9616,1.3547,0
2011-02-17,0.03571233615266678,0.006985240560014816,0.0029839634226123124,-3.567151667249746e-4,0.014806807742235417,-0.0019633514160255494,9.698959987378686e-4,0.00629545660115749,183.5,83.75,0.9508,1.3612,0
2011-02-18,0.024353373408076973,0.0027361821470854863,0.00208348910847711,-0.0022110732708986447,0.00828505153410708,0.03571233615266678,0.006985240560014816,0.0029839634226123124,182.2,84.542,0.9483,1.3673,0
2011-02-22,0.015001046647718397,0.006477755444688427,-0.020274008727573012,-0.029373224365980555,0.05692919798637641,0.024353373408076973,0.0027361821470854863,0.00208348910847711,177.77,79.95,0.9393,1.3661,1
2011-02-23,0.013880729808033898,0.008911673295432188,-0.006163230466148306,-0.008275423580130337,0.03346844499473711,0.015001046647718397,0.006477755444688427,-0.020274008727573012,177.46,77.1,0.932,1.3758,0
2011-02-24,-0.04850551784057133,-0.007518557991484265,-6.871540640682738e-4,0.005202145488368615,-0.02107479293977388,0.013880729808033898,0.008911673295432188,-0.006163230466148306,176.88,77,0.9252,1.3794,0
2011-02-25,0.043096850809171805,0.0066018409381918275,0.010635973545296551,0.01388607963838151,0.01805516306605437,-0.04850551784057133,-0.007518557991484265,-6.871540640682738e-4,179.4,78.58,0.9282,1.3757,0
2011-02-28,0.017028043995873432,0.0020142165365717446,0.006177509474983189,0.002060321872070503,-0.012425670205132189,0.043096850809171805,0.0066018409381918275,0.010635973545296551,179.47,79.44,0.9305,1.3793,0
2011-03-01,0.022841402990775972,0.017062544149553105,-0.01681348302027974,-0.01621026535823855,0.03238641276767007,0.017028043995873432,0.0020142165365717446,0.006177509474983189,182.76,81.08,0.9284,1.3813,0
2011-03-02,-0.0011587486812181247,-8.072957105245138e-4,0.0021362638779631737,0.005264093573727813,0.022231280781431106,0.022841402990775972,0.017062544149553105,-0.01681348302027974,183.82,81.29,0.922,1.3869,0
2011-03-03,-0.01254209236443904,-0.013143743159901078,0.017077640368435176,0.01949717322259925,-0.005086604160998043,-0.0011587486812181247,-8.072957105245138e-4,0.0021362638779631737,181.22,80.8,0.9306,1.3947,0
2011-03-04,0.03772945705876385,0.009083107430696735,-0.0075205287898896245,-0.005119061358228372,0.02754335293318899,-0.01254209236443904,-0.013143743159901078,0.017077640368435176,183,80.75,0.9263,1.3983,0
2011-03-07,0.01486911950635239,0.0026588231565476406,-0.007881814202253423,-0.013503450739773548,9.445101056355654e-4,0.03772945705876385,0.009083107430696735,-0.0075205287898896245,180.92,78.45,0.9256,1.3976,0
2011-03-08,-0.0011145166938004714,-0.0025870639803118323,0.008711846319328309,0.004013616765693229,-0.0014170999064915257,0.01486911950635239,0.0026588231565476406,-0.007881814202253423,179.2,78.61,0.9346,1.3912,0
2011-03-09,0.0019495898112218413,3.5871866080405823e-4,-0.0014341248636799975,-0.006815229524470112,-0.006164078313019239,-0.0011145166938004714,-0.0025870639803118323,0.008711846319328309,179.14,77.56,0.9298,1.3906,0
2011-03-10,-0.025646044146017566,-0.011833603708488738,-0.018679306497180193,-0.015728874234711476,-0.015578505587688252,0.0019495898112218413,3.5871866080405823e-4,-0.0014341248636799975,174.86,75.86,0.932,1.3823,0
2011-03-11,0.019505918798902844,0.003260990606740677,0.006902397217798395,0.006215060403434336,-0.017298518817670416,-0.025646044146017566,-0.011833603708488738,-0.018679306497180193,176.44,75.26,0.9276,1.3864,0
2011-03-14,-8.402185062292844e-4,0.004619612661878492,-0.00605621077552243,-0.0035467318612356635,0.005392169927708856,0.019505918798902844,0.003260990606740677,0.006902397217798395,174.5,74,0.9253,1.3975,0
2011-03-15,-0.040600201615551335,-0.01882801956339808,-0.011523270465404245,-0.014314075138124771,-0.037862554958492556,-8.402185062292844e-4,0.004619612661878492,-0.00605621077552243,168.88,69.8,0.9187,1.3968,0
2011-03-16,-0.007909811270355949,-2.2017540729635243e-4,-0.018686262486593108,-0.02444485089081061,0.007310103503388454,-0.040600201615551335,-0.01882801956339808,-0.011523270465404245,168.1601,69.39,0.912,1.3922,1
2011-03-17,0.004987541511038973,0.005343887392297297,0.013148242794532194,0.009191241175547926,0.025211889927780007,-0.007909811270355949,-2.2017540729635243e-4,-0.018686262486593108,168.83,70.39,0.8998,1.4021,0
2011-03-18,0.023142484948083908,0.010169332934562902,-7.041978304389573e-4,-0.003666365243577996,0.006806121144796506,0.004987541511038973,0.005343887392297297,0.013148242794532194,171.06,72.38,0.9025,1.4141,0
2011-03-21,0.027916658528134963,0.005549363814202124,0.01537894387815264,0.019100171373418906,0.0038976906835532787,0.023142484948083908,0.010169332934562902,-7.041978304389573e-4,173.34,74.14,0.9057,1.4184,0
2011-03-22,0.007480295303566198,-6.470398155213886e-4,-0.003474504518448107,-0.0018936837797518535,0.019263778940338483,0.027916658528134963,0.005549363814202124,0.01537894387815264,172.75,73.291,0.9041,1.4212,0
2011-03-23,0.025614479402175316,0.009234469144169033,0.0028576964803876947,0.005670327060087743,0.004283680991164829,0.007480295303566198,-6.470398155213886e-4,-0.003474504518448107,174.58,74.49,0.9064,1.4124,0
2011-03-24,-0.008646365673815382,-0.008012634083621961,0.009518033169005236,0.01761454670098228,-0.0014258557548791906,0.025614479402175316,0.009234469144169033,0.0028576964803876947,173.88,74.83,0.9061,1.42,0
2011-03-25,0.006491772866153767,2.8727377388015896e-4,0.003051108392896573,0.0024660924951929175,0.0030867886316716664,-0.008646365673815382,-0.008012634083621961,0.009518033169005236,173.48,74.64,0.9143,1.4144,0
2011-03-28,-0.005135840455017693,-0.005183596919941635,-0.0024401415188437525,-0.005468832541700053,-0.018182319083190457,0.006491772866153767,2.8727377388015896e-4,0.003051108392896573,173.22,74.16,0.9169,1.4104,0
2011-03-29,0,-0.0023848249785238806,0.006696113895246825,0.009682321921435921,0.009849929486668962,-0.005135840455017693,-0.005183596919941635,-0.0024401415188437525,172.81,74.89,0.9205,1.409,0
2011-03-30,0.009171901362384549,0.00332274214983741,0.006877554222656457,0.004719050966744298,-0.004072349621281113,0,-0.0023848249785238806,0.006696113895246825,175.82,74.67,0.9213,1.4095,0
2011-03-31,0.007224111684929646,0.008544912509948155,-0.0013566477811828292,0.001393971300825747,0.02231281744249891,0.009171901362384549,0.00332274214983741,0.006877554222656457,175.76,76.03,0.9157,1.4183,0
2011-04-01,0.0015982954920819026,-0.004730174375401575,0.004214652133313734,5.22238674937725e-4,0.013291556292061024,0.007224111684929646,0.008544912509948155,-0.0013566477811828292,175.38,76.76,0.9243,1.4215,0
2011-04-04,0.02028787803162091,0.004587164006905731,8.257948744496701e-4,-0.0033121271453770973,0.0020826109575264873,0.0015982954920819026,-0.004730174375401575,0.004214652133313734,177.59,78.09,0.9224,1.4221,0
2011-04-05,0.01886117144948063,0.0156801963929718,-1.500938089122883e-4,-0.0026226083744376183,-0.003705423415210518,0.02028787803162091,0.004587164006905731,8.257948744496701e-4,177.91,78.42,0.9242,1.423,0
2011-04-06,0.007903164144000385,0.002320431375530063,0.003147248757445098,0.002447981638640684,0.006244960737572747,0.01886117144948063,0.0156801963929718,-1.500938089122883e-4,178.3,78.36,0.9172,1.4333,0
2011-04-07,0.0027894020875782743,9.126330093938151e-4,-0.0025470086433854178,-6.988120480047044e-4,0.014194377513353729,0.007903164144000385,0.002320431375530063,0.003147248757445098,177.48,77.32,0.9178,1.4287,0
2011-04-08,0.028459234701077474,0.008037223961534501,-0.003456311202443274,-0.004729797728773022,0.026027944502366118,0.0027894020875782743,9.126330093938151e-4,-0.0025470086433854178,179.78,79.2,0.9105,1.4437,0
2011-04-11,-0.01687803778735164,-0.007125423091770777,-0.003015229180261869,-0.003341837601349873,-0.0340161188981245,0.028459234701077474,0.008037223961534501,-0.003456311202443274,177.06,77.24,0.9067,1.4454,0
2011-04-12,-0.002004510819020311,-0.0072471733199170885,-0.007502024348320369,-0.006894750198357613,-0.031187074912637947,-0.01687803778735164,-0.007125423091770777,-0.003015229180261869,175.7,75.52,0.898,1.4455,0
2011-04-13,0.011719371132802525,0.002045783931029277,-7.606587308295332e-5,0.008479118103061012,0.010582109330536937,-0.002004510819020311,-0.0072471733199170885,-0.007502024348320369,176.04,76.2,0.8939,1.4477,0
2011-04-14,0.03722604750498615,0.013370399732291816,7.603984854265278e-4,-0.001760563835032869,0.012321439155456915,0.011719371132802525,0.002045783931029277,-7.606587308295332e-5,178.2,76.9,0.8924,1.4464,0
2011-04-15,0.018926517168856627,0.008585526669124377,0.0036418856641358133,-0.0017636688874969053,0.009886274336997403,0.03722604750498615,0.013370399732291816,7.603984854265278e-4,177.56,76.23,0.8935,1.4443,0
2011-04-18,0.013269895571098811,0.006048544112241316,-0.011272015769195676,-0.007085946389485898,-0.0191713921126766,0.018926517168856627,0.008585526669124377,0.0036418856641358133,177.05,73,0.8986,1.4211,0
2011-04-19,0.014236750218734606,0,0.00572804865511678,0.006202944124607868,0.0016311316677177778,0.013269895571098811,0.006048544112241316,-0.011272015769195676,175.78,72.83,0.899,1.4319,0
2011-04-20,0.025437499863338875,0.003898373777468045,0.01353978553015267,0.022276527197260698,0.029140526999035465,0.014236750218734606,0,0.00572804865511678,178.9435,75.36,0.8914,1.4513,0
2011-04-21,0.03172091397660948,0.0016368848287262594,0.00509593428919608,0.008002452033177399,0.007883811529164397,0.025437499863338875,0.003898373777468045,0.01353978553015267,180.4,76.39,0.8821,1.4585,0
2011-04-25,0.006225199882644361,8.855284799222929e-4,-0.001047042201706816,0.0025678350153590657,-8.978676248534434e-4,0.03172091397660948,0.0016368848287262594,0.00509593428919608,181.09,75.68,0.8806,1.4576,0
2011-04-26,-0.03994856196412622,-0.0033418615926894546,0.008568394261622814,0.00562613367091469,-0.0011234693912842708,0.006225199882644361,8.855284799222929e-4,-0.001047042201706816,178.7676,74.78,0.8803,1.4625,0
2011-04-27,0.06488645614682209,0.019081707596579456,0.006507454747039176,0.006777389547596435,0.012067185536259739,-0.03994856196412622,-0.0033418615926894546,0.008568394261622814,181.42,76.28,0.8807,1.4659,0
2011-04-28,0.0060347701615239835,0.004146885750076379,0.003237915846765027,-0.0015209128407072114,-0.004229277311238455,0.06488645614682209,0.019081707596579456,0.006507454747039176,182.94,77.08,0.8736,1.4785,0
2011-04-29,-0.009170551972208063,0.01687719996152648,0.0023482802308008033,-8.459521695591832e-4,0.007112721695646584,0.0060347701615239835,0.004146885750076379,0.003237915846765027,185.87,78.95,0.8666,1.4821,0
2011-05-02,-0.09021430811947662,-0.012920281191290961,-0.001540436761611197,-0.0018636176507662583,-0.004884556780925919,-0.009170551972208063,0.01687719996152648,0.0023482802308008033,184.5,76.71,0.864,1.487,0
2011-05-03,-0.053418180491549894,-0.0035565183644861165,-0.003603607503298356,-0.004759485442169975,-0.01909955823740983,-0.09021430811947662,-0.012920281191290961,-0.001540436761611197,183.94,76.89,0.8609,1.4875,0
2011-05-04,-0.05771310418762532,-0.01444869059197007,-0.006652892663890242,-0.0015346579872757005,-0.018777744319746326,-0.053418180491549894,-0.0035565183644861165,-0.003603607503298356,180.868,74.18,0.8582,1.4859,0
2011-05-05,-0.12678631190634215,-0.029260329223218307,-0.009089617045180631,-0.005475715255963465,-0.09549512524594661,-0.05771310418762532,-0.01444869059197007,-0.006652892663890242,174.4,70.16,0.8698,1.4583,0
2011-05-06,0.02099890189838316,0.012674616465939259,0.004406115936778754,0.0032548208605751583,-0.011510550414834064,-0.12678631190634215,-0.029260329223218307,-0.009089617045180631,176.66,70.93,0.8732,1.4495,0
2011-05-09,0.07193000941729766,0.014213714762616014,0.0038673259564347973,0.003755552382664007,0.050173552712053926,0.02099890189838316,0.012674616465939259,0.004406115936778754,178.1,72.52,0.8753,1.4301,0
2011-05-10,0.013419488317073291,0.0035220843779004696,0.00849999574221627,0.008483254132390705,0.005125087484171509,0.07193000941729766,0.014213714762616014,0.0038673259564347973,178.68,72.72,0.8805,1.4358,0
2011-05-11,-0.0864887744169831,-0.00923794098493591,-0.010580543379327345,-0.007376352916729445,-0.043025410196944947,0.013419488317073291,0.0035220843779004696,0.00849999574221627,176.02,71.44,0.8846,1.4269,0
2011-05-12,-0.03332192978904347,3.411455701218813e-4,0.004749192660462143,0.0060238590503738365,-0.0017804913771470865,-0.0864887744169831,-0.00923794098493591,-0.010580543379327345,175.56,70.5,0.8842,1.4229,0
2011-05-13,0.03332192978904347,-0.006570415807450658,-0.007728932648257469,-0.011913006784060265,0.0040650462481695016,-0.03332192978904347,3.411455701218813e-4,0.004749192660462143,174.8789,70.47,0.8907,1.4141,0
2011-05-16,-0.04696794397384929,-0.0017869420562552918,-0.006361582656170484,-0.017460226481242458,-0.02386258190761703,0.03332192978904347,-0.006570415807450658,-0.007728932648257469,174.93,70.78,0.8818,1.4219,0
2011-05-17,0.008328424106482046,-0.004343187000252158,-1.5017269888595308e-4,0.0028010004481915374,0.0010381521825206796,-0.04696794397384929,-0.0017869420562552918,-0.006361582656170484,175.2,71.56,0.8848,1.4155,0
2011-05-18,0.03292358547092622,0.005924106324603606,0.008896257230039062,0.008304545996820067,0.024344571897737755,0.008328424106482046,-0.004343187000252158,-1.5017269888595308e-4,175.57,72.91,0.8792,1.427,0
2011-05-19,8.594757727187208e-4,3.433476428584825e-4,0.002378829548780992,0.002924733267657409,-0.010945762840096851,0.03292358547092622,0.005924106324603606,0.008896257230039062,175.33,72.34,0.884,1.4254,0
2011-05-20,-0.0017196908795265031,0.01255389346596747,-0.007976485692070767,-0.007674105348661975,0.010185980607776646,8.594757727187208e-4,3.433476428584825e-4,0.002378829548780992,176.02,73.09,0.8776,1.4172,0
2011-05-23,0.002006018726865566,0.002302588041587228,-0.011668743834377437,-0.01473628271333105,-0.025662172910552172,-0.0017196908795265031,0.01255389346596747,-0.007976485692070767,174.114,72.5,0.8831,1.4015,0
2011-05-24,0.043418106387389965,0.00512787035525708,-8.333018170922912e-4,-0.006167963866587023,0.020836766722061473,0.002006018726865566,0.002302588041587228,-0.011668743834377437,175.1,73.36,0.88,1.4107,0
2011-05-25,0.03130314951104829,-6.730154459511084e-5,0.0033290490002322315,0.0038814445342767456,0.01641243758886457,0.043418106387389965,0.00512787035525708,-8.333018170922912e-4,176.65,74.37,0.872,1.4102,0
2011-05-26,-0.01068386230831253,-0.0024258772004479567,0.004597016272188448,0.006170393881292036,-0.008298802814695083,0.03130314951104829,-6.730154459511084e-5,0.0033290490002322315,175.86,75.07,0.8666,1.4088,0
2011-05-27,0.01333708753153795,0.00993563490237026,0.003827253180249457,0.005036167105572531,0.002773926882725597,-0.01068386230831253,-0.0024258772004479567,0.004597016272188448,178.58,75.35,0.852,1.4287,0
2011-05-31,0.015812320542457847,-4.008819456373658e-4,0.010357381811706645,0.0160639087783796,0.019698928969333007,0.01333708753153795,0.00993563490237026,0.003827253180249457,181.66,76.96,0.8525,1.4376,0
2011-06-01,-0.05031709123234496,0.0018027045442776668,-0.022717174394101924,-0.022001753678416947,-0.024495101232826055,0.015812320542457847,-4.008819456373658e-4,0.010357381811706645,180.45,76.9,0.8401,1.4431,1
2011-06-02,-0.012696830794407088,-0.00273872119348173,-0.0010622155778721165,0.0020997383042695716,0.004040409537005019,-0.05031709123234496,0.0018027045442776668,-0.022717174394101924,180.14,76.58,0.8438,1.4426,0
2011-06-03,8.329863038918361e-4,0.004804493427124079,-0.00999436127667952,-0.015146467794652452,-5.041593250223464e-4,-0.012696830794407088,-0.00273872119348173,-0.0010622155778721165,179.85,77.8,0.8352,1.4604,0
2011-06-06,0.011315147631755895,0.0017292987349089017,-0.010637578148102733,-0.008196767204178279,-0.016781476962003605,8.329863038918361e-4,0.004804493427124079,-0.00999436127667952,179.6,78.18,0.836,1.462,0
2011-06-07,0.011188546243587894,-3.9880359451771596e-4,-6.201550586348858e-4,-0.0017908314241701362,0.0012812301560485295,0.011315147631755895,0.0017292987349089017,-0.010637578148102733,181.71,80.275,0.8388,1.4675,0
2011-06-08,-0.002989538848365836,-0.0040635568689664225,-0.004196136392416783,-0.007195569812424196,0.02027952895052909,0.011188546243587894,-3.9880359451771596e-4,-6.201550586348858e-4,180.9292,79.93,0.8369,1.4587,0
2011-06-09,0.018339241058964006,0.004993851307779629,0.007602239700898572,0.0017136419075143294,0.007250938131968088,-0.002989538848365836,-0.0040635568689664225,-0.004196136392416783,182.66,81.115,0.8412,1.4534,0
2011-06-10,-0.0397981112425243,-0.008805927484112352,-0.014008011156111166,-0.015346498689992494,-0.027018434301212757,0.018339241058964006,0.004993851307779629,0.007602239700898572,181.12,80.67,0.8419,1.4365,0
2011-06-13,-0.04086834338819223,-0.009898737437414873,7.833921278042055e-4,0,-0.020949945054872465,-0.0397981112425243,-0.008805927484112352,-0.014008011156111166,178.51,78.93,0.8369,1.4368,0
2011-06-14,0.02432513700216221,0.006072073709717074,0.0126061898187384,0.01272975909624563,0.021717502979213155,-0.04086834338819223,-0.009898737437414873,7.833921278042055e-4,178.08,78.74,0.8444,1.4473,0
2011-06-15,0.005638582742974574,0.0030222663120209603,-0.01794539848240273,-0.0191559264414205,-0.03965047300600055,0.02432513700216221,0.006072073709717074,0.0126061898187384,176.12,76.72,0.8508,1.4221,0
2011-06-16,-0.007619622021112882,-0.0010064075457787425,0.0022019511885318366,-0.003875616182650976,-0.004266673139375676,0.005638582742974574,0.0030222663120209603,-0.01794539848240273,174.1341,74.98,0.8507,1.4155,0
2011-06-17,0.009024313922264326,0.00649027068341379,-0.001965795797187475,-0.0053768554495574605,-0.021337744055220487,-0.007619622021112882,-0.0010064075457787425,0.0022019511885318366,174.31,74.1,0.8462,1.4326,0
2011-06-20,0.004761246916419104,6.000600240065879e-4,0.005103053272319968,0.005191927108762151,0.0024539889615664556,0.009024313922264326,0.00649027068341379,-0.001965795797187475,171.69,74.07,0.8416,1.432,0
2011-06-21,0.011390594053791059,0.0048538943000124846,0.01361094315905298,0.02122678051918303,0.0019045033643934062,0.004761246916419104,6.000600240065879e-4,0.005103053272319968,173.34,76.12,0.8433,1.4399,0
2011-06-22,0,0.0015244410574437595,-0.006043719000647485,-0.007250556472681247,0.008390900496706433,0.011390594053791059,0.0048538943000124846,0.01361094315905298,173.33,75.72,0.8356,1.4403,0
2011-06-23,-0.03228350535112634,-0.01771341444074448,-0.002879715575308417,0.009240246918365003,-0.029820291952605604,0,0.0015244410574437595,-0.006043719000647485,168.8932,74.17,0.8379,1.4166,0
2011-06-24,-0.02923930977542577,-0.014114335172829229,-0.011681368374782508,-0.017499535154455348,-0.005569493650442681,-0.03228350535112634,-0.01771341444074448,-0.002879715575308417,167.1,72.53,0.8373,1.4189,0
2011-06-27,-0.022880213674787875,-0.003630265297199564,0.008871500775183172,0.015781399360813797,-0.004758581407732443,-0.02923930977542577,-0.014114335172829229,-0.011681368374782508,166.12,72.18,0.8367,1.4282,0
2011-06-28,0.01046503795008391,0.00349351316023494,0.012968537413292403,0.014823071570442714,0.021649471696853162,-0.022880213674787875,-0.003630265297199564,0.008871500775183172,167.94,73.21,0.8298,1.4368,0
2011-06-29,0.030176597655442894,0.006407219792612828,0.008527689676409267,0.004093625010063384,0.021996813585163366,0.01046503795008391,0.00349351316023494,0.012968537413292403,171.45,74.65,0.8349,1.4428,0
2011-06-30,-0.003758859420685212,-0.008042856498504669,0.009516992917045108,0.0132335411624398,2.685645242408441e-4,0.030176597655442894,0.006407219792612828,0.008527689676409267,171.13,75.5,0.8413,1.4523,0
2011-07-01,-0.025228677452567183,-0.0073626037655234455,0.014667982712427197,0.014962004929613748,-0.0024196812450978378,-0.003758859420685212,-0.008042856498504669,0.009516992917045108,170.43,75.1,0.8479,1.4508,0
2011-07-05,0.0484222726083936,0.01845827631157171,-8.217234242673399e-4,0.004995273499694086,0.0215692025779588,-0.025228677452567183,-0.0073626037655234455,0.014667982712427197,172.4,76.86,0.8452,1.447,0
2011-07-06,0.012656616709519675,0.00863295305611711,0.0011950109719967017,0.003259287558053714,-0.0018457487112177873,0.0484222726083936,0.01845827631157171,-8.217234242673399e-4,170.86,75.86,0.8393,1.4329,0
2011-07-07,0.012222374374693867,0.0016104143586437303,0.01032200156901908,0.013607966407187533,0.018824085245635835,0.012656616709519675,0.00863295305611711,0.0011950109719967017,173.07,77.99,0.844,1.4349,0
2011-07-08,0.006330005999400257,0.007348062454559212,-0.0071174677688645716,-0.0027068194500357023,-0.0212022076506031,0.012222374374693867,0.0016104143586437303,0.01032200156901908,172.079,77.05,0.8376,1.4251,0
2011-07-11,-0.023314961164980996,0.00887893455661004,-0.018245804060311066,-0.018292671800116622,-0.01358390843481283,0.006330005999400257,0.007348062454559212,-0.0071174677688645716,171.17,76.14,0.8351,1.4034,0
2011-07-12,0.008667746144312538,0.007754014405704446,-0.004328517978227531,-0.0076204040396898876,0.01701716151007826,-0.023314961164980996,0.00887893455661004,-0.018245804060311066,172.03,75.86,0.8335,1.4014,0
2011-07-13,0.05602872376553547,0.008927757972215566,0.003342960110651383,0.0041637811717789575,0.011012172112457641,0.008667746144312538,0.007754014405704446,-0.004328517978227531,174.12,77.35,0.8213,1.4167,0
2011-07-14,0.004988851098067126,0.002591682155591357,-0.006926236921500184,-0.011667524608402147,-0.021081149603121574,0.05602872376553547,0.008927757972215566,0.003342960110651383,175.44,76.928,0.8167,1.4182,0
2011-07-15,0.02150620522096336,0.004261645243680334,0.005787846482466996,0.013224483663517361,0.015327995659328852,0.004988851098067126,0.002591682155591357,-0.006926236921500184,174.49,77.65,0.8158,1.4156,0
2011-07-18,0.031043502272918744,0.008788586574312696,-0.008234892132699123,-0.005373095516283399,-0.014263316293385842,0.02150620522096336,0.004261645243680334,0.005787846482466996,175.94,78.87,0.8177,1.4042,0
2011-07-19,-0.036956875976978054,-0.012274035142541884,0.01610120604868115,0.02251147558288391,0.017405502696458353,0.031043502272918744,0.008788586574312696,-0.008234892132699123,175.54,78.15,0.8166,1.4156,0
2011-07-20,0.027970295279132085,0.008755044979277926,-6.029090543622218e-4,-0.004257137123318877,0.003913899321136061,-0.036956875976978054,-0.012274035142541884,0.01610120604868115,175.9,78.91,0.8204,1.4188,0
2011-07-21,-0.020520036026658417,-0.007656463331422003,0.013775766251709065,0.00663324143201649,0.008298802814695083,0.027970295279132085,0.008755044979277926,-6.029090543622218e-4,177.1,79.77,0.8172,1.4372,0
2011-07-22,0.01951652364941836,0.008297201483668637,6.689709247149622e-4,0.010287636056320437,0.005408899213988239,-0.020520036026658417,-0.007656463331422003,0.013775766251709065,177.71,80.02,0.8166,1.4366,0
2011-07-25,0.006754247065563934,0.0077841265886826605,-0.005588479951889269,-0.0020154524793500883,-0.006442491037270681,0.01951652364941836,0.008297201483668637,6.689709247149622e-4,177.5,79.94,0.8062,1.4357,0
2011-07-26,0.014602412666588016,0.0027292073682660956,-0.0037430796809161393,0.0024348276165513383,0.003355274795721286,0.006754247065563934,0.0077841265886826605,-0.005588479951889269,178.974,83.02,0.8027,1.4495,0
2011-07-27,-0.017598669589822702,-0.0036830115292163512,-0.02068804128503654,-0.02608141720406376,-0.021881571137103872,0.014602412666588016,0.0027292073682660956,-0.0037430796809161393,178.55,82.28,0.8023,1.4373,0
2011-07-28,-0.011063728645063886,8.266828234626544e-4,-0.0029138890336142254,0.0017199866641366413,-0.001581444715467839,-0.017598669589822702,-0.0036830115292163512,-0.02068804128503654,177.23,81.94,0.8041,1.4303,0
2011-07-29,0.0017683470567417814,0.006146846134037709,-0.006858050381563174,-0.0032705081221591215,-0.0130096086822995,-0.011063728645063886,8.266828234626544e-4,-0.0029138890336142254,176.02,81.91,0.7881,1.4388,0
2011-08-01,-0.013979132203425504,-0.0036074846882199196,-0.004261755317116034,-0.004666041473576854,-0.005896559566842541,0.0017683470567417814,0.006146846134037709,-0.006858050381563174,177.93,82.2,0.7813,1.4202,1
2011-08-02,0.03841315754070784,0.02380766499515552,-0.025879447987820825,-0.025615435627655003,-0.021739986636406083,-0.013979132203425504,-0.0036074846882199196,-0.004261755317116034,178.01,81.82,0.7712,1.4232,0
2011-08-03,0.01902960570971013,-1.8575276360621729e-4,0.005404129817433656,0.00955083312384808,-0.014946306465708492,0.03841315754070784,0.02380766499515552,-0.025879447987820825,176.42,78.66,0.766,1.432,0
2011-08-04,-0.07656479292493357,-0.005277384737611968,-0.047974138328227056,-0.04758511689922784,-0.06135341492899382,0.01902960570971013,-1.8575276360621729e-4,0.005404129817433656,170.5,73.86,0.7674,1.4158,1
2011-08-05,-0.005756164506694805,0.006886096877646075,-0.001497878286216725,-0.006296317096941451,0.006619800756712646,-0.07656479292493357,-0.005277384737611968,-0.047974138328227056,170.04,73.63,0.76,1.4158,1
2011-08-08,0.016395943093081122,0.032654200125127986,-0.06734057781115244,-0.062077004269021074,-0.07458389823552203,-0.005756164506694805,0.006886096877646075,-0.001497878286216725,170.54,71.38,0.7553,1.4241,1
2011-08-09,-0.043525266477350666,0.00888222228375124,0.04545049681636559,0.047103862845193856,0.003484876012142646,0.016395943093081122,0.032654200125127986,-0.06734057781115244,173.86,72.72,0.7313,1.4242,1
2011-08-10,0.05405303093531266,0.034794733517314214,-0.04518329574597235,-0.04178103115506504,0.0050473293272439435,-0.043525266477350666,0.00888222228375124,0.04545049681636559,175.41,72.29,0.7296,1.4193,1
2011-08-11,-0.014925650216675468,-0.022182590856304252,0.0439056668510851,0.0431001682539196,0.04672023587782803,0.05405303093531266,0.034794733517314214,-0.04518329574597235,176.84,73.4599,0.7559,1.423,1
2011-08-12,0.008519478404263925,-0.0045785475616391125,0.006710579440190045,0.008812281644975606,-0.0021043146198951312,-0.014925650216675468,-0.022182590856304252,0.0439056668510851,178.2,73.98,0.7711,1.4239,0
2011-08-15,0.013786279110034272,0.01070905866089511,0.020944051147118614,0.01463937939007387,0.029357186097544563,0.008519478404263925,-0.0045785475616391125,0.006710579440190045,179.12,74.29,0.7802,1.4452,0
2011-08-16,0.008835094704402469,0.012264413822744125,-0.008575882042124228,-0.008498111367991612,-0.011462285671430372,0.013786279110034272,0.01070905866089511,0.020944051147118614,180.2,74.99,0.7926,1.4421,0
2011-08-17,0.008259338654897697,0.0028707604259397,6.687286047082353e-4,-0.005954613798488495,0.00530661622648676,0.008835094704402469,0.012264413822744125,-0.008575882042124228,181.885,76.9,0.7891,1.4436,0
2011-08-18,0.008933061885475269,0.018743094268868887,-0.044075799160176565,-0.050331104447729036,-0.06970720225245675,0.008259338654897697,0.0028707604259397,6.687286047082353e-4,182.78,74.78,0.7904,1.432,1
2011-08-19,0.04869605095116114,0.012469756457331727,-0.016465263015516207,-0.018221934168619836,0.012531492311913972,0.008933061885475269,0.018743094268868887,-0.044075799160176565,185.7,73.78,0.7856,1.4408,1
2011-08-22,0.02279698632263738,0.025458114895468675,7.986866467080134e-4,0.003591384546500098,0.018507622655985045,0.04869605095116114,0.012469756457331727,-0.016465263015516207,189.11,75.68,0.7877,1.4384,0
2011-08-23,-0.04708967889168214,-0.03820925237269357,0.032380539820982435,0.040399678709407194,0.02116801143270175,0.02279698632263738,0.025458114895468675,7.986866467080134e-4,184.66,75.46,0.7891,1.4431,1
2011-08-24,-0.045624976158982644,-0.03449368064896241,0.013986241974739855,0.007811795465173077,-0.010225653011757263,-0.04708967889168214,-0.03820925237269357,0.032380539820982435,180.22,74.31,0.795,1.4402,0
2011-08-25,0.029585750179355053,0.004151096348785188,-0.015361285161486826,-0.016456552019579185,-0.003330813071850791,-0.045624976158982644,-0.03449368064896241,0.013986241974739855,180.4,74.04,0.7959,1.438,1
2011-08-26,0.010236501767060258,0.02921626779883546,0.01442927916307557,0.02477260826123695,0.005444659548231812,0.029585750179355053,0.004151096348785188,-0.015361285161486826,181.33,75.3,0.8055,1.4463,1
2011-08-29,-0.01711951812490531,-0.020378665152495756,0.028330980186526133,0.027475275701210222,0.02414064481127509,0.010236501767060258,0.02921626779883546,0.01442927916307557,180.94,74.68,0.8188,1.451,1
2011-08-30,0.01687700569495476,0.029521393672689022,0.0026333129107607434,0.0065705657085066704,0.014035318116383255,-0.01711951812490531,-0.020378665152495756,0.028330980186526133,183.98,76.84,0.8173,1.4435,1
2011-08-31,4.84966061881309e-4,-0.007735030998958337,0.004428051515732001,0.0016359178418925424,0.0020304575503820033,0.01687700569495476,0.029521393672689022,0.0026333129107607434,182.75,77.43,0.8038,1.4406,0
2011-09-01,0.002179441472932364,8.436683196784145e-4,-0.010528144621702928,-0.009122486179254707,-0.0011597565811380939,4.84966061881309e-4,-0.007735030998958337,0.004428051515732001,183.4,77.91,0.7951,1.4283,0
2011-09-02,0.038904336960742025,0.029732907924132412,-0.02588192546292678,-0.02373998730307303,-0.024373545424026588,0.002179441472932364,8.436683196784145e-4,-0.010528144621702928,186.36,77.14,0.7862,1.4203,1
2011-09-06,-0.025926505212028328,-0.0018462989146987852,-0.007324168322630165,1.8767007655728918e-4,-0.0014874314805459754,0.038904336960742025,0.029732907924132412,-0.02588192546292678,183.81,74.36,0.8593,1.3999,0
2011-09-07,-0.012252405529015853,-0.032337947532879774,0.027817032946471087,0.02501751895384352,0.03222305735745712,-0.025926505212028328,-0.0018462989146987852,-0.007324168322630165,180.38,74.512,0.8599,1.4058,0
2011-09-08,0.015827668543705098,0.026360577867241552,-0.010445922921199724,-0.004585901827665051,-0.006652229881874749,-0.012252405529015853,-0.032337947532879774,0.027817032946471087,184.29,74.91,0.8714,1.3947,0
2011-09-09,-0.015585976699628024,-0.006123988132999081,-0.026559273072354728,-0.022497927619995917,-0.017860231741499533,0.015827668543705098,0.026360577867241552,-0.010445922921199724,181.33,73.01,0.884,1.3666,1
2011-09-12,-0.03441834324514348,-0.022554611973593985,0.006449138823339418,0.012705701568579197,0.016698791425109327,-0.015585976699628024,-0.006123988132999081,-0.026559273072354728,179.15,69.96,0.8834,1.3635,0
2011-09-13,0.017603032941344576,0.010529080126627122,0.009129366764349278,0.013279427896739637,0.01241534642313935,-0.03441834324514348,-0.022554611973593985,0.006449138823339418,179.75,71.79,0.8795,1.368,0
2011-09-14,-0.006657650038123464,-0.007477195763962108,0.013749109506831836,0.014189796029222101,-0.014742281737203378,0.017603032941344576,0.010529080126627122,0.009129366764349278,179.58,71.15,0.8772,1.371,1
2011-09-15,-0.020495593715040172,-0.015983958512374663,0.017110051958780126,0.014703510366683048,0.00754282659434935,-0.006657650038123464,-0.007477195763962108,0.013749109506831836,177.13,71.91,0.8705,1.3858,0
2011-09-16,0.01478909020067487,0.009302923583001999,7.408932217902731e-4,0.00727146947833468,-0.013383964697384343,-0.020495593715040172,-0.015983958512374663,0.017110051958780126,179.06,72.22,0.8753,1.3783,0
2011-09-19,-0.01782399389582867,-0.015572536596597075,-0.010007113242084031,3.5335689413606985e-4,-0.025212665779360766,0.01478909020067487,0.009302923583001999,7.408932217902731e-4,175.94,70.71,0.8839,1.3636,0
2011-09-20,0.003034903695153801,0.014151314675214799,-0.0011643381222254945,-0.0044259610180885645,0.004196648845073536,-0.01782399389582867,-0.015572536596597075,-0.010007113242084031,176.18,70.76,0.8879,1.3697,0
2011-09-21,-0.007222992816955376,-0.012537016256040978,-0.029900876220249728,-0.01754116928766347,-0.015373324623138007,0.003034903695153801,0.014151314675214799,-0.0011643381222254945,175.04,68.53,0.8932,1.3724,1
2011-09-22,-0.09757651300848513,-0.026501667726562594,-0.032858418161964664,-0.0330426536263535,-0.05590839135535264,-0.007222992816955376,-0.012537016256040978,-0.029900876220249728,167.05,63.92,0.9073,1.3446,0
2011-09-23,-0.15401047653225097,-0.056271495821721196,0.006007085201586548,0.010582109330536937,-0.0012857603828542175,-0.09757651300848513,-0.026501667726562594,-0.032858418161964664,158.85,62.255,0.9035,1.3518,0
2011-09-26,-0.008211575128572068,-0.013989767514631879,0.023501821519447574,0.011567190387932857,0.012148487005652964,-0.15401047653225097,-0.056271495821721196,0.006007085201586548,153.57,62.21,0.9022,1.3516,1
2011-09-27,0.047344214148540065,0.01917031775213296,0.011121681922476867,0.010351495319713244,0.02819735686183744,-0.008211575128572068,-0.013989767514631879,0.023501821519447574,154.8,64.01,0.8959,1.3606,0
2011-09-28,-0.07781702235680754,-0.02783831338752396,-0.0206299219368411,-0.014925650216675468,-0.03521269175574204,0.047344214148540065,0.01917031775213296,0.011121681922476867,150.71,61.61,0.8955,1.3628,1
2011-09-29,0.03802993305170066,0.009429223786841412,0.007872353472782478,-0.01199165739580721,0.022778586889339536,-0.07781702235680754,-0.02783831338752396,-0.0206299219368411,151.52,61.32,0.8947,1.3639,1
2011-09-30,-0.03429668588533241,0.0022802138078370504,-0.025306760640899206,-0.026136676277954685,-0.04739920207158699,0.03802993305170066,0.009429223786841412,0.007872353472782478,150.32,60,0.9048,1.3449,0
2011-10-03,0.017461827163661958,0.018181179134544756,-0.028870572488774116,-0.02605570540116764,-0.02490581996815422,-0.03429668588533241,0.0022802138078370504,-0.025306760640899206,148.23,57.91,0.9151,1.3281,1
2011-10-04,-0.01138278108727997,-0.020816560636003345,0.02168618751351392,0.020323935792280867,0.00569993160984783,0.017461827163661958,0.018181179134544756,-0.028870572488774116,145.79,54.64,0.9223,1.3294,1
2011-10-05,0.018679662551555953,0.011453780798978741,0.018345901736096515,0.0253513387499682,0.03061967605327176,-0.01138278108727997,-0.020816560636003345,0.02168618751351392,147.03,56.42,0.9228,1.3328,1
2011-10-06,0.05152459612169258,0.006438528258715159,0.017929543571302275,0.01667322804081861,0.03629815871067965,0.018679662551555953,0.011453780798978741,0.018345901736096515,149.5,59.88,0.9219,1.3408,1
2011-10-07,-0.0315664659678343,-0.008195997955361634,-0.006718371523438904,-0.006635969052195101,0.0018744147943503542,0.05152459612169258,0.006438528258715159,0.017929543571302275,147.6,58.36,0.9151,1.3512,0
2011-10-11,0.036263515467703566,0.018177791363926943,0.03390155167568132,0.0407702084558732,0.029825423664942896,-0.0315664659678343,-0.008195997955361634,-0.006718371523438904,150.46,60.04,0.9065,1.3657,0
2011-10-12,0.0118013792014664,0.0071305932815795,0.008733679968754515,0.004959273359350647,-0.0027301700562323283,0.036263515467703566,0.018177791363926943,0.03390155167568132,153.38,60.32,0.8944,1.3805,0
2011-10-13,-0.025009118369244465,-0.00589754750266458,-0.001989555493381978,0.009145332822191321,-0.008235520086429027,0.0118013792014664,0.0071305932815795,0.008733679968754515,151.4,58.68,0.9,1.373,0
2011-10-14,0.011644506084080408,0.006754707905357371,0.016949558313773316,0.01838733503572687,0.0366848111072402,-0.025009118369244465,-0.00589754750266458,-0.001989555493381978,153.655,61.82,0.8934,1.3861,0
2011-10-17,-0.008168440014839184,-0.004784991646211267,-0.01927572036625591,-0.015590130414665282,-0.013075966397673167,0.011644506084080408,0.006754707905357371,0.016949558313773316,153.92,61.03,0.8979,1.377,0
2011-10-18,0.009419221916491693,-0.004807997920201146,0.019357303070767884,0.012319059235958996,0.021308885584791604,-0.008168440014839184,-0.004784991646211267,-0.01927572036625591,152,61.45,0.9012,1.3719,1
2011-10-19,-0.036923354104597905,-0.012247207882689182,-0.01189952902887459,-0.019502620569641138,-0.024904933811210395,0.009419221916491693,-0.004807997920201146,0.019357303070767884,150.09,59.66,0.9022,1.3775,0
2011-10-20,-0.01469894176642672,-0.013222708707438358,0.0043659198638481556,-0.004935670164275763,6.002401140596803e-4,-0.036923354104597905,-0.012247207882689182,-0.01189952902887459,147.78,58.15,0.9002,1.3672,0
2011-10-21,0.022450918570744882,0.011031029944165383,0.018809331957496234,0.012468332566261786,0.015481107038636033,-0.01469894176642672,-0.013222708707438358,0.0043659198638481556,149.561,60.99,0.8852,1.3873,0
2011-10-24,0.013423020332140378,0.00935927465830666,0.012186473272160825,0.020555175734240372,0.04420768937335495,0.022450918570744882,0.011031029944165383,0.018809331957496234,152.82,63.192,0.8804,1.3932,0
2011-10-25,0.04924357610193386,0.027986272782558608,-0.019635297285151232,-0.019857338999710095,0.011801204675015331,0.013423020332140378,0.00935927465830666,0.012186473272160825,154.49,63.53,0.8794,1.3911,0
2011-10-26,0.0018115946983505715,0.010871304400981607,0.010107221679600542,-0.0012215340494581284,-0.020887013913565955,0.04924357610193386,0.027986272782558608,-0.019635297285151232,157.95,64.01,0.8841,1.3838,0
2011-10-27,0.013483350337287092,0.015059275520020066,0.03424206757395876,0.027214907300519897,0.03227444428446136,0.0018115946983505715,0.010871304400981607,0.010107221679600542,159.79,65.87,0.8609,1.4172,0
2011-10-28,0.03967848381817607,-0.0018847926418406047,-2.3325428710574414e-4,0.0015281436032621443,-0.004983399017548074,0.013483350337287092,0.015059275520020066,0.03424206757395876,162.84,65.62,0.8625,1.4164,0
2011-10-31,-0.024027787868718953,-0.013532970066101768,-0.024401053231679626,-0.016939407523786976,-0.008081415028719618,0.03967848381817607,-0.0018847926418406047,-2.3325428710574414e-4,158.43,64.135,0.8706,1.3947,1
2011-11-01,-0.03215519662092081,2.390057372751997e-4,-0.02828471383858222,-0.026402442801147785,-0.015224427127230822,-0.024027787868718953,-0.013532970066101768,-0.024401053231679626,157.24,62.88,0.8901,1.3676,0
2011-11-02,0.026572693508385203,0.009987004896053975,0.01617987245849406,0.008468646237037802,0.013263916766748984,-0.03215519662092081,2.390057372751997e-4,-0.02828471383858222,158.25,64.31,0.8808,1.3803,0
2011-11-03,0.010551094365813807,0.015611561855577882,0.018063150963718577,0.020518890636214593,0.018058554362292423,0.026572693508385203,0.009987004896053975,0.01617987245849406,162.21,64.81,0.8834,1.3744,0
2011-11-04,-0.0114353980343469,-0.005079264795059046,-0.006117684832991799,-0.005176888179533989,0.003847215517424285,0.010551094365813807,0.015611561855577882,0.018063150963718577,161.82,64.94,0.888,1.3761,0
2011-11-07,0.024757344259644043,0.023885703116818036,0.006196889617002377,0.007068385605312422,0.017131622250982304,-0.0114353980343469,-0.005079264795059046,-0.006117684832991799,164.07,65.62,0.9012,1.3744,0
2011-11-08,-0.0017276134443777735,-0.008321186575706463,0.012749051252161081,0.011444313136976803,0.00912513041483809,0.024757344259644043,0.023885703116818036,0.006196889617002377,164.13,66.65,0.8966,1.3785,0
2011-11-09,-0.025687343482379,-0.008449124337346348,-0.03760800113534124,-0.03578910785158573,-0.011554609272113048,-0.0017276134443777735,-0.008321186575706463,0.012749051252161081,161.16,64.09,0.906,1.3596,0
2011-11-10,2.9563932218268363e-4,-0.005419435775157133,0.009374563563037341,-5.282155242101183e-4,0.01927254512103227,-0.025687343482379,-0.008449124337346348,-0.03760800113534124,160.35,63.98,0.9058,1.36,0
2011-11-14,0.0067756924419253295,0.011965061138425881,0.009128096049259682,0.01242686859037434,0.0037046880159201656,2.9563932218268363e-4,-0.005419435775157133,0.009374563563037341,162.46,65.64,0.9072,1.3625,0
2011-11-15,0.007895932235058023,9.233610997689823e-4,0.004929643440972242,0.01107086207805974,0.014917237119518312,0.0067756924419253295,0.011965061138425881,0.009128096049259682,162.03,65.59,0.9177,1.3524,0
2011-11-16,-0.024474168638579652,-0.010728783284114307,-0.015990107241285578,-0.016652596437379152,0.023429430060217804,0.007895932235058023,9.233610997689823e-4,0.004929643440972242,160.13,63.99,0.9169,1.3505,0
2011-11-17,-0.06856652315391054,-0.026049138342640887,-0.01600424102335296,-0.023717925953611108,-0.028621265252591677,-0.024474168638579652,-0.010728783284114307,-0.015990107241285578,156.68,59.89,0.9167,1.3522,0
2011-11-18,0.024318267689568795,0.0031070770694121563,-0.001065180976620006,-0.0077317655690309905,-0.010782484478009557,-0.06856652315391054,-0.026049138342640887,-0.01600424102335296,157.02,59.55,0.9159,1.3521,0
2011-11-21,-0.020489290452471387,-0.024886522333452454,-0.01920270890642506,-0.01931898975503632,-0.0061000056542250825,0.024318267689568795,0.0031070770694121563,-0.001065180976620006,153.02,58.11,0.9158,1.3525,0
2011-11-22,0.03554542270895089,0.011009508727612527,-0.003935529467268495,0.003307002830130301,0.0061000056542250825,-0.020489290452471387,-0.024886522333452454,-0.01920270890642506,155.14,59.66,0.9145,1.35,0
2011-11-23,-0.029829306795662536,-0.0029078593216560478,-0.02231269660766788,-0.022818910519641022,-0.01760514928467405,0.03554542270895089,0.011009508727612527,-0.003935529467268495,153.1,57.62,0.9202,1.3347,0
2011-11-25,-0.024035766929436875,-0.00871345731736195,-0.0018892234043335066,-0.007723500765260294,0,-0.029829306795662536,-0.0029078593216560478,-0.02231269660766788,151.21,56.09,0.9289,1.3244,0
2011-11-28,0.03474453068354899,0.019574603124629775,0.028555212780663197,0.03420407777086387,0.018398065937820007,-0.024035766929436875,-0.00871345731736195,-0.0018892234043335066,152.45,57.31,0.9215,1.3334,0
2011-11-29,-0.006600684031352166,0.001499205701930073,0.002836171403983734,-0.006232834109969776,0.018325120125880723,0.03474453068354899,0.019574603124629775,0.028555212780663197,151.79,57.8101,0.9194,1.3343,0
2011-11-30,0.028906441545650363,0.019287859441583954,0.040325411434867675,0.036295398614765606,0.005948549805167236,-0.006600684031352166,0.001499205701930073,0.002836171403983734,153.9,60.72,0.9106,1.3453,1
2011-12-01,-0.0034372732099154923,-0.002943256186415333,-1.600256044378412e-4,0.006892313225734803,-0.004393339538360408,0.028906441545650363,0.019287859441583954,0.040325411434867675,154.4,62.4,0.9135,1.3487,0
2011-12-02,-0.006415023233096395,0.001119458063586265,-8.805988640938622e-4,-0.00282187136107126,0.010819270916378354,-0.0034372732099154923,-0.002943256186415333,-1.600256044378412e-4,152.79,63.71,0.9219,1.3386,0
2011-12-05,-0.018738836886247334,-0.014830905997219368,0.010833306522495256,0.010890675004496586,-5.125576739586357e-4,-0.006415023233096395,0.001119458063586265,-8.805988640938622e-4,150.77,62.64,0.9179,1.3463,0
2011-12-06,0.02705809608282328,0.005126687830753873,3.1685678338622125e-4,-0.0027991620796150585,-2.5637738891859385e-4,-0.018738836886247334,-0.014830905997219368,0.010833306522495256,150.939,66.28,0.9267,1.3397,0
2011-12-07,-0.01048744960768877,0.007227947813202462,0.0037155661544927554,0,-0.004883700748831377,0.02705809608282328,0.005126687830753873,3.1685678338622125e-4,150.85,67.09,0.9251,1.3386,0
2011-12-08,-0.02830696596060278,-0.02041958262711585,-0.022180580612773504,-0.016961537374375446,-0.026898083307451248,-0.01048744960768877,0.007227947813202462,0.0037155661544927554,147.6,66.44,0.9275,1.3324,0
2011-12-09,0.01927404361689522,0.002551328796269736,0.01680039515273002,0.015909828250266322,0.018878379220375052,-0.02830696596060278,-0.02041958262711585,-0.022180580612773504,149.82,67.53,0.9243,1.3368,0
2011-12-12,-0.02631313644455746,-0.02685992345506172,-0.014704972077827172,-0.011287597798559368,-0.016234972975861073,0.01927404361689522,0.002551328796269736,0.01680039515273002,146.88,65.1,0.936,1.3188,0
2011-12-13,-0.022414451460031515,-0.022095518795116398,-0.009382904719037022,-0.011057719233698471,0.01908804195826752,-0.02631313644455746,-0.02685992345506172,-0.014704972077827172,145.46,63.53,0.9418,1.3094,1
2011-12-14,-0.06025511059345945,-0.03572037756440771,-0.010703153771286722,-0.01572558389047085,-0.051825067864586405,-0.022414451460031515,-0.022095518795116398,-0.009382904719037022,140.16,61.14,0.953,1.2972,0
2011-12-15,0.004525682224058691,-0.003669488423912348,0.0036077441558424184,-0.0027364789492647645,-0.014562697252009649,-0.06025511059345945,-0.03572037756440771,-0.010703153771286722,139.02,61,0.9402,1.3013,0
2011-12-16,0.021646610549207246,0.018858667889741554,-0.004840637913293477,0.0021897818969245364,0.003867408135262096,0.004525682224058691,-0.003669488423912348,0.0036077441558424184,140.26,61.64,0.9372,1.3025,0
2011-12-19,-0.030718549947883034,-0.0023218327102680902,-0.010749235302346172,-0.009892002259016763,-0.0019318344630856465,0.021646610549207246,0.018858667889741554,-0.004840637913293477,139.04,60.11,0.9364,1.3017,0
2011-12-20,0.02765471776395101,0.013532353370584005,0.02981139607080152,0.029208425583055586,0.03674740630624962,-0.030718549947883034,-0.0023218327102680902,-0.010749235302346172,141.36,62.05,0.9309,1.3076,1
2011-12-21,-0.004442173715123676,0.0011459859915916581,0.0019347043519681861,-0.014406876231904064,0.01467018974779366,0.02765471776395101,0.013532353370584005,0.02981139607080152,141.41,62.68,0.9378,1.304,0
2011-12-22,-0.008253141756719984,-0.007152010051803437,0.008819813427349388,0.008489168654944201,0.004450851698984515,-0.004442173715123676,0.0011459859915916581,0.0019347043519681861,140.64,64.49,0.9368,1.3045,0
2011-12-23,-0.0024200530393718722,0.0017288302689237867,0.008900956802934346,0.008596041469798088,0.005470900710901283,-0.008253141756719984,-0.007152010051803437,0.008819813427349388,141,65.35,0.9379,1.304,0
2011-12-27,-0.014293427934369163,-0.008996911789107997,7.908890004157954e-4,0.0028490047760749704,0.014700458152878237,-0.0024200530393718722,0.0017288302689237867,0.008900956802934346,141.58,65.38,0.9339,1.3074,0
2011-12-28,-0.05968142210624228,-0.025365810540021627,-0.013210441996490907,-0.011624918537031625,-0.018605187831034264,-0.014293427934369163,-0.008996911789107997,7.908890004157954e-4,136.86,62.49,0.943,1.2926,0
2011-12-29,0.029381474497792492,-0.004579096828926765,0.010281023013900992,0.007169774395424433,0.0018241047403146915,-0.05968142210624228,-0.025365810540021627,-0.013210441996490907,135.45,62.13,0.9412,1.2952,0
2011-12-30,-0.003989125870182075,0.010915333459046828,-0.0049280761050214394,-0.0028617440385332316,-0.007841127472044462,0.029381474497792492,-0.004579096828926765,0.010281023013900992,137.82,64.56,0.9374,1.2973,0
2012-01-03,0.06676170210814858,0.02552832599093513,0.015810606026642304,0.018983981810015926,0.04062255190920494,-0.003989125870182075,0.010915333459046828,-0.0049280761050214394,141.53,65.45,0.9319,1.3061,0
2012-01-04,-0.014723772239727317,0.00505390833582009,0.001567398440012191,0.004209055670342465,0.002013592424625621,0.06676170210814858,0.02552832599093513,0.015810606026642304,140.54,64.21,0.9417,1.293,0
2012-01-05,0.003099709731754441,0.006804694131818501,0.0026589520631690178,0.008191766941664014,-0.015201711541859453,-0.014723772239727317,0.00505390833582009,0.001567398440012191,139.83,63.16,0.9528,1.2783,0
2012-01-06,-0.019795749740738167,-0.003682777671837556,-0.0025806465934916645,0.0034656073500931583,0.0012756730904603941,0.003099709731754441,0.006804694131818501,0.0026589520631690178,138.56,60.9,0.9555,1.2723,0
2012-01-09,0.006990591208392072,-0.0044628700148985345,0.00242443320568686,-0.0032920414380024354,-0.0035759935936185983,-0.019795749740738167,-0.003682777671837556,-0.0025806465934916645,141.16,61.08,0.952,1.2745,0
2012-01-10,0.03255384257681326,0.013581474231332713,0.008633147144702313,0.007262698359604691,0.006630985786331145,0.006990591208392072,-0.0044628700148985345,0.00242443320568686,144.62,62.77,0.9486,1.2782,0
2012-01-11,0.0026936043222232087,0.0064717011400698965,5.419424899413272e-4,0.0020654052092767827,-0.010733555643108517,0.03255384257681326,0.013581474231332713,0.008633147144702313,147.5697,63.74,0.9554,1.2686,0
2012-01-12,0.006034212074267575,0.004436814027272362,0.002396506886994665,0.003946809070182411,-0.022344395449800825,0.0026936043222232087,0.0064717011400698965,5.419424899413272e-4,147.98,62.81,0.9444,1.2818,0
2012-01-13,-0.016852437932985076,-0.0070079125495841055,-0.005186773772497766,-0.0036029892283906406,0.002623984712081917,0.006034212074267575,0.004436814027272362,0.002396506886994665,147.2,63.14,0.9534,1.2682,0
2012-01-17,0.012498051551899536,0.0077558557407719775,0.0038732715554488095,0.009068417009038932,0.01637463487179014,-0.016852437932985076,-0.0070079125495841055,-0.005186773772497766,150.32,64.36,0.9492,1.274,0
2012-01-18,0.015653941635018764,0.006830203516924982,0.010995458899963673,0.013198161123719743,0.001030662291700235,0.012498051551899536,0.0077558557407719775,0.0038732715554488095,150.54,66.22,0.9427,1.2825,0
2012-01-19,0.0036285706974474863,-0.0023542542315402315,0.00526256791701929,0.0062002712247384295,-0.003611975031154291,0.015653941635018764,0.006830203516924982,0.010995458899963673,150.31,67.11,0.9335,1.2937,0
2012-01-20,0.048617673322779886,0.005258448814572603,0.003720440113903045,-0.0015046395883899777,-0.023801306639057884,0.0036285706974474863,-0.0023542542315402315,0.00526256791701929,151.69,66.972,0.9327,1.2948,0
2012-01-23,0.005848061324626119,0.006702973779329824,-0.0025800591031002185,3.3456005665044586e-4,0.01601714693934264,0.048617673322779886,0.005258448814572603,0.003720440113903045,154.48,68.09,0.9268,1.3035,0
2012-01-24,-0.010028288366362492,-0.007073252727030521,-0.0011403810108028267,-0.0018414669973072506,-0.007582726880051016,0.005848061324626119,0.006702973779329824,-0.0025800591031002185,152.88,67.3,0.929,1.3004,0
2012-01-25,0.04043136705417716,0.02685665174995666,0.008332750282877832,0.012488714477961516,0.006540245680609846,-0.010028288366362492,-0.007073252727030521,-0.0011403810108028267,156.41,68.64,0.931,1.2978,0
2012-01-26,0.001813237124181022,0.005094559851634095,-0.005142954914777675,-0.003481147319879696,5.213764455960224e-4,0.04043136705417716,0.02685665174995666,0.008332750282877832,159.02,68.4,0.9174,1.3152,0
2012-01-27,0.016172859245600968,0.010111911048640287,-4.550625789567775e-4,0.0029845818871816476,-0.001826008072260965,0.001813237124181022,0.005094559851634095,-0.005142954914777675,160.15,68.24,0.9142,1.3192,0
2012-01-30,-0.013158084577510998,-0.005578649482707476,-0.0034195861431562946,8.274721200329793e-4,-0.007600613185442917,0.016172859245600968,0.010111911048640287,-4.550625789567775e-4,159.1,68.01,0.9178,1.3123,0
2012-01-31,-0.007857399143877952,0.00758881925028998,-3.806768480254519e-4,0.0013225328427939331,-0.005011219770845621,-0.013158084577510998,-0.005578649482707476,-0.0034195861431562946,156.86,67.9,0.922,1.3053,0
2012-02-01,0.01475708153296651,0.0014754923442961143,0.0087191120627787555,0.008062569384927443,-0.01170226120289497,-0.007857399143877952,0.00758881925028998,-3.806768480254519e-4,159.74,69.03,0.9141,1.3179,0
2012-02-02,0.01836544509863769,0.008749064939177487,0.0015840093826815504,0.0031088955744547064,-0.006710533838428123,0.01475708153296651,0.0014754923442961143,0.0087191120627787555,160.78,69.96,0.9144,1.3167,0
2012-02-03,-0.020759938909592712,-0.020137088366743328,0.013921338518607662,0.013629936787637575,0.012312789387098011,0.01836544509863769,0.008749064939177487,0.0015840093826815504,160.01,69.86,0.9208,1.3106,0
2012-02-06,2.996254704066281e-4,-0.0027477467858609828,-6.691698825855852e-4,-8.061266055241489e-4,-0.006940764649594033,-0.020759938909592712,-0.020137088366743328,0.013921338518607662,160.6,69.82,0.9188,1.313,0
2012-02-07,0.01663734157239105,0.014961095969170835,0.0025256290353041777,0.0020945790305111345,0.0164722109151465,2.996254704066281e-4,-0.0027477467858609828,-6.691698825855852e-4,163.05,69.92,0.9129,1.3244,0
2012-02-08,-0.006503126672425363,-0.007096422447764539,0.002963184626135984,0.005297387779330087,0.002368733835550696,0.01663734157239105,0.014961095969170835,0.0025256290353041777,164.5,70.6,0.9126,1.3253,0
2012-02-09,-0.004458322141711157,-0.0028527298557152747,0.0012566994815994548,0.007178781727005479,0.007594641715273909,-0.006503126672425363,-0.007096422447764539,0.002963184626135984,163.45,70.11,0.9103,1.3297,0
2012-02-10,-0.011082935069500532,-0.005251235363410878,-0.007415131113821083,-0.006938656860921988,-0.008120542332180403,-0.004458322141711157,-0.0028527298557152747,0.0012566994815994548,163.8,69.55,0.9176,1.3187,0
2012-02-13,0.0078008196362349125,0.0022112664023055117,0.007415131113821083,0.009161585689912322,0.017468831652138306,-0.011082935069500532,-0.005251235363410878,-0.007415131113821083,162.93,68.85,0.9149,1.3211,0
2012-02-14,-0.005995221793896555,-0.0023309337272854336,-0.0012566994815994548,0.002534454073278347,0.0038694747107026473,0.0078008196362349125,0.0022112664023055117,0.007415131113821083,160.99,67.86,0.9185,1.3149,0
2012-02-15,-0.003011143497687385,0.005894512753666703,-0.004671000151676097,-0.006985264154766746,0.008715769093270431,-0.005995221793896555,-0.0023309337272854336,-0.0012566994815994548,161.34,67.46,0.9223,1.3087,0
2012-02-16,0.0032516437393468323,-6.42650598718042e-4,0.011012269004617714,0.013607804915260147,0.0025490709698705594,-0.003011143497687385,0.005894512753666703,-0.004671000151676097,160.37,68.63,0.9209,1.311,0
2012-02-17,-0.009908249256946888,-0.0038765517459236065,0.002642591275773043,-0.003148121598894882,0.011894357614075535,0.0032516437393468323,-6.42650598718042e-4,0.011012269004617714,161.12,67.6,0.918,1.3149,0
2012-02-21,0.034316361400317685,0.021693081070473852,4.3975374499360953e-4,0.002833755044907349,0.02066549329732803,-0.009908249256946888,-0.0038765517459236065,0.002642591275773043,166.54,70.11,0.9114,1.3255,0
2012-02-22,0.002256179810511849,0.011164204804475553,-0.0032293606046840395,-0.004569455677901679,2.463964531376206e-4,0.034316361400317685,0.021693081070473852,4.3975374499360953e-4,170.3,71.51,0.9107,1.3251,0
2012-02-23,0.026940864511496354,4.6248121994363345e-4,0.004401092705058396,0.006611073976379167,0.019034249622513766,0.002256179810511849,0.011164204804475553,-0.0032293606046840395,170.32,70.9014,0.9059,1.3308,0
2012-02-24,2.848597085209903e-4,-0.004570595732031002,0.002193303993745843,0.0034455789765628353,0.015351704707970537,0.026940864511496354,4.6248121994363345e-4,0.004401092705058396,169.06,70.33,0.8949,1.3463,0
2012-02-27,-2.848597085209903e-4,-0.003087831116767248,0.0016782812505766742,0.0014061403769902725,-0.01995498358164749,2.848597085209903e-4,-0.004570595732031002,0.002193303993745843,168.49,69.43,0.8987,1.341,0
2012-02-28,0.04212029666032491,0.010371192934806928,0.002912057969346016,0.010097173164111517,-0.009515748270175983,-2.848597085209903e-4,-0.003087831116767248,0.0016782812505766742,169.74,71.273,0.8961,1.3452,0
2012-02-29,-0.06692687585860346,-0.054511149407331594,-0.0039332849893121136,-0.00449230094805575,0.003181987753958726,0.04212029666032491,0.010371192934806928,0.002912057969346016,165.62,69.2,0.9023,1.3359,0
2012-03-01,0.02708318803587062,0.014046940510072048,0.005168346354486708,0.007886842087590828,0.020080510213438707,-0.06692687585860346,-0.054511149407331594,-0.0039332849893121136,167.92,70.4579,0.9051,1.332,0
2012-03-02,-0.02038835878063816,-0.0016218655004358595,-0.0030541035955797824,-7.704754214259424e-4,-0.02375293446570259,0.02708318803587062,0.014046940510072048,0.005168346354486708,167.42,70.324,0.9134,1.3202,0
2012-03-05,-0.021701731455215256,-0.004156757694636859,-0.0040867020315698,-0.010382056529048889,0.004893574727617533,-0.02038835878063816,-0.0016218655004358595,-0.0030541035955797824,163.66,69.52,0.9116,1.3226,0
2012-03-06,-0.03101257117035061,-0.017969114520912655,-0.014733231512983558,-0.009861549747597564,-0.020715907279954315,-0.021701731455215256,-0.004156757694636859,-0.0040867020315698,159.34,65.37,0.9186,1.3114,0
2012-03-07,0.012460273655946708,0.005699767215812557,0.006951662368754441,0.0076784832326941554,0.011890157419381264,-0.03101257117035061,-0.017969114520912655,-0.014733231512983558,160.94,67.61,0.9169,1.3149,0
2012-03-08,0.013499530039850605,0.01003322393052386,0.009899981858002782,0.010713556398635582,0.005157815683492384,0.012460273655946708,0.005699767215812557,0.006951662368754441,163.56,69,0.9092,1.3256,0
2012-03-09,0.011553972405700108,0.006632722450454764,0.0038600244570403675,0.004161214296111382,0.006592625513619499,0.013499530039850605,0.01003322393052386,0.009899981858002782,166.3,69.56,0.92,1.3108,0
2012-03-12,-0.018731036706063353,-0.007904101462333557,7.268762496348558e-5,4.6129008275563876e-4,-0.009536690446768858,0.011553972405700108,0.006632722450454764,0.0038600244570403675,167.18,69.36,0.9177,1.3141,0
2012-03-13,-0.011166556350125756,-0.01692315183890436,0.01786533612950425,0.018430191913235028,0.0031890128829346054,-0.018731036706063353,-0.007904101462333557,7.268762496348558e-5,166.52,69.56,0.9198,1.3109,0
2012-03-14,-0.031445254221825536,-0.0169637770982094,-0.0010715434821779724,0.003465163542614391,-0.010339826241101857,-0.011166556350125756,-0.01692315183890436,0.01786533612950425,164.83,68.78,0.9313,1.3025,0
2012-03-15,0.008420445823671852,0.009418438560917508,0.00577274168410824,0.0028534974682292713,-0.003222211240020645,-0.031445254221825536,-0.0169637770982094,-0.0010715434821779724,165.9,69.8,0.9236,1.307,0
2012-03-16,0.0015515906914189692,0.0013648491479099079,-0.002989113320887249,-0.0024024035578662506,0.01844843860373313,0.008420445823671852,0.009418438560917508,0.00577274168410824,164.98,69.02,0.916,1.3171,0
2012-03-19,0.012633044300537133,0.001796277852993633,0.003912507213966521,0.007040700195449112,0.006316833443904102,0.0015515906914189692,0.0013648491479099079,-0.002989113320887249,165.78,69.795,0.9109,1.3242,0
2012-03-20,-0.02637038178126616,-0.009076277649771924,-0.002915143022150346,0.0017897096499721599,-0.021048256245319585,0.012633044300537133,0.001796277852993633,0.003912507213966521,163.15,68.37,0.9122,1.3222,0
2012-03-21,0.0018844226681924425,4.994693242377224e-4,-0.0016390525671914347,1.48997988802968e-4,0.005672724547521213,-0.02637038178126616,-0.009076277649771924,-0.002915143022150346,161.68,67.57,0.9143,1.319,0
2012-03-22,-0.021888264799614365,-0.004002757236286847,-0.007229550832720477,-0.0020879947928929,-0.012871464832008517,0.0018844226681924425,4.994693242377224e-4,-0.0016390525671914347,159.74,64.4,0.9136,1.3194,0
2012-03-23,0.023142576660521552,0.012226139663536806,0.003227544490866485,-6.123104455824091e-4,0.013609018645406312,-0.021888264799614365,-0.004002757236286847,-0.007229550832720477,160.44,65.03,0.9085,1.3263,0
2012-03-26,0.02231267031507711,0.017593645536207347,0.01393750784378156,0.017342288332750755,0.0019641548175637347,0.023142576660521552,0.012226139663536806,0.003227544490866485,162.63,65.81,0.9041,1.3328,0
2012-03-27,-0.011094104541358618,-0.007080972084475334,-0.003111962338858909,0.0014671364134013487,-0.0014727543162744716,0.02231267031507711,0.017593645536207347,0.01393750784378156,163.15,64.95,0.9038,1.3336,0
2012-03-28,-0.014042983154229915,-0.01065445028718326,-0.004970895053290292,-0.0039956571066701585,-0.012855554053778029,-0.011094104541358618,-0.007080972084475334,-0.003111962338858909,161.35,63.77,0.9064,1.33,0
2012-03-29,0.0059533310721309185,-0.0014250753674174277,-0.001710011104258946,-0.0038048092619895613,-0.022648174890741224,-0.014042983154229915,-0.01065445028718326,-0.004970895053290292,160.57,63.67,0.9084,1.3265,0
2012-03-30,0.001248829384907335,0.0051948168771041026,0.004127532190660865,-0.001922650891760469,-0.0015282733489070388,0.0059533310721309185,-0.0014250753674174277,-0.001710011104258946,161.72,64.47,0.9026,1.3334,0
2012-04-02,0.020689328367867077,0.0050452331223880265,0.007288197836732735,0.0103093696588612,0.020187412783021053,0.001248829384907335,0.0051948168771041026,0.004127532190660865,162.97,64.96,0.9037,1.3325,0
2012-04-03,-0.012919281505935132,-0.018895956085167143,-0.004097497785176429,-2.93083237736802e-4,-0.00928604991283244,0.020689328367867077,0.0050452331223880265,0.007288197836732735,162.04,64.63,0.9024,1.3337,0
2012-04-04,-0.041725395239888385,-0.01690358759390609,-0.009960241705055495,-0.013724114176650204,-0.0208924796685257,-0.012919281505935132,-0.018895956085167143,-0.004097497785176429,157.7475,62.57,0.9168,1.3126,0
2012-04-05,0.014421015820753613,0.006972644882263346,-5.006257926840618e-4,0.006221320614252512,0.01075554542519086,-0.041725395239888385,-0.01690358759390609,-0.009960241705055495,158.18,63.75,0.92,1.3064,0
2012-04-09,-0.005743474627065481,0.006673406785855818,-0.011294677819788213,-0.007559511283059983,-0.007414069497697184,0.014421015820753613,0.006972644882263346,-5.006257926840618e-4,159.04,63.3,0.918,1.3087,0
2012-04-10,0.006379606964038942,0.010796747311387023,-0.016927297506150296,-0.016199544295303347,-0.011874171523800214,-0.005743474627065481,0.006673406785855818,-0.011294677819788213,157.5,62.98,0.9195,1.3068,0
2012-04-11,-0.004780885600342177,-2.1727996609044453e-4,0.008061604671026679,0.004827283472683241,0.012900075691747226,0.006379606964038942,0.010796747311387023,-0.016927297506150296,156.09,62.9,0.9165,1.3104,0
2012-04-12,0.024614685452206242,0.010100004008153363,0.012981073539623189,0.011297864363856824,0.010962506215869805,-0.004780885600342177,-2.1727996609044453e-4,0.008061604671026679,158.07,64.55,0.9125,1.3171,0
2012-04-13,-0.026853611703326674,-0.011435760539956874,-0.011959697511530365,-0.015218255392279723,-0.007380107297622729,0.024614685452206242,0.010100004008153363,0.012981073539623189,156.14,63.64,0.9189,1.3082,0
2012-04-16,0,-0.002427563359525209,-6.564791074232801e-4,-0.011242901774922487,7.65990079582668e-4,-0.026853611703326674,-0.011435760539956874,-0.011959697511530365,155.34,64.46,0.9199,1.3067,0
2012-04-17,0.006701796266018967,-0.0011847973200254103,0.014703484390865995,0.020117142159599588,0.011672296945392624,0,-0.002427563359525209,-6.564791074232801e-4,156.14,65.4,0.9156,1.3123,0
2012-04-18,-0.0044628700148985345,-0.006007903420680805,-0.0033850729143987124,-0.002548918090420571,-0.014995833176092432,0.006701796266018967,-0.0011847973200254103,0.014703484390865995,155.34,64.65,0.9162,1.3122,0
2012-04-19,0.005098800084024191,7.529648344704043e-4,-0.0064415957549393,-0.011323439476869979,-0.0023073975113603318,-0.0044628700148985345,-0.006007903420680805,-0.0033850729143987124,155.68,65.5,0.9155,1.3132,0
2012-04-20,-0.0022275267762692508,6.897200637094869e-4,0.0016686621929720147,-0.0027368118040449474,0.010976498208480123,0.005098800084024191,7.529648344704043e-4,-0.0064415957549393,155.82,66.62,0.9095,1.3212,0
2012-04-23,-0.02450945000917848,-0.002950317572714134,-0.008444397561941486,-0.009177182793336236,-0.009181395790291091,-0.0022275267762692508,6.897200637094869e-4,0.0016686621929720147,153.73,66.29,0.9152,1.3129,0
2012-04-24,-0.001960784941940741,0.001444860005733517,0.0037942402323070112,-0.005392509793417766,0.00358056648521643,-0.02450945000917848,-0.002950317572714134,-0.008444397561941486,152.36,65.88,0.9098,1.3207,0
2012-04-25,-0.0022924522893772448,0.002006773531859629,0.013598762905648876,0.026225012601835296,0.0061084435291722805,-0.001960784941940741,0.001444860005733517,0.0037942402323070112,153.26,65.46,0.9097,1.321,0
2012-04-26,0.011734163321648783,0.008794692582042352,0.00694472094877252,0.005851918567938874,0.0030402861016818328,-0.0022924522893772448,0.002006773531859629,0.013598762905648876,154.62,66.29,0.9081,1.3232,0
2012-04-27,0.006137961444473206,0.0021711493904552626,0.0016396367957778324,0.005966604813221643,0.0022741639618106824,0.011734163321648783,0.008794692582042352,0.00694472094877252,155.06,67.33,0.9066,1.3248,0
2012-04-30,-0.008084118399958928,0.003093487587304544,-0.0037108441926463342,-0.007164209746780337,0.0015132411462674966,0.006137961444473206,0.0021711493904552626,0.0016396367957778324,154.55,67.41,0.9081,1.3229,0
2012-05-01,-0.0032520353863776386,-0.0034653500024974804,0.006200796747189763,0.0016463372722528291,0.011775157976098516,-0.008084118399958928,0.003093487587304544,-0.0037108441926463342,154.98,67.21,0.9087,1.3226,0
2012-05-02,-0.009491152903878142,-0.004535436931767833,-0.002988687914529997,0.0028373049721954757,-0.006496774475455602,-0.0032520353863776386,-0.0034653500024974804,0.006200796747189763,154.1,65.82,0.9135,1.3154,0
2012-05-03,-0.016003735821339404,-0.010139027900619269,-0.007654649816479342,-0.010643980259866126,-0.026932522173739315,-0.009491152903878142,-0.004535436931767833,-0.002988687914529997,151.03,65.17,0.9138,1.3147,0
2012-05-04,0.00376206102800003,0.003140311587101152,-0.016289952979268385,-0.025182559271361704,-0.040467949552846605,-0.016003735821339404,-0.010139027900619269,-0.007654649816479342,150.64,64.28,0.9176,1.3091,0
2012-05-07,-0.0066800515603735455,-0.0024485964203915245,7.296607401432453e-4,9.269273025793723e-4,-0.006456842448633537,0.00376206102800003,0.003140311587101152,-0.016289952979268385,150.7,63.92,0.9204,1.3052,0
2012-05-08,-0.0192866746317657,-0.019551213089952668,-0.004019738648554316,-0.0037128755524262758,-0.004870139496042647,-0.0066800515603735455,-0.0024485964203915245,7.296607401432453e-4,149.06,61.35,0.9228,1.3015,0
2012-05-09,-0.010647533186278757,-0.009856104523377596,-0.005949556644101683,-0.0030890812434734016,-0.009538156519285135,-0.0192866746317657,-0.019551213089952668,-0.004019738648554316,147.68,60.43,0.9272,1.2954,0
2012-05-10,-0.004845976946139974,0.0019402411985085521,0.002060642471880314,-0.0020387366898475534,0.002461371405376944,-0.010647533186278757,-0.009856104523377596,-0.005949556644101683,146.59,60.59,0.9269,1.2959,0
2012-05-11,-0.00521831067609746,-0.007848773792071384,-0.0030188146476382016,-1.5579964197609542e-4,-0.009606221805440018,-0.004845976946139974,0.0019402411985085521,0.002060642471880314,144.43,59.26,0.9283,1.2937,0
2012-05-14,-0.02328969062326136,-0.014628487433661519,-0.011122760377005214,-0.009392680199054482,-0.018088708037018453,-0.00521831067609746,-0.007848773792071384,-0.0030188146476382016,141.84,58.21,0.9349,1.2847,0
2012-05-15,-0.021288915137848807,-0.010562425896395666,-0.0057581015329351,-0.0033083921472307765,-0.00931026615109598,-0.02328969062326136,-0.014628487433661519,-0.011122760377005214,141.25,58.6,0.9405,1.2769,0
2012-05-16,-0.01840316935764097,-0.0018716583003950404,-0.003832142045501641,-0.006808671699165103,-0.006540617657991188,-0.021288915137848807,-0.010562425896395666,-0.0057581015329351,140.96,58.34,0.9435,1.273,0
2012-05-17,0.03288568171876971,0.02210107823027574,-0.01494206570281964,-0.021357696609781485,-2.853474124084876e-4,-0.01840316935764097,-0.0018716583003950404,-0.003832142045501641,143.1,59.47,0.945,1.2709,0
2012-05-18,0.02168973916761141,0.011387791845705486,-0.008595601656683272,-0.013069945894461199,-0.017561988717758492,0.03288568171876971,0.02210107823027574,-0.01494206570281964,143.42,59.56,0.9442,1.2721,0
2012-05-21,-0.005290084634536285,6.468305529532259e-4,0.017042176243828422,0.027572294811703202,0.020696340906241506,0.02168973916761141,0.011387791845705486,-0.008595601656683272,144.98,60.54,0.9406,1.2769,0
2012-05-22,-0.013169793480141134,-0.016757800950904844,0.0017413033888482587,-0.0011204482964899398,-0.019245172461181514,-0.005290084634536285,6.468305529532259e-4,0.017042176243828422,142.59,60.34,0.9431,1.2735,0
2012-05-23,-0.009721048648761776,-0.003029307552016469,5.293606203693457e-4,0.0019200005898243333,-0.011375359645680483,-0.013169793480141134,-0.016757800950904844,0.0017413033888482587,140.5,58.53,0.9555,1.2569,0
2012-05-24,0.01508107577484541,-0.001386001607876608,0.0019637468546314096,-0.006575278280335439,0.004974406746161897,-0.009721048648761776,-0.003029307552016469,5.293606203693457e-4,139.876,57.77,0.9558,1.2583,0
2012-05-25,0.006040167591083279,0.00835283885674798,-0.00324982336430768,-0.0012880375311592474,-0.0011682244319262125,0.01508107577484541,-0.001386001607876608,0.0019637468546314096,141.07,58.25,0.9592,1.2518,0
2012-05-29,-0.02003644846656316,-0.010931949501749472,0.012039272579618121,0.012647250943860655,2.9218407804654234e-4,0.006040167591083279,0.00835283885674798,-0.00324982336430768,140.7,59.52,0.9617,1.2488,0
2012-05-30,0.0018053805228674946,0.005875961844291844,-0.014616398238512573,-0.00846718054866269,-0.03598901405011201,-0.02003644846656316,-0.010931949501749472,0.012039272579618121,138.22,60.0199,0.9682,1.2405,0
2012-05-31,-0.006151638722778685,-0.0019108495914137436,-0.0022033971608719227,-0.004341191800524946,-0.012494448690754112,0.0018053805228674946,0.005875961844291844,-0.014616398238512573,139.54,60.31,0.9713,1.2364,0
2012-06-01,0.02473687702611782,0.0380480676375301,-0.02549920538846351,-0.026963558557332234,-0.036856138991751664,-0.006151638722778685,-0.0019108495914137436,-0.0022033971608719227,142.17,60.202,0.9671,1.242,1
2012-06-04,-0.006750780656335831,-0.0011435107020787427,-4.682744173605258e-4,0.007602342042931198,0.010444785569458936,0.02473687702611782,0.0380480676375301,-0.02549920538846351,141.16,60.39,0.961,1.2495,0
2012-06-05,0.010638398205055744,-0.0011448198159333955,0.007543683944406965,0.004098702352432149,0,-0.006750780656335831,-0.0011435107020787427,-4.682744173605258e-4,141.84,61.44,0.9656,1.2437,0
2012-06-06,0.028513753705868616,4.453634557473052e-4,0.02221973118164211,0.022647360695010832,0.012204814304693112,0.010638398205055744,-0.0011448198159333955,0.007543683944406965,144.27,61.94,0.9579,1.2535,0
2012-06-07,-0.027103813394750098,-0.01738839486562238,6.060147144033579e-4,-0.0040067366689156,-0.013465053916981162,0.028513753705868616,4.453634557473052e-4,0.02221973118164211,142.12,61.35,0.9558,1.2568,0
2012-06-08,-3.5229875298314894e-4,0.0014875661637807625,0.007920086657924763,0.009589333510609421,0.0025188930194839365,-0.027103813394750098,-0.01738839486562238,6.060147144033579e-4,141.33,60.15,0.962,1.2482,0
2012-06-11,3.5229875298314894e-4,0.004063342041433771,-0.012778518745519385,-0.01708483505518288,-0.03523620901340285,-3.5229875298314894e-4,0.0014875661637807625,0.007920086657924763,142.49,61.35,0.9604,1.2504,0
2012-06-12,0.01284772279147628,0.007051546860599167,0.011425236830846508,0.01214182889726878,0.02305540508218229,3.5229875298314894e-4,0.004063342041433771,-0.012778518745519385,143.53,61.57,0.9624,1.2477,0
2012-06-13,-0.004429574166332273,0.004213293202541379,-0.006415358430680307,-0.006897132161452824,-0.010077666669721985,0.01284772279147628,0.007051546860599167,0.011425236830846508,144.29,61.01,0.9533,1.2596,0
2012-06-14,-0.007361996441069163,0.004001656815167287,0.010544648430347081,0.003695080113972793,0.02005478640991587,-0.004429574166332273,0.004213293202541379,-0.006415358430680307,147.42,62.46,0.9525,1.2608,0
2012-06-15,-7.039775017942951e-4,5.7036029303692e-4,0.005007297185531279,0.010051939444261748,-0.003156568277546956,-0.007361996441069163,0.004001656815167287,0.010544648430347081,146.39,61.76,0.9506,1.2633,0
2012-06-18,0.0035149421074445186,5.700351676036775e-4,0.0019363974174577692,0.00932297184881925,-0.009849166194955128,-7.039775017942951e-4,5.7036029303692e-4,0.005007297185531279,146.31,62.32,0.9547,1.2578,0
2012-06-19,-0.010227562260699763,-0.004887502191704307,0.009626138751774427,0.010311547409532551,0.011428695823622714,0.0035149421074445186,5.700351676036775e-4,0.0019363974174577692,145.92,62.106,0.9461,1.2692,0
2012-06-20,-0.013921338518608106,-0.007600713626525035,-0.001622538891252745,7.935952614062103e-4,-0.03828680594606171,-0.010227562260699763,-0.004887502191704307,0.009626138751774427,143.44,61.2,0.9453,1.2703,0
2012-06-21,-0.04146622307886405,-0.025684480875898252,-0.02269431527052479,-0.025202152867718652,-0.03453508602651256,-0.013921338518608106,-0.007600713626525035,-0.001622538891252745,141.68,59.94,0.9542,1.2586,1
2012-06-22,9.512147428978324e-4,0.004103007512140877,0.007672094796414619,0.010472961481271525,0.021661496781179235,-0.04146622307886405,-0.025684480875898252,-0.02269431527052479,141.42,60.03,0.9572,1.2545,0
2012-06-25,0.02237885654325833,0.007310737522005617,-0.01616471484206894,-0.019445942691545426,-0.010016778243471247,9.512147428978324e-4,0.004103007512140877,0.007672094796414619,141.88,59.74,0.9621,1.248,0
2012-06-26,-0.016608612075189377,-0.0074417733604947855,0.005013303321883988,0.006257541477673101,3.3551417862121014e-4,0.02237885654325833,0.007310737522005617,-0.01616471484206894,140.59,58.66,0.963,1.2471,0
2012-06-27,-0.0063468572211959895,0.0013750206782576768,0.008976111558777866,0.006059658153119152,0.012998016690843883,-0.016608612075189377,-0.0074417733604947855,0.005013303321883988,138.8801,56.78,0.9642,1.2457,0
2012-06-28,-0.0185225480708886,-0.011715284707063844,-0.00285757451181734,-0.01119116396126163,-0.023451661035049476,-0.0063468572211959895,0.0013750206782576768,0.008976111558777866,136.79,55.64,0.9661,1.2433,0
2012-06-29,0.03854546394599634,0.02703926485085173,0.024620976655183924,0.031024963813125694,0.0760189779482272,-0.0185225480708886,-0.011715284707063844,-0.00285757451181734,142.66,57.33,0.9485,1.2668,0
2012-07-02,0.0022002209096028125,-6.445791121718614e-4,0.003007962357465921,0.002956970483876553,-0.012646390484525316,0.03854546394599634,0.02703926485085173,0.024620976655183924,143.34,56.74,0.9544,1.2584,0
2012-07-03,0.029949920310851308,0.015165864184959688,0.0065712853287971384,0.008356594590941846,0.046924873940017875,0.0022002209096028125,-6.445791121718614e-4,0.003007962357465921,146.46,58.97,0.9517,1.262,0
2012-07-05,-0.023742122394583287,-0.0113688393186262,-0.004522254242329993,6.162378873177943e-4,-0.009762127556626421,0.029949920310851308,0.015165864184959688,0.0065712853287971384,145.14,57.7,0.9698,1.2384,0
2012-07-06,-0.021711984452233768,-0.0127349082008541,-0.009549066243013549,-0.012553438779042914,-0.03208498237887403,-0.023742122394583287,-0.0113688393186262,-0.004522254242329993,142.09,56.72,0.9777,1.2283,0
2012-07-09,0.008888947417246218,0.0021445987098678287,-0.0012554929458321595,-0.0018732443816809052,0.018193726436941393,-0.021711984452233768,-0.0127349082008541,-0.009549066243013549,142.2,57.48,0.9764,1.2299,0
2012-07-10,-0.018233063246353876,-0.012345432603728668,-0.008758313240916138,-0.009892520024245677,-0.02041207626125674,0.008888947417246218,0.0021445987098678287,-0.0012554929458321595,140.2,56.65,0.9798,1.2255,0
2012-07-11,0.008599791269250812,0.005505683436307862,1.4908684336223388e-4,-0.005538427006297475,0.02537332674766324,-0.018233063246353876,-0.012345432603728668,-0.008758313240916138,140.42,57.34,0.9808,1.2244,0
2012-07-12,0.0037160949490147033,-0.0026179738756431092,-0.004856736112950344,-0.009406207255475252,-0.004029139186978892,0.008599791269250812,0.005505683436307862,1.4908684336223388e-4,139.54,56.84,0.9843,1.2199,0
2012-07-13,0.0025930742442499266,0.010106694446202269,0.016638577412041222,0.01510242518912186,0.014796817441439458,0.0037160949490147033,-0.0026179738756431092,-0.004856736112950344,140.7,57.39,0.9817,1.2232,0
2012-07-16,0.001478743337853583,4.5402951971862393e-4,-0.0023600571467641274,-0.0028440531099631627,0.013374059525256943,0.0025930742442499266,0.010106694446202269,0.016638577412041222,139.68,56.91,0.9791,1.2267,0
2012-07-17,-0.001478743337853583,-0.004810201682562187,0.006843545602421841,0.0052079341256296985,0.007819588716630133,0.001478743337853583,4.5402951971862393e-4,-0.0023600571467641274,139.36,57.34,0.9818,1.2234,0
2012-07-18,-3.7002775630368134e-4,-0.002740442795581721,0.007379568067412023,0.013446106271650216,0.009244139184772404,-0.001478743337853583,-0.004810201682562187,0.006843545602421841,138.87,56.7,0.9795,1.2261,0
2012-07-19,3.7002775630368134e-4,0.0021538369452915873,0.0026172315921257905,0.010966207664432126,0.027808026275772946,-3.7002775630368134e-4,-0.002740442795581721,0.007379568067412023,139.78,57.5,0.9798,1.2257,0
2012-07-20,0.0018480877557176534,0.0018889437305276147,-0.009190436679217484,-0.013376315730950772,-0.012783439625674742,3.7002775630368134e-4,0.0021538369452915873,0.0026172315921257905,139.38,56.57,0.9863,1.2176,0
2012-07-23,-0.010766764487556646,-0.0041734654642962,-0.010163587268432472,-0.01213844732852376,-0.03571808260207954,0.0018480877557176534,0.0018889437305276147,-0.009190436679217484,137.93,56.24,0.9904,1.2126,0
2012-07-24,3.7320396029372205e-4,0.003196871096499798,-0.008623947582559133,-0.00791018204590177,0.00453515516539138,-0.010766764487556646,-0.0041734654642962,-0.010163587268432472,136.5,55.35,0.9957,1.2062,0
2012-07-25,0.011869575555383705,0.01390753034831338,2.2397252697281544e-4,-0.006693252079452705,0.0018083187567836667,3.7320396029372205e-4,0.003196871096499798,-0.008623947582559133,137.78,55.65,0.9899,1.2132,0
2012-07-26,0.006615239118719529,0.007041381032681926,0.016362857210480364,0.013184211305730997,0.006004220980009745,0.011869575555383705,0.01390753034831338,2.2397252697281544e-4,138.4101,56.11,0.978,1.228,0
2012-07-27,0.0094787439545434,0.004899631194738241,0.018265015680338337,0.02339470388953835,0.007751976804318161,0.006615239118719529,0.007041381032681926,0.016362857210480364,139.02,56.87,0.9709,1.237,0
2012-07-30,0.014051753455650573,-6.984792486406377e-4,0,-7.710695115630273e-4,-0.006555446598745629,0.0094787439545434,0.004899631194738241,0.018265015680338337,139.5,57.946,0.9804,1.225,0
2012-07-31,-0.008263025279406033,-0.005988804851456919,-0.007019096077788056,-3.085943551726089e-4,-0.02328851658243547,0.014051753455650573,-6.984792486406377e-4,0,139.46,57.97,0.9753,1.2315,0
2012-08-01,-0.021514047650861734,-0.008664175112355288,-8.717762993093459e-4,-0.0029364057881542394,0.014882582967159053,-0.008263025279406033,-0.005988804851456919,-0.007019096077788056,137.74,57.24,0.9767,1.2299,0
2012-08-02,-0.009257611015891953,-0.006531532904096693,-0.006928518399464956,-0.0035661716994122017,-0.01733356458629931,-0.021514047650861734,-0.008664175112355288,-8.717762993093459e-4,136.37,55.9,0.9886,1.2149,0
2012-08-03,0.024620019943975002,0.009170821185017886,0.019639023887696894,0.018772670079381548,0.04410494330021342,-0.009257611015891953,-0.006531532904096693,-0.006928518399464956,138.07,56.84,0.9697,1.239,0
2012-08-06,0.0043462581999111904,0.004810014083784786,0.0019356926142988229,0.00759305090759721,0.010220559110518224,0.024620019943975002,0.009170821185017886,0.019639023887696894,138.21,56.99,0.9669,1.2422,0
2012-08-07,0.007202047695022085,-1.2796724056141073e-4,0.005001082081617092,0.008286299767076954,0.014135530333551305,0.0043462581999111904,0.004810014083784786,0.0019356926142988229,138.91,57.63,0.9672,1.2422,0
2012-08-08,-0.0021551732479831998,0.0012789360996379173,0.0012107832396877072,-4.502138591844229e-4,-0.0011464604293851544,0.007202047695022085,-1.2796724056141073e-4,0.005001082081617092,138.84,57.621,0.9714,1.2364,0
2012-08-09,0.0033385416825657543,0.003253902765719019,8.537887391639742e-4,0.002997604163076595,0.0017191981311808213,-0.0021551732479831998,0.0012789360996379173,0.0012107832396877072,139.2,57.666,0.9781,1.2278,0
2012-08-10,-0.0011833684345825546,0.0012095363858026786,0.001634393684127211,5.984440633426402e-4,-0.0022929216122076213,0.0033385416825657543,0.003253902765719019,8.537887391639742e-4,137.98,57.28,0.9764,1.2298,0
2012-08-13,-0.011911348193347937,-0.007599742807252063,-4.971414469778779e-4,0.002390201317211904,-0.005466852919072895,-0.0011833684345825546,0.0012095363858026786,0.001634393684127211,136.56,56.49,0.9733,1.2339,0
2012-08-14,0.0014513790646466518,-0.005528427554537529,1.420656345620941e-4,4.4752741852338573e-4,0.007473446683941454,-0.011911348193347937,-0.007599742807252063,-4.971414469778779e-4,137.44,56.86,0.9742,1.2329,0
2012-08-15,0,0.003217920140678565,0.001135799085685285,0.002532212569271941,0.007702220362092227,0.0014513790646466518,-0.005528427554537529,1.420656345620941e-4,137.31,56.78,0.9774,1.2288,0
2012-08-16,0.014041634848712903,0.005957927870902324,0.007351415026144892,0.011830957282089827,0.010459459312210484,0,0.003217920140678565,0.001135799085685285,142.14,57.49,0.9719,1.2356,0
2012-08-17,-0.004299540840575489,0.0010214505484649194,0.0013372279150711819,0.004400769901264923,0.01090767352135158,0.014041634848712903,0.005957927870902324,0.007351415026144892,145.28,59.92,0.9752,1.2315,0
2012-08-20,0.0258742061284285,0.0034397129270846705,7.0330906945415e-5,0.0014626300691444882,-0.0033435528501932765,-0.004299540840575489,0.0010214505484649194,0.0013372279150711819,146.98,59.92,0.973,1.2343,0
2012-08-21,0.01562260553481698,0.009933961283693726,-0.0030287045515118294,-0.003954021406917363,0.004177697205524744,0.0258742061284285,0.0034397129270846705,7.0330906945415e-5,148.3,61.39,0.963,1.2472,0
2012-08-22,0.01910668837557994,0.010708684856367334,4.2316101907946546e-4,0.004100166821864981,0.006648223932880004,0.01562260553481698,0.009933961283693726,-0.0030287045515118294,151.36,62.04,0.9628,1.2472,0
2012-08-23,0.02239024194809147,0.008373959549983212,-0.008213016995978428,-0.00821721424873978,-0.012781502149953994,0.01910668837557994,0.010708684856367334,4.2316101907946546e-4,151.6,64.25,0.9542,1.2583,0
2012-08-24,0.005602255548669888,4.940406448907808e-4,0.006024755084408362,0.006169232257331458,-0.0022396425935045094,0.02239024194809147,0.008373959549983212,-0.008213016995978428,152.42,64.37,0.9581,1.2533,0
2012-08-27,-3.286770777330972e-4,-0.0037732392523484037,2.119766833583725e-4,0.0016094816555067837,-0.0019638104221222363,0.005602255548669888,4.940406448907808e-4,0.006024755084408362,151.78,63.95,0.9597,1.2514,0
2012-08-28,0.005899722127188589,0.0017337465643159078,-9.89609185165996e-4,0,0.005042027488248113,-3.286770777330972e-4,-0.0037732392523484037,2.119766833583725e-4,149.3,62.91,0.9558,1.2564,0
2012-08-29,-0.006228507269061989,-0.006517107136873257,7.776325018076236e-4,0,-0.01152183604629542,0.005899722127188589,0.0017337465643159078,-9.89609185165996e-4,149.2,62.25,0.9578,1.2538,0
2012-08-30,-0.010246329934443299,-4.3598767468377986e-4,-0.007234074100719745,-0.010138945130950816,-0.003397511761915162,-0.006228507269061989,-0.006517107136873257,7.776325018076236e-4,148.51,60.54,0.9608,1.2497,0
2012-08-31,0.04450953932148538,0.02278844688192727,0.004757686943508865,0.0066240030235062974,0.01770952818979188,-0.010246329934443299,-4.3598767468377986e-4,-0.007234074100719745,151.52,61.74,0.9546,1.2578,0
2012-09-04,0.01888630262874802,0.0015819899861577724,-9.213651029202907e-4,-0.0010275230261855839,-0.010644358204519477,0.04450953932148538,0.02278844688192727,0.004757686943508865,154.34,63.1,0.9558,1.2566,0
2012-09-05,-0.0031230506333130847,-0.0010340948030611585,-8.51244997135403e-4,-0.0010285799158253894,0.001688239005367631,0.01888630262874802,0.0015819899861577724,-9.213651029202907e-4,154.58,63.43,0.9548,1.2603,0
2012-09-06,0.012742985177738753,0.003523697449137053,0.020093411727487798,0.021956534531876848,-0.009604593607217993,-0.0031230506333130847,-0.0010340948030611585,-8.51244997135403e-4,155.95,63.58,0.9539,1.2626,0
2012-09-07,0.030116344513793525,0.021301018380850856,0.003887543944970595,-0.0014392633457447346,0.01828204483744944,0.012742985177738753,0.003523697449137053,0.020093411727487798,156.81,64.41,0.9452,1.2796,0
2012-09-10,-0.010543854271300557,-0.006850769950538016,-0.005697625196631861,-0.012901534318719321,-8.364701449661283e-4,0.030116344513793525,0.021301018380850856,0.003887543944970595,156.56,65.59,0.9438,1.2795,0
2012-09-11,0.003325777819822573,0.003639730740306213,0.0027833849992422444,-0.0016061914820557632,0.007226268243737177,-0.010543854271300557,-0.006850769950538016,-0.005697625196631861,157.89,65.88,0.9387,1.2858,0
2012-09-12,-0.006055119923531471,1.1911142888187953e-4,0.003329867801045161,0.0029475733062573894,-0.0019404025492293364,0.003325777819822573,0.003639730740306213,0.0027833849992422444,162.34,66.75,0.9376,1.2894,0
2012-09-13,0.04279999447346938,0.019987105229989588,0.015121602318812322,0.013430791215418125,0.012956762927408327,-0.006055119923531471,1.1911142888187953e-4,0.003329867801045161,165.66,67.58,0.9395,1.2912,1
2012-09-14,2.909090929610336e-4,0.0028562288077882414,0.004424334208880332,0.008873680668987305,0.008998015719560826,0.04279999447346938,0.019987105229989588,0.015121602318812322,167.985,68.52,0.925,1.3142,0
2012-09-17,-0.01968047070873391,-0.00818239515493957,-0.003401595224971743,4.273808740880014e-4,-0.030033942247089662,2.909090929610336e-4,0.0028562288077882414,0.004424334208880332,163.7,66.56,0.9266,1.3125,0
2012-09-18,0.021714468213698268,0.00771662896114389,-8.181074904083374e-4,8.542141749483534e-4,-0.005047683179652651,-0.01968047070873391,-0.00818239515493957,-0.003401595224971743,159.82,65.46,0.9288,1.3051,0
2012-09-19,-0.003780722839906492,1.1646188797875823e-4,5.454793534953595e-4,0.0018482979598912763,-0.04161886333688569,0.021714468213698268,0.00771662896114389,-8.181074904083374e-4,161.18,66.03,0.9266,1.3065,0
2012-09-20,-5.829204478673411e-4,-0.0015733810535785153,6.816400261744349e-5,-9.948128440706583e-4,0.01136541448643369,-0.003780722839906492,1.1646188797875823e-4,5.454793534953595e-4,159.91,65.231,0.9336,1.2948,0
2012-09-21,-0.0020429016298000313,0.002853567437321125,-0.0057420350534309605,-0.002562643771456763,-5.797101611624278e-4,-5.829204478673411e-4,-0.0015733810535785153,6.816400261744349e-5,160.83,65.78,0.9327,1.299,0
2012-09-24,-0.01708939645135743,-0.00530598020446682,-0.0015093306926781125,-0.005933462737812256,-0.011665340798937773,-0.0020429016298000313,0.002853567437321125,-0.0057420350534309605,159.64,63.54,0.9371,1.2909,0
2012-09-25,-0.007457156108082064,-0.0016382895244664297,-0.010698980399967972,-0.014080163296008585,-0.010023668831272925,-0.01708939645135743,-0.00530598020446682,-0.0015093306926781125,160.12,62.6,0.9348,1.2945,0
2012-09-26,0.006267741754359957,-0.005637456940937646,-0.005636954276964978,-0.008177615665232452,-0.012222539995890624,-0.007457156108082064,-0.0016382895244664297,-0.010698980399967972,160.68,61.65,0.9401,1.2852,0
2012-09-27,0.02061321513334402,0.014789104853410784,0.009377347915354939,0.013688869644061796,0.02400470869415061,0.006267741754359957,-0.005637456940937646,-0.005636954276964978,162.33,62.54,0.9388,1.2874,0
2012-09-28,-0.003211212801798702,-0.0026145324715551865,-0.00464295210560195,-0.008278313197204845,-8.788633933205503e-4,0.02061321513334402,0.014789104853410784,0.009377347915354939,163.38,62.85,0.94,1.2856,0
2012-10-01,0.005830920310792909,0.002353386620113973,0.00263596157067969,-0.0014594281633018014,0.0038028420847560085,-0.003211212801798702,-0.0026145324715551865,-0.00464295210560195,165.29,63.15,0.9376,1.29,0
2012-10-02,-0.003202797904523713,-0.0011324207426861577,0.0010386014435432855,0.002916729499613524,-0.0067379777405185415,0.005830920310792909,0.002353386620113973,0.00263596157067969,165.07,64.22,0.9342,1.2951,0
2012-10-03,-5.83430588311451e-4,0.0017996579702659332,0.004074731975106438,0.0063870154707181825,-0.042329597166487876,-0.003202797904523713,-0.0011324207426861577,0.0010386014435432855,166.16,64.32,0.9382,1.2909,0
2012-10-04,0.011604423810414488,0.006936043066097852,0.0071423969589679,0.0034667086575375095,0.03997527000485235,-5.83430588311451e-4,0.0017996579702659332,0.004074731975106438,169.22,66.32,0.9316,1.3001,0
2012-10-05,-0.013649115628372233,-0.005718757462346069,6.842987651012322e-5,-0.005349539252145874,-0.017536487444447246,0.011604423810414488,0.006936043066097852,0.0071423969589679,167.59,64.83,0.9284,1.3059,0
2012-10-09,-0.01918878065086904,-0.009487571531009209,-0.013363841512222585,-0.025262795409441985,0.024582905325811755,-0.013649115628372233,-0.005718757462346069,6.842987651012322e-5,166.02,64.58,0.94,1.2876,0
2012-10-10,0.004164194000770838,-8.776292872365588e-4,-0.0064004670983921486,-0.005055935980629478,-0.009997142949421889,-0.01918878065086904,-0.009487571531009209,-0.013363841512222585,164.5,63.875,0.9392,1.2888,0
2012-10-11,-0.001485222313714285,0.0028057067739046815,5.581914741634719e-4,-0.003143009397199137,0.013210231736806133,0.004164194000770838,-8.776292872365588e-4,-0.0064004670983921486,165.2,64.05,0.9353,1.2928,0
2012-10-12,-0.012864799716092001,-0.007381836789523533,-0.003283845745741587,-4.498088388311672e-4,-0.0084932418586674,-0.001485222313714285,0.0028057067739046815,5.581914741634719e-4,162.51,62.59,0.9334,1.2946,0
2012-10-15,-0.025618967450502517,-0.010106170350563382,0.008293597386821894,0.007321661396179735,0,-0.012864799716092001,-0.007381836789523533,-0.003283845745741587,161.15,62.21,0.933,1.295,0
2012-10-16,0.008919019604165968,0.006335693396321673,0.010082262051239965,0.014044136515714456,0.003962726254082227,-0.025618967450502517,-0.010106170350563382,0.008293597386821894,161.76,62.82,0.9273,1.3036,0
2012-10-17,0.005496197041908957,7.080481768548808e-4,0.004524584396738085,-5.873715293684967e-4,-0.0010258665807727496,0.008919019604165968,0.006335693396321673,0.010082262051239965,163.78,64.02,0.9217,1.3133,0
2012-10-18,-0.012563364265000931,-0.004438880563074399,-0.0026025629373940262,-0.011671847064891772,-8.801526165957974e-4,0.005496197041908957,7.080481768548808e-4,0.004524584396738085,161.2,63.2208,0.9225,1.3106,0
2012-10-19,-0.01961763053309573,-0.01083585105631979,-0.016804793651337135,-0.024217172056054004,-0.021659354350227034,-0.012563364265000931,-0.004438880563074399,-0.0026025629373940262,159.19,61.6599,0.9286,1.3022,0
2012-10-22,0.009389740349839304,0.0036466936242751657,1.3947001417324856e-4,0.005163261280873854,-0.013285219551322225,-0.01961763053309573,-0.01083585105631979,-0.016804793651337135,158.08,61.32,0.9263,1.3063,0
2012-10-23,-0.02300400793338353,-0.012938093270299156,-0.013973474565025512,-0.009588384851862308,-0.02867469469957573,0.009389740349839304,0.0036466936242751657,1.3947001417324856e-4,154.49,58.36,0.9328,1.2971,0
2012-10-24,0.0012742913479684148,-0.003424307305587959,-0.0028324618852000327,-0.003462172369261829,-0.010691925754192866,-0.02300400793338353,-0.012938093270299156,-0.013973474565025512,153.02,58.3622,0.9342,1.2946,0
2012-10-25,0.013282927743446304,0.007009814417635596,0.00290317074151325,-6.138547007861206e-5,0.0047311237910125925,0.0012742913479684148,-0.003424307305587959,-0.0028324618852000327,154.18,59.46,0.9336,1.2958,0
2012-10-26,-0.0018867930125767707,-5.422503521925748e-4,-5.658108928088268e-4,0.002911656336387125,3.1461381414121803e-4,0.013282927743446304,0.007009814417635596,0.00290317074151325,152.08,58.57,0.9348,1.2938,0
2012-10-31,0.005649732542118979,0.00540931719288551,0,-0.006139696953622931,-3.1461381414121803e-4,-0.0018867930125767707,-5.422503521925748e-4,-5.658108928088268e-4,154.45,59.72,0.9311,1.2958,0
2012-11-01,-0.0012527405333915276,-0.004565943648920268,0.010416027734938105,0.014109384678911319,0.008771986072837024,0.005649732542118979,0.00540931719288551,0,154.33,60.16,0.9326,1.2937,0
2012-11-02,-0.0406130954177617,-0.02111618910495139,-0.008931456397275106,-0.010727887451230878,-0.022394880102477366,-0.0012527405333915276,-0.004565943648920268,0.010416027734938105,151.9,59.12,0.9396,1.2848,0
2012-11-05,0.007154502062624246,0.003867052052233255,0.0020465057775975737,0.006576455605754816,0.008259259148596598,-0.0406130954177617,-0.02111618910495139,-0.008931456397275106,151.81,60.06,0.9434,1.279,0
2012-11-06,0.027171241615241204,0.01863313703293823,0.007794709596312899,0.0018275972190240353,0.02961101490681317,0.007154502062624246,0.003867052052233255,0.0020465057775975737,152.76,60.77,0.9424,1.2818,0
2012-11-07,-0.006009823560577665,0.0011418613578788595,-0.022924450912541694,-0.02386748140664352,-0.04236520964394419,0.027171241615241204,0.01863313703293823,0.007794709596312899,151.508,59.98,0.9454,1.2759,0
2012-11-08,0.018233765146292047,0.008969206265361684,-0.012096921708828923,-0.015864622374983206,0.002898766055712265,-0.006009823560577665,0.0011418613578788595,-0.022924450912541694,152.06,60.44,0.9462,1.274,0
2012-11-09,0.005591813265777734,-0.0010124773801996056,8.689356086204469e-4,0.004265746258364622,0.013644508048996862,0.018233765146292047,0.008969206265361684,-0.012096921708828923,153.169,59.81,0.9483,1.2715,0
2012-11-13,-0.005591813265777734,-0.0042995408405746005,-0.0026816468326114062,-0.00711971997292693,-0.010136292044549133,0.005591813265777734,-0.0010124773801996056,8.689356086204469e-4,155.7,62.58,0.947,1.2716,0
2012-11-14,0.007448824012990407,2.3934897194166638e-4,-0.013590739658654982,-0.011819335802742081,0.011396134730869534,-0.005591813265777734,-0.0042995408405746005,-0.0026816468326114062,156.02,62.64,0.945,1.274,0
2012-11-15,-0.0030969365105333324,-0.006301974462382454,-0.0016934805063328895,-0.0033813530095763156,-0.008852413168491502,0.007448824012990407,2.3934897194166638e-4,-0.013590739658654982,154.331,62.0456,0.9418,1.2783,0
2012-11-16,-0.00997514505681929,-0.0012651747327270257,0.004925213028919018,0.004344898932846952,0.013800804366597141,-0.0030969365105333324,-0.006301974462382454,-0.0016934805063328895,153.06,61.53,0.9472,1.2715,0
2012-11-19,0.0275005743914023,0.011925234956142283,0.020036967984043308,0.023487643081979037,0.022986386133448278,-0.00997514505681929,-0.0012651747327270257,0.004925213028919018,155.25,63.23,0.9404,1.2806,0
2012-11-20,9.139376112172748e-4,-0.0028634512197944773,4.311583855232115e-4,3.041214753576327e-4,-0.022285044789434938,0.0275005743914023,0.011925234956142283,0.020036967984043308,154.69,62.48,0.9403,1.2814,0
2012-11-21,0.0060716640685494205,0.0010150769643058055,0.0018662078341886712,0.0020355444278914447,0.005306708255017334,9.139376112172748e-4,-0.0028634512197944773,4.311583855232115e-4,155.26,63.44,0.9394,1.2816,0
2012-11-23,0.020962164619514834,0.01216018780491357,0.013532970066101768,0.015058888931409165,0.006207344574333362,0.0060716640685494205,0.0010150769643058055,0.0018662078341886712,159.63,65.66,0.9296,1.2959,0
2012-11-26,0.0010397705739704222,-0.0010618217137325914,-0.0021246466915938456,0.004320391711169158,-0.0040303883421777265,0.020962164619514834,0.01216018780491357,0.013532970066101768,158.68,65.165,0.9284,1.2966,0
2012-11-27,-0.0025198264278007976,-0.004258597552131427,-0.00511764568496087,-0.003396319567791295,-0.006545137904908405,0.0010397705739704222,-0.0010618217137325914,-0.0021246466915938456,158.495,65.49,0.931,1.294,0
2012-11-28,-0.0101432850568286,-0.01288569997819522,0.008020199844799514,0.00858374369139181,-0.00595893248309709,-0.0025198264278007976,-0.004258597552131427,-0.00511764568496087,157.84,66.29,0.9313,1.2923,0
2012-11-29,0.016652183775914153,0.0037856802600853,0.004654779544981835,0.005934735519814716,0.01188256632822382,-0.0101432850568286,-0.01288569997819522,0.008020199844799514,158.305,67.231,0.9293,1.2953,0
2012-11-30,-0.02447883420402608,-0.006792297077018006,2.11066944182825e-4,-0.0016703367333574803,0.012050199883404389,0.016652183775914153,0.0037856802600853,0.004654779544981835,157.44,67.225,0.9264,1.301,0
2012-12-03,0.004823645168342328,4.6180241638271724e-4,-0.004936540349432583,-0.0019776381283902467,0.0012277472383224186,-0.02447883420402608,-0.006792297077018006,2.11066944182825e-4,157.99,67.81,0.925,1.3066,0
2012-12-04,-0.01851623700595706,-0.010326620515151319,-0.0014149277210258049,-6.092917172502155e-4,-0.00599955649298245,0.004823645168342328,4.6180241638271724e-4,-0.004936540349432583,155.99,66.85,0.9272,1.3081,0
2012-12-05,-0.002761161441328319,-0.0018262621500015896,0.0017683470567417814,-0.011135979365540116,-0.00572535413085129,-0.01851623700595706,-0.010326620515151319,-0.0014149277210258049,155.6,67.24,0.9262,1.3077,0
2012-12-06,0.00337371888774074,0.0023127026314408994,0.0033864855279475137,0.006401338982173321,-0.0175333232959618,-0.002761161441328319,-0.0018262621500015896,0.0017683470567417814,157.18,68.19,0.933,1.2968,0
2012-12-07,0.0024464844006701902,0.004034404028237404,0.0030240186200964914,-0.00598850158186881,-0.004114580895896669,0.00337371888774074,0.0023127026314408994,0.0033864855279475137,158.04,68.52,0.9333,1.2942,0
2012-12-10,0.003962815733138836,0.003837268467530741,0.00042122999780414005,0.002921955173889934,-0.004450102703107195,0.0024464844006701902,0.004034404028237404,0.0030240186200964914,159.52,68.9,0.933,1.293,0
2012-12-11,-0.007634790483260101,-9.051139552900267e-4,0.006785378067736936,0.012968371540494239,0.0025453402224528965,0.003962815733138836,0.003837268467530741,0.00042122999780414005,160.73,68.099,0.9333,1.2992,0
2012-12-12,0.014305524740653386,7.241566908700037e-4,4.8788988596282223e-4,-0.002124431754993772,0.009802450032254661,-0.007634790483260101,-9.051139552900267e-4,0.006785378067736936,160.61,68.24,0.9286,1.3038,0
2012-12-13,-0.026643744184692952,-0.008481301218340676,-0.006150854647509085,-0.00791365495709595,-0.006313152281073986,0.014305524740653386,7.241566908700037e-4,4.8788988596282223e-4,158.7,68.02,0.9243,1.3077,0
2012-12-14,-0.010922249319583077,-0.0014611874745895648,-0.00372282943227642,-0.009555376466796162,0.007256696933556572,-0.026643744184692952,-0.008481301218340676,-0.006150854647509085,159,69.13,0.9196,1.3134,0
2012-12-17,6.273525927213974e-4,0.0018869652858333197,0.011683765331446772,0.01320658015381504,0.00611143483291432,-0.010922249319583077,-0.0014611874745895648,-0.00372282943227642,158.02,68.74,0.9174,1.3169,0
2012-12-18,-0.01739724409409149,-0.014455721529304633,0.011067416003732511,0.01509826011744142,0.005453000970270239,6.273525927213974e-4,0.0018869652858333197,0.011683765331446772,156.71,67.69,0.913,1.3224,0
2012-12-19,-0.0173805469483459,-0.0024091187486501298,-0.007457053129069635,-0.004317527453083336,0.015112084048741536,-0.01739724409409149,-0.014455721529304633,0.011067416003732511,156.28,68.24,0.9115,1.326,0
2012-12-20,-0.03805256453579453,-0.0121960319498573,0.005735823057662515,-7.5460023172269075e-6,0.0018348629001105898,-0.0173805469483459,-0.0024091187486501298,-0.007457053129069635,152.4,66.78,0.913,1.3224,0
2012-12-21,0.0013481633319338826,0.0037493013988800783,-0.016185966924623152,-0.016126927939142277,-0.01136899632279853,-0.03805256453579453,-0.0121960319498573,0.005735823057662515,151.34,66.67,0.9172,1.3166,0
2012-12-24,-0.0037118314930149054,0.0018071355595701277,-0.003086205718156876,-0.0019958554257142325,-0.0037151745518633206,0.0013481633319338826,0.0037493013988800783,-0.016185966924623152,150.86,67.27,0.9161,1.3179,0
2012-12-26,0.0030413474222164005,9.956441394987081e-4,-0.004223871116185052,-0.008798389705166443,0.02783479899344421,-0.0037118314930149054,0.0018071355595701277,-0.003086205718156876,151.08,67.89,0.9128,1.3228,0
2012-12-27,0.008053067936987013,0.0023606894233321185,-0.0013412871305993335,-0.0015515906914185251,0.001205909100011393,0.0030413474222164005,9.956441394987081e-4,-0.004223871116185052,150.79,69.569,0.9138,1.3228,0
2012-12-28,-0.005363740650218052,-0.0038545276197154976,-0.010866970109576712,-0.009673971528396663,-0.004529677079105898,0.008053067936987013,0.0023606894233321185,-0.0013412871305993335,149.53,68.37,0.913,1.322,0
2012-12-31,0.010033528989577878,0.009179120526875195,0.01685353586365057,0.02094714636597672,0.009938344110505426,-0.005363740650218052,-0.0038545276197154976,-0.010866970109576712,151.36,69.22,0.9155,1.3186,0
2013-01-02,0.01911725986346724,0.0070703488726726604,0.025307274960627346,0.031286439581215575,0.013395050707151857,0.010033528989577878,0.009179120526875195,0.01685353586365057,153.7,69.24,0.9166,1.3195,0
2013-01-03,-0.025798431095436225,-0.012146772030451558,-0.002261901646358311,-0.005190530861983511,-0.002368266352612114,0.01911725986346724,0.0070703488726726604,0.025307274960627346,153.64,67.84,0.9222,1.311,0
2013-01-04,0.0022788162030216164,-0.004725789170675121,0.004382067950250423,-0.0033277900926744763,0.004140792666031512,-0.025798431095436225,-0.012146772030451558,-0.002261901646358311,153.5,67.51,0.9262,1.3047,0
2013-01-07,-0.002610530616709017,-0.00631508648257828,-0.002736541353368871,3.061215326383149e-4,0.0011799411398487614,0.0022788162030216164,-0.004725789170675121,0.004382067950250423,152.86,65.6944,0.9227,1.3099,0
2013-01-08,0.007012885645656386,0.007062750068808299,-0.0028814509508547914,-0.0019583937823570707,0.0011785505194441548,-0.002610530616709017,-0.00631508648257828,-0.002736541353368871,155.35,66.25,0.925,1.3068,0
2013-01-09,3.3272334361189593e-4,-4.360691550173712e-4,0.002538856134388645,0.0037512235450503084,-0.002358491659292916,0.007012885645656386,0.007062750068808299,-0.0028814509508547914,157.26,67.38,0.9244,1.3078,0
2013-01-10,0.013875346493616991,0.009241235487778887,0.007918130107050558,0.005972841408995677,0.00852319634334675,3.3272334361189593e-4,-4.360691550173712e-4,0.002538856134388645,159.86,68.91,0.9162,1.322,0
2013-01-11,-0.010554187678690319,-0.005695904453444811,-6.799252084910279e-5,0.0013389870333506693,-0.0032243908926581355,0.013875346493616991,0.009241235487778887,0.007918130107050558,160.18,69.04,0.912,1.3353,0
2013-01-14,0.019373451112771445,0.0029758236467509747,-6.801795936288713e-4,-0.004470280130903781,0.006438418495036569,-0.010554187678690319,-0.005695904453444811,-6.799252084910279e-5,162.99,69.2,0.9174,1.3369,0
2013-01-15,0.010674531246920083,0.006282071150676138,6.801795936288713e-4,-0.004940499606774118,-0.008495730021554238,0.019373451112771445,0.0029758236467509747,-6.801795936288713e-4,165.48,69.71,0.9275,1.3342,0
2013-01-16,0.0028915682797987508,5.657917545347502e-4,-1.3599891221804938e-4,0.004044040559737283,0.008495730021554238,0.010674531246920083,0.006282071150676138,6.801795936288713e-4,165.64,71.18,0.9313,1.3305,0
2013-01-17,0.006395928423341246,0.004294485127718239,0.006439608764110538,0.004771855162776895,0.01131266596735303,0.0028915682797987508,5.657917545347502e-4,-1.3599891221804938e-4,166.36,71.43,0.9331,1.3356,0
2013-01-18,0.0050874513543828215,-0.00159294237825236,0.0022272475714064655,-0.0022339721853139594,0.002880186322838263,0.006395928423341246,0.004294485127718239,0.006439608764110538,163.64,70.94,0.9346,1.3303,0
2013-01-22,0.010411830924932808,0.003550009848965807,0.0053788874391695884,0.0016387340725012578,0.006878788946803827,0.0050874513543828215,-0.00159294237825236,0.0022272475714064655,166.54,71.16,0.9278,1.3304,0
2013-01-23,0.002194702244788349,-0.002814490355188326,0.0016080405475102921,0.006084458928115488,-0.011491077319321086,0.010411830924932808,0.003550009848965807,0.0053788874391695884,165.83,71.359,0.9295,1.3308,0
2013-01-24,-0.018969901762590613,-0.011028051266378291,2.6775554079261354e-4,-0.013854970232668684,0.004324642749938157,0.002194702244788349,-0.002814490355188326,0.0016080405475102921,165.26,71.26,0.9288,1.3378,0
2013-01-25,-0.013496348820075,-0.004781578334358549,0.005606368552323104,0.005087546511371777,5.752085289456588e-4,-0.018969901762590613,-0.011028051266378291,2.6775554079261354e-4,166.55,72.65,0.9252,1.3456,0
2013-01-28,-0.012042456353538622,-0.002243410924077871,-0.0011987215074187318,0.0022363035782806406,0.004589795779773809,-0.013496348820075,-0.004781578334358549,0.005606368552323104,163.38,72.55,0.9272,1.3459,0
2013-01-29,0.016239395524531464,0.004357576616413006,0.003923790489650969,1.4890924009325346e-4,0.009967332981267951,-0.012042456353538622,-0.002243410924077871,-0.0011987215074187318,164.82,73.64,0.9216,1.3484,0
2013-01-30,0.020093165235530286,0.007426236245395401,-0.003923790489650969,-0.0020867499001751,0.005651328971226555,0.016239395524531464,0.004357576616413006,0.003923790489650969,165.47,73.58,0.9124,1.3564,0
2013-01-31,-0.016876694144695836,-0.006122657427070521,-0.002468560482315141,-0.0022406462432771335,-0.005934735519814716,0.020093165235530286,0.007426236245395401,-0.003923790489650969,164.9,72.98,0.9093,1.3584,0
2013-02-01,0.01117686870708079,0.001549667131756749,0.010234687597149517,0.011744727286674639,0.001982161203991417,-0.016876694144695836,-0.006122657427070521,-0.002468560482315141,165.68,74.22,0.903,1.3692,0
2013-02-04,-0.0028621421987256035,0.003400838028099429,-0.011304063450962687,-0.017594012805369097,-0.016255883416445016,0.01117686870708079,0.001549667131756749,0.010234687597149517,166.62,74.5,0.9087,1.3527,0
2013-02-05,0.002544530634994935,-2.4694406842318273e-4,0.010046992260911658,0.014633679086311524,0.007162328283258468,-0.0028621421987256035,0.003400838028099429,-0.011304063450962687,167.86,75.38,0.9084,1.3569,0
2013-02-06,0.0012698414404757052,0.002651458313035704,7.279706486071902e-4,-0.0032665210930895583,2.8542885879545565e-4,0.002544530634994935,-2.4694406842318273e-4,0.010046992260911658,170.58,75,0.91,1.3528,0
2013-02-07,-0.012129098583825826,-0.0033926566175059847,-0.0013239774209941046,8.919281102670595e-4,-0.01032711415584986,0.0012698414404757052,0.002651458313035704,7.279706486071902e-4,168.88,73.91,0.9176,1.3382,0
2013-02-08,3.210788276097887e-4,-0.0016697075707510223,0.005548963901235382,0.010200398887686646,5.765350404725034e-4,-0.012129098583825826,-0.0033926566175059847,-0.0013239774209941046,168.531,74.12,0.9183,1.3366,0
2013-02-11,-0.015529267107301958,-0.011641430067772518,-1.9764798957577767e-4,2.941176491786379e-4,0.012031081814102507,3.210788276097887e-4,-0.0016697075707510223,0.005548963901235382,165.89,74.371,0.9186,1.3414,0
2013-02-12,0.004229711853368734,0.0011890235763623025,0.0016458741659404197,-0.0041255399607349474,0.004545462371674525,-0.015529267107301958,-0.011641430067772518,-1.9764798957577767e-4,168.68,75.86,0.9172,1.345,0
2013-02-13,-0.011428695823623158,-0.005267460602175866,8.547852050853066e-4,0.0035372181317345763,-0.002554279805096815,0.004229711853368734,0.0011890235763623025,0.0016458741659404197,169.04,75.559,0.9182,1.3448,0
2013-02-14,-0.01023280095755652,-0.004423475539713451,9.197215206198095e-4,-2.9429076139386723e-4,0.00227079291446719,-0.011428695823623158,-0.005267460602175866,8.547852050853066e-4,167.96,75.31,0.9232,1.3334,0
2013-02-15,-0.021801970371164714,-0.01647878159149574,-0.0011826545399475918,-0.0029476808373427588,-0.01571685445581128,-0.01023280095755652,-0.004423475539713451,9.197215206198095e-4,164.62,74.16,0.9226,1.3362,0
2013-02-19,-0.013313048649737702,-0.0027644750641275806,0.007466631492668796,0.007206443423613429,0.006888660995185258,-0.021801970371164714,-0.01647878159149574,-0.0011826545399475918,166.06,74.98,0.922,1.3387,0
2013-02-20,-0.03035293191204902,-0.025362379098749166,-0.012541613549945652,-0.015506476251364809,-0.022856484660134235,-0.013313048649737702,-0.0027644750641275806,0.007466631492668796,161.62,72.34,0.9241,1.335,0
2013-02-21,0.005299429466498751,0.007761664960420411,-0.00609757986811843,-0.010773708878568655,-0.02189436569519332,-0.03035293191204902,-0.025362379098749166,-0.012541613549945652,158.4,72.08,0.9317,1.3204,0
2013-02-22,0.0031662295580496824,0.002290651873686933,0.009725193251671094,0.010014379136658924,0.005072366537151485,0.005299429466498751,0.007761664960420411,-0.00609757986811843,157.93,72.56,0.9314,1.3166,0
2013-02-25,0.008742842890077096,0.008916137294282755,-0.019210268704468625,-0.012424381809372775,-0.011675031580503425,0.0031662295580496824,0.002290651873686933,0.009725193251671094,157.44,72.9,0.9314,1.3172,1
2013-02-26,0.012800728327087008,0.012107309152693979,0.006822312596031388,0.0037630811321767155,0.00360685693099283,0.008742842890077096,0.008916137294282755,-0.019210268704468625,159.171,73.25,0.9326,1.3054,0
2013-02-27,-0.0142293248870633,-0.010618202017924183,0.012519621678080739,0.01014963981693029,0.002098007663006385,0.012800728327087008,0.012107309152693979,0.006822312596031388,157.1,73.13,0.931,1.3104,0
2013-02-28,-0.016134201195379116,-0.010209146771791744,-0.0019768061260805325,-0.0020693923522472346,-0.010231807589776487,-0.0142293248870633,-0.010618202017924183,0.012519621678080739,155.51,71.551,0.9336,1.3079,0
2013-03-01,0.0021238946037041018,-0.003666845386775641,0.0032925092301612224,0.004164194000770394,-0.009726520449889087,-0.016134201195379116,-0.010209146771791744,-0.0019768061260805325,154.5,70.68,0.9448,1.2988,0
2013-03-04,-0.001061383435922103,-9.18816104543474e-4,0.005310965504559562,0.004442477319561711,-0.01043914914470534,0.0021238946037041018,-0.003666845386775641,0.0032925092301612224,154.02,70.35,0.9423,1.2996,0
2013-03-05,0.005295687574710328,5.25141143747021e-4,0.008919039626722913,0.01466732073130661,0.008910797937835557,-0.001061383435922103,-9.18816104543474e-4,0.005310965504559562,155.9,72.301,0.9433,1.3019,0
2013-03-06,0.012248622076199034,0.005562659545221393,0.0013601478828659808,-0.002478316014467019,-0.004599118945227243,0.005295687574710328,5.25141143747021e-4,0.008919039626722913,155.7,73.36,0.947,1.299,0
2013-03-07,-0.006630629771975816,-0.003530338394663879,0.0018106575045129247,0.002623908210982684,0.012217622958602181,0.012248622076199034,0.005562659545221393,0.0013601478828659808,156.311,74.44,0.9432,1.3098,0
2013-03-08,0.0034952849286420395,1.3097576966991653e-4,0.004255051226871309,0.0011639751059542292,0.003333841548200933,-0.006630629771975816,-0.003530338394663879,0.0018106575045129247,157.34,76.88,0.9535,1.2992,0
2013-03-11,0.0010462075932480275,0.0018318618141970333,0.003788491383906134,0.0029040241114550724,-3.026176449179019e-4,0.0034952849286420395,1.3097576966991653e-4,0.004255051226871309,157.28,76.23,0.9496,1.3014,0
2013-03-12,0.006254363681569952,0.007813048403973788,-0.002245678015396102,-0.0036313497671995876,0.00663652511200441,0.0010462075932480275,0.0018318618141970333,0.003788491383906134,156.66,75.72,0.9472,1.3023,0
2013-03-13,-0.009046686612824928,-0.00344323874377217,0.0014121576260359703,-0.001310520755456679,-0.0021068480328985117,0.006254363681569952,0.007813048403973788,-0.002245678015396102,156.02,75.591,0.9518,1.2949,0
2013-03-14,-0.0059597021269786055,1.3014902081209812e-4,0.005309803602245644,0.0033457009898345547,0.0069058974353648495,-0.009046686612824928,-0.00344323874377217,0.0014121576260359703,156.07,75.58,0.9512,1.2974,0
2013-03-15,-3.516792721316442e-4,0.002086577438738857,-0.005758910208452761,-0.005095737895570274,0.00537154380191085,-0.0059597021269786055,1.3014902081209812e-4,0.005309803602245644,156.16,75.89,0.9396,1.3076,0
2013-03-18,0.00631138139911025,0.008914633623234636,-0.005534119658279657,-0.002191861767417258,0.001486989121577853,-3.516792721316442e-4,0.002086577438738857,-0.005758910208452761,155,74.66,0.9449,1.2956,0
2013-03-19,-0.00139909081933709,0.004494966792581323,-0.0023257326847403448,-0.0019035074200584035,-0.017386529097035197,0.00631138139911025,0.008914633623234636,-0.005534119658279657,153.06,72.27,0.946,1.2888,0
2013-03-20,-0.0035063149527352344,-0.004559327210946762,0.006961033587079335,0.006995844187461131,0.011425259580536196,-0.00139909081933709,0.004494966792581323,-0.0023257326847403448,154.78,74.35,0.9439,1.295,0
2013-03-21,0.01291241112680197,0.005622319184915625,-0.008579314032164831,-0.011402431811582403,-0.012030220276542547,-0.0035063149527352344,-0.004559327210946762,0.006961033587079335,155.06,74.22,0.9454,1.2928,0
2013-03-22,-0.015374167249587956,-0.004464464945178825,0.008001075074872688,0.009668988308018989,0.01680207543931944,0.01291241112680197,0.005622319184915625,-0.008579314032164831,155.34,74.66,0.9402,1.2996,0
2013-03-25,0.0031640033426563186,-0.0019949168429409525,-0.004186127510533488,-0.003651504824084384,0.007115357621269691,-0.015374167249587956,-0.004464464945178825,0.008001075074872688,155.52,74.25,0.9473,1.2881,0
2013-03-26,-0.0028119526437202502,-0.003355274795721286,0.007970730635873835,0.005399502355839303,0.01756999810138371,0.0031640033426563186,-0.0019949168429409525,-0.004186127510533488,154.4,74.87,0.9484,1.2858,0
2013-03-27,-7.042253812166166e-4,0.004127972838031013,0,0.0013235306744041608,0.0028985527540110745,-0.0028119526437202502,-0.003355274795721286,0.007970730635873835,155.36,75.32,0.9534,1.2782,0
2013-03-28,-0.011442461490672962,-0.005745101816855502,0.0030684675357646185,0.0024533477258108505,0.005772021797122218,-7.042253812166166e-4,0.004127972838031013,0,154.23,75.73,0.9468,1.2842,0
2013-04-01,-0.011719094107521588,0.0012939123238888683,-0.00396521368860725,-0.006837882175020127,-0.0020164200984602587,-0.011442461490672962,-0.005745101816855502,0.0030684675357646185,156.45,76.74,0.946,1.2857,0
2013-04-02,-0.028521128842578847,-0.01458834077629767,0.004922182085987714,0.007852301506993342,-8.654262764284937e-4,-0.011719094107521588,0.0012939123238888683,-0.00396521368860725,154.34,75.48,0.9485,1.2836,0
2013-04-03,-0.010065322627673456,-0.011215317451313211,-0.010190762764424655,-0.009167034002266483,-0.026021055908155954,-0.028521128842578847,-0.01458834077629767,0.004922182085987714,151.199,73.9,0.9451,1.2847,0
2013-04-04,-0.003377747628779293,-0.0029233958764347534,0.004050280377063231,2.9231219150016585e-4,-0.011020215772193254,-0.010065322627673456,-0.011215317451313211,-0.010190762764424655,149.311,71.335,0.9458,1.2854,0
2013-04-05,0.015295952016870729,0.016628558671163418,-0.004501325843648374,-0.00834982949526708,-0.0032998380025555107,-0.003377747628779293,-0.0029233958764347534,0.004050280377063231,150.551,71.22,0.9324,1.3027,0
2013-04-08,-0.0018528817604179793,-0.004262720820086052,0.00674441327115094,0.005276281521360282,0.006290270853105628,0.015295952016870729,0.016628558671163418,-0.004501325843648374,150.48,71.88,0.9346,1.3008,0
2013-04-09,0.02635584470536223,0.007725079333668283,0.0034509236701127932,0.006720259038774934,0.004468948298633979,-0.0018528817604179793,-0.004262720820086052,0.00674441327115094,152.08,71.261,0.9317,1.3092,0
2013-04-10,-0.012725130809492224,-0.017034842523453442,0.012174394232967956,0.019251468778465508,0.005632147687869793,0.02635584470536223,0.007725079333668283,0.0034509236701127932,149.8,70.56,0.9333,1.306,0
2013-04-11,3.658313558272397e-4,0.001988072225386439,0.0032718836210463564,-3.5713010629212505e-4,-0.010997287233939002,-0.012725130809492224,-0.017034842523453442,0.012174394232967956,150.46,71.7012,0.9294,1.3124,0
2013-04-12,-0.05488036166310373,-0.048144890774496574,-0.0024529085540088147,-7.146430662183789e-4,-0.02818795507341809,3.658313558272397e-4,0.001988072225386439,0.0032718836210463564,146.16,69.21,0.929,1.3094,0
2013-04-15,-0.1355205633544596,-0.09190507718727137,-0.023446537878639262,-0.019928457345705475,-0.032492705372326736,-0.05488036166310373,-0.048144890774496574,-0.0024529085540088147,137.62,63.92,0.9303,1.3082,1
2013-04-16,0.026633314008105202,0.011283297171420514,0.014654855432334024,0.013185730415265162,0.008537601266001893,-0.1355205633544596,-0.09190507718727137,-0.023446537878639262,142.13,66.39,0.9256,1.3141,0
2013-04-17,-0.010394203585338602,5.269695608829394e-4,-0.014719323730070677,-0.01969755148676544,-0.02389790326657737,0.026633314008105202,0.011283297171420514,0.014654855432334024,139.681,64.8,0.9306,1.3049,0
2013-04-18,-0.0013069049997822546,0.010704896925974872,-0.006273262286812908,-0.013985621648703095,0.020112409787095498,-0.010394203585338602,5.269695608829394e-4,-0.014719323730070677,140,65.38,0.9306,1.3072,0
2013-04-19,4.358248053293323e-4,0.008674110063453533,0.00865582563417533,0.01361852792555407,-0.007932772045590841,-0.0013069049997822546,0.010704896925974872,-0.006273262286812908,139.98,66.34,0.9324,1.3066,0
2013-04-22,0.008676844025689245,0.01777857120661075,0.004428051515732001,0.0102280260430474,0.01360565205577835,4.358248053293323e-4,0.008674110063453533,0.00865582563417533,140.68,67,0.9349,1.305,0
2013-04-23,-0.019629856044886207,-0.007424155215318251,0.010256500167189486,0.009548683662430335,0.0012562815722616527,0.008676844025689245,0.01777857120661075,0.004428051515732001,138.77,66.19,0.9427,1.3012,0
2013-04-24,0.009644967359181855,0.010825904397086639,6.335931277030582e-4,-4.320587667123732e-4,0.024769164098090712,-0.019629856044886207,-0.007424155215318251,0.010256500167189486,140.38,65.63,0.9484,1.2997,0
2013-04-25,0.04812510470523135,0.023287489245280568,0.004045517527587528,0.005315722595420347,0.01793429852187023,0.009644967359181855,0.010825904397086639,6.335931277030582e-4,143.74,66.83,0.9455,1.3004,0
2013-04-26,-0.016349138001529706,-0.005096634519291321,-0.0017679004478319271,-0.0031572930935110932,-0.00391743758480434,0.04812510470523135,0.023287489245280568,0.004045517527587528,144.84,66.8,0.9414,1.3024,0
2013-04-29,0.018010958076539296,0.00981611638879265,0.006676349041600638,0.009157311093607845,0.014686312219955422,-0.016349138001529706,-0.005096634519291321,-0.0017679004478319271,148.08,68.41,0.937,1.309,0
2013-04-30,-0.0024937668784024147,0.0032974387053226195,0.0023825956471510423,0.007237667300230122,-0.013479311469920319,0.018010958076539296,0.00981611638879265,0.006676349041600638,147.49,68.47,0.9298,1.3168,0
2013-05-01,-0.02650292687510092,-0.011695215731459818,-0.00880619604593047,-0.00467721070934779,-0.02349459708385604,-0.0024937668784024147,0.0032974387053226195,0.0023825956471510423,144.86,67.43,0.9268,1.3192,0
2013-05-02,0.006750235910109481,0.005723790491599878,0.009244476740420282,0.012564575542514334,0.03339715362287521,-0.02650292687510092,-0.011695215731459818,-0.00880619604593047,146.99,68.01,0.9348,1.3066,0
2013-05-03,0.01097520514376793,0.00119714108871527,0.010089771695617422,0.011715615172562366,0.015407712212990532,0.006750235910109481,0.005723790491599878,0.009244476740420282,147.02,68.03,0.934,1.3112,0
2013-05-06,-0.003364174745632109,4.221784470246348e-4,0.002537522636544942,0.003874901056554414,0.003815118347190616,0.01097520514376793,0.00119714108871527,0.010089771695617422,147.68,68.3,0.9393,1.3067,0
2013-05-07,-0.002691065015854921,-0.012529806794733922,0.0050558095239043865,-5.526388645762381e-4,-0.003815118347190616,-0.003364174745632109,4.221784470246348e-4,0.002537522636544942,145.25,66.87,0.9402,1.3085,0
2013-05-08,-0.0011072092277251144,0.014708227247933081,0.00454072081641943,0.004825266134870887,0.011401965360248845,-0.002691065015854921,-0.012529806794733922,0.0050558095239043865,147.32,68.001,0.9349,1.3177,0
2013-05-09,-0.008919150229129702,-0.011649794620987919,-0.0028201845679722837,-0.0014244771584959182,-0.00670849825215214,-0.0011072092277251144,0.014708227247933081,0.00454072081641943,147.58,69.53,0.9406,1.3105,0
2013-05-10,0.0038322380304589565,-0.008630273600948257,0.0032486467015351295,0.006089688693238671,-8.783487609060892e-4,-0.008919150229129702,-0.011649794620987919,-0.0028201845679722837,146.1,69.31,0.9594,1.2955,0
2013-05-13,-0.006823054188504596,-0.008416407628628164,7.952286701380373e-4,0.0012312745245264267,-0.00823534066130538,0.0038322380304589565,-0.008630273600948257,0.0032486467015351295,145.04,70.16,0.9576,1.2981,0
2013-05-14,-0.010322672307418568,-0.004488857812590119,0.010280833929068756,0.005182065326196472,-0.008899495105983757,-0.006823054188504596,-0.008416407628628164,7.952286701380373e-4,147.4,71.54,0.9602,1.2969,0
2013-05-15,-0.03833913039594883,-0.02334564989591037,0.005371976099652898,0.0020381826472908315,0.0014887601380091375,-0.010322672307418568,-0.004488857812590119,0.010280833929068756,145.8,70.92,0.968,1.2857,0
2013-05-16,0.00938974034983886,-0.004019058699592293,-0.004706458938023239,-0.00108651375621438,0.007706025092665936,-0.03833913039594883,-0.02334564989591037,0.005371976099652898,145.52,72.45,0.9618,1.2898,0
2013-05-17,-0.024252567012525095,-0.0227796846600965,0.00963050659806175,0.009601804785205559,0.009988332159832858,0.00938974034983886,-0.004019058699592293,-0.004706458938023239,142.66,72.379,0.9731,1.2818,0
2013-05-20,0.03751536089093532,0.03043174086809053,-5.990355529394975e-5,-0.0014815815222783968,0.006671644143818156,-0.024252567012525095,-0.0227796846600965,0.00963050659806175,146.396,73.53,0.9675,1.2865,0
2013-05-21,-0.028057952795157437,-0.016716807194505634,0.0014366958472420421,0.0010777314797705273,-0.009599046702776892,0.03751536089093532,0.03043174086809053,-5.990355529394975e-5,143.38,73.01,0.968,1.291,0
2013-05-22,-0.004980766466238684,-0.007099191510314462,-0.007445246039842424,-0.008803957088000303,-0.019239900871876436,-0.028057952795157437,-0.016716807194505634,0.0014366958472420421,143.771,73.18,0.9814,1.2864,1
2013-05-23,0.016209269796411352,0.02003443486127665,-0.0028969783070751376,-0.0022982419733184045,0.0023880608363846534,-0.004980766466238684,-0.007099191510314462,-0.007445246039842424,143.45,72.12,0.9668,1.2944,0
2013-05-24,-0.011680276547704871,-0.0063345593196100225,-8.46535302700957e-4,-5.447364971971069e-4,-0.005081463631780192,0.016209269796411352,0.02003443486127665,-0.0028969783070751376,142.48,71.16,0.9621,1.292,0
2013-05-28,-0.0036215521701032927,-0.002020580668750327,0.005970887133961433,0.006517334677866415,0.012507607962915834,-0.011680276547704871,-0.0063345593196100225,-8.46535302700957e-4,143.12,73.85,0.9734,1.287,0
2013-05-29,0.00768018231862877,0.00998815697834221,-0.00651546706452244,-0.0047480249274300945,-0.020631618343180946,-0.0036215521701032927,-0.002020580668750327,0.005970887133961433,142.78,73.3,0.9613,1.2944,0
2013-05-30,0.012077981759740286,0.013774018083920758,0.0036852480916476082,0.005289223695882583,0.004521484718845947,0.00768018231862877,0.00998815697834221,-0.00651546706452244,145.56,74.28,0.9558,1.3042,0
2013-05-31,-0.02384814932989432,-0.020546136988738972,-0.014456034055787548,-0.009240451671831629,-0.019435777300635504,0.012077981759740286,0.013774018083920758,0.0036852480916476082,142.5,73.306,0.9583,1.2988,1
2013-06-03,0.023407856772842628,0.0191552652737208,0.005491166940008618,0.0017731710299591086,0.016725340465866267,-0.02384814932989432,-0.020546136988738972,-0.014456034055787548,146.94,74.22,0.9442,1.3098,0
2013-06-04,-0.0075954649697314025,-0.009420839529617808,-0.004818404613787131,-0.005191977778745027,0.0012055456553490274,0.023407856772842628,0.0191552652737208,0.005491166940008618,146.48,73.76,0.9485,1.3075,0
2013-06-05,-0.0017945271751647063,0.0021421984184764042,-0.01409991650401654,-0.013099118702859514,0.0018055978423383579,-0.0075954649697314025,-0.009420839529617808,-0.004818404613787131,148.42,74.21,0.9422,1.3088,0
2013-06-06,0.007604599385219402,0.0074251397929154805,0.009012406680098728,0.00484597694613953,0.010765654215687981,-0.0017945271751647063,0.0021421984184764042,-0.01409991650401654,149.96,74.53,0.93,1.3248,0
2013-06-07,-0.048389175057596656,-0.0240921922781272,0.012640231802848234,0.013581387165300107,0.015934240939899702,0.007604599385219402,0.0074251397929154805,0.009012406680098728,146.94,74.24,0.9342,1.3242,0
2013-06-10,0.013472909951368628,0.004939760063371601,0,4.0869151171740725e-4,-0.004694844304207635,-0.048389175057596656,-0.0240921922781272,0.012640231802848234,147.5,75.5,0.9357,1.3234,0
2013-06-11,-0.011603750528665024,-0.0051648754359501226,-0.010369107848403836,-0.009992554572144208,-0.006195623889963198,0.013472909951368628,0.004939760063371601,0,145.07,73.41,0.9271,1.3278,0
2013-06-12,0.004657670273980674,0.007476670343019798,-0.008311576245957575,-0.011623210971510645,0.007077587786616046,-0.011603750528665024,-0.0051648754359501226,-0.010369107848403836,144.98,73.96,0.9181,1.3354,0
2013-06-13,0.001857010747212673,-0.003806116763141354,0.015094163122736148,0.012585741124888195,0.008777118956786012,0.004657670273980674,0.007476670343019798,-0.008311576245957575,142.55,71.77,0.9234,1.3314,1
2013-06-14,0.012445424521056125,0.005146000840328568,-0.006292210503092477,-0.006618887925894157,0.011872153343358338,0.001857010747212673,-0.003806116763141354,0.015094163122736148,141.69,71.52,0.9222,1.333,0
2013-06-17,-0.010129000043057612,-0.004921710158666492,0.007691876029023881,0.009637965284274408,5.755395842323985e-4,0.012445424521056125,0.005146000840328568,-0.006292210503092477,140.51,69.81,0.9254,1.3341,0
2013-06-18,-0.010700264921895464,-0.012335620881369636,0.007874533391218463,0.008187818668326408,0.005737250390143611,-0.010129000043057612,-0.004921710158666492,0.007691876029023881,141.37,69.52,0.9186,1.3407,0
2013-06-19,-0.012709043736669923,-0.01172364219380917,-0.013913162250676514,-0.011206896026706659,-0.005162041861197952,-0.010700264921895464,-0.012335620881369636,0.007874533391218463,139.01,67.851,0.9192,1.3404,0
2013-06-20,-0.08344339899705044,-0.055012099208725296,-0.025090366814104925,-0.0241344259096703,-0.03362398317395865,-0.012709043736669923,-0.01172364219380917,-0.013913162250676514,133.16,64.94,0.9296,1.3214,1
2013-06-21,0.021396638993548045,0.011663112300037248,-0.0020724094458453024,-0.00841261898293233,-0.01196544338567529,-0.08344339899705044,-0.055012099208725296,-0.025090366814104925,134.77,66.34,0.9354,1.3113,0
2013-06-24,-0.021396638993548045,-0.008996767246845394,-0.012716458963541122,-0.009988667524400086,0.012262752738244398,0.021396638993548045,0.011663112300037248,-0.0020724094458453024,130.83,64.78,0.9345,1.3091,0
2013-06-25,-0.0025779854442742334,-0.0037186784971305897,0.009568238254748174,0.00728730809394218,0.0029682420130749954,-0.021396638993548045,-0.008996767246845394,-0.012716458963541122,132.22,65.04,0.9388,1.308,0
2013-06-26,-0.0551864155672912,-0.04294351659537554,0.009852296443011,0.008929263495303097,0.0017767253711507003,-0.0025779854442742334,-0.0037186784971305897,0.009568238254748174,127.54,61.86,0.9432,1.3006,0
2013-06-27,-0.001638002004237915,-0.01998187907268978,0.005852703338765863,0.004224168489015412,0.01555880498062745,-0.0551864155672912,-0.04294351659537554,0.009852296443011,128.8,63.48,0.9464,1.3016,0
2013-06-28,0.05940240301580335,0.026974619981222858,-0.0041057600444744935,0.0014041002025990679,-0.004378929782155705,-0.001638002004237915,-0.01998187907268978,0.005852703338765863,131.08,64.65,0.945,1.301,0
2013-07-01,-0.001030396793896493,0.0168169131359015,0.005842517707177919,0.006154726380704467,0.014234082009487281,0.05940240301580335,0.026974619981222858,-0.0041057600444744935,134.54,67.23,0.9452,1.306,0
2013-07-02,-0.014015282617120928,-0.008956026361448544,-9.300307580497602e-4,4.182642096530742e-4,0.015455373470029343,-0.001030396793896493,0.0168169131359015,0.005842517707177919,133.786,67.19,0.9492,1.3017,0
2013-07-03,0.01607501558013169,0.0057311507010178175,4.341219950969588e-4,0.004048109805028233,0.01773445493976844,-0.014015282617120928,-0.008956026361448544,-9.300307580497602e-4,131.41,67.17,0.9475,1.3005,0
2013-07-05,-0.042022989774848085,-0.02219242775509045,0.010730907783307764,0.007592819875759993,0.01989015847921971,0.01607501558013169,0.0057311507010178175,4.341219950969588e-4,130.12,66.97,0.9624,1.2831,0
2013-07-08,0.011733467947866227,0.011953004265599532,0.005688610624345891,9.639882313674519e-4,-0.004111284398607307,-0.042022989774848085,-0.02219242775509045,0.010730907783307764,133.39,68.33,0.9644,1.2863,0
2013-07-09,0.008447779911933129,0.009245058144051299,0.007171539184239073,0.006038168476008465,0.009838833125838331,0.011733467947866227,0.011953004265599532,0.005688610624345891,133.66,68.49,0.9736,1.2774,0
2013-07-10,-0.004214969359312093,0.0027321290331956405,3.632840921525826e-4,0.005729892893695521,0.017790226603156878,0.008447779911933129,0.009245058144051299,0.007171539184239073,133.69,69.8,0.9682,1.2846,0
2013-07-11,0.05245418312538552,0.026837941784394914,0.013528751570695441,0.01966658212897432,-0.011284375518272771,-0.004214969359312093,0.0027321290331956405,3.632840921525826e-4,138.03,70.271,0.9496,1.3046,0
2013-07-12,-0.013619378232283541,-8.857753125752765e-4,4.1797283785083295e-4,0.004392101290877193,0.014751507941997755,0.05245418312538552,0.026837941784394914,0.013528751570695441,137.96,70.52,0.9468,1.3048,0
2013-07-15,0.0030425986960964657,4.027224088911652e-4,0.003813387210683139,0.002255091490929395,0.002924367363887459,-0.013619378232283541,-8.857753125752765e-4,4.1797283785083295e-4,139.38,71.72,0.9508,1.3039,0
2013-07-16,0.0025284463533590262,0.005701223938246791,-0.0037536910640518784,-0.001325908441398127,-0.005056564333728364,0.0030425986960964657,4.027224088911652e-4,0.003813387210683139,139.4401,71.96,0.9408,1.3144,0
2013-07-17,-0.03547017944830788,-0.012650746857044481,0.0025635689360745673,0.002517724777930219,0.0085016452553206,0.0025284463533590262,0.005701223938246791,-0.0037536910640518784,137.72,71.7,0.9428,1.3094,0
2013-07-18,0.003134798805371375,0.005579604496731783,0.005462872085743697,-0.002517724777930219,0.014184634991956546,-0.03547017944830788,-0.012650746857044481,0.0025635689360745673,138.52,72.58,0.9468,1.3078,0
2013-07-19,0.007276539382869984,0.00883114281462749,0.0017749383431553412,-0.010402867888307021,0.002864958334154455,0.003134798805371375,0.005579604496731783,0.005462872085743697,139.56,73.05,0.9401,1.3142,0
2013-07-22,0.047531697112125126,0.029377974133689477,0.0019488003333041348,0.0029451159172415586,-0.013880018564831786,0.007276539382869984,0.00883114281462749,0.0017749383431553412,141.27,72.97,0.9357,1.3193,0
2013-07-23,-4.939491332835999e-4,0.006729864889583936,-0.0021261524664284437,-0.007379117135378976,0.004473103103691312,0.047531697112125126,0.029377974133689477,0.0019488003333041348,141.74,72.17,0.9368,1.3212,0
2013-07-24,-0.01593659226281252,-0.017341699803446353,-0.003672337243259882,0.003226676636579384,-0.01828107607002627,-4.939491332835999e-4,0.006729864889583936,-0.0021261524664284437,141.5436,73.09,0.9354,1.3228,0
2013-07-25,0.002006018726865566,0.009291497647763158,0.0024299908238205603,0.006288908129456594,0.004801289564833056,-0.01593659226281252,-0.017341699803446353,-0.003672337243259882,141.46,72.17,0.9336,1.3234,0
2013-07-26,-0.008553511268843295,8.545349131381386e-4,0.0010649628269563394,0.005321284340408461,-0.009894451626788037,0.002006018726865566,0.009291497647763158,0.0024299908238205603,139.76,70.92,0.9289,1.3269,0
2013-07-29,-0.00867317808902257,-0.002410108066518646,-0.003079658933883067,-0.0018592302832489693,-0.0021522741695427783,-0.008553511268843295,8.545349131381386e-4,0.0010649628269563394,140.97,72.6,0.9308,1.3262,0
2013-07-30,-0.005576426890431918,-0.0027280893025611874,0,0.005302942295807966,-0.012466286105754065,-0.00867317808902257,-0.002410108066518646,-0.003079658933883067,140.6,71.16,0.9298,1.3266,0
2013-07-31,0.0051124855732349594,-0.0012496096596397166,7.115327901736634e-4,0.0018494060753440067,0.018641631277407367,-0.005576426890431918,-0.0027280893025611874,0,140.49,71.2,0.9284,1.3282,0
2013-08-01,-0.009736177345076147,-0.01060621954915586,0.011492008490555428,0.01011104405427421,0.02406568607696924,0.0051124855732349594,-0.0012496096596397166,7.115327901736634e-4,140.78,71.6,0.9353,1.3217,0
2013-08-02,0.009226103373292993,-0.001976519598277271,0.0016978429768714776,0.005602255548669888,-0.00866033493074303,-0.009736177345076147,-0.01060621954915586,0.011492008490555428,141.5546,71.32,0.9293,1.3268,0
2013-08-05,-0.007168489478612816,-0.0052368603376828915,-0.0014634862849156605,6.493928405371108e-4,-0.002903525861930323,0.009226103373292993,-0.001976519598277271,0.0016978429768714776,142.012,71.58,0.9302,1.3257,0
2013-08-06,-0.008774249840221238,-0.013858514746146078,-0.005698690626955383,-0.005990381242064302,-0.009828741628995274,-0.007168489478612816,-0.0052368603376828915,-0.0014634862849156605,139.681,70.61,0.9266,1.3296,0
2013-08-07,0.0010362695227854601,0.0014509111041203226,-0.0032457022975709293,-0.0018303051259449532,-0.01208555061787786,-0.008774249840221238,-0.013858514746146078,-0.005698690626955383,140.52,70.8,0.9222,1.3329,0
2013-08-08,0.03810468609336626,0.021593604251575194,0.003658037001378567,0.004960198134872584,-0.004603935010958349,0.0010362695227854601,0.0014509111041203226,-0.0032457022975709293,145.25,72.07,0.9194,1.3392,0
2013-08-09,0.008933061885475269,0,-0.0028899197371066165,-0.004044626819851516,0.020153846188980307,0.03810468609336626,0.021593604251575194,0.003658037001378567,146.65,72.44,0.9221,1.3338,0
2013-08-12,0.04161219606275601,0.017735532652809027,-0.0011819633785474792,0.0023504842370281054,0.00451228370121326,0.008933061885475269,0,-0.0028899197371066165,146.389,72.18,0.9248,1.3312,0
2013-08-13,0.004261050994224913,-0.010822700725117151,0.0029522931221546145,0.005592782998480317,0.003700770811081,0.04161219606275601,0.017735532652809027,-0.0011819633785474792,146.61,72.32,0.934,1.3247,0
2013-08-14,0.017769368924819506,0.009815456228229102,-0.0051426151462665715,-0.0037684405586926317,0.005000668402131758,0.004261050994224913,-0.010822700725117151,0.0029522931221546145,147.26,72.17,0.9354,1.3256,0
2013-08-15,0.04929779519879496,0.020638271360456706,-0.014084739881739416,-0.017069742195256588,0.003930307692688206,0.017769368924819506,0.009815456228229102,-0.0051426151462665715,149.01,74.47,0.9334,1.3263,0
2013-08-16,0.010972240865544158,0.006735561091116615,-0.003311161629734549,-3.3113679563445686e-4,0.004175371410480189,0.04929779519879496,0.020638271360456706,-0.014084739881739416,149.3199,74.7,0.9269,1.3321,0
2013-08-19,-0.0013103299538070878,-0.004308559520577404,-0.006412605156667084,-0.0017900359471951788,-0.006007592836542397,0.010972240865544158,0.006735561091116615,-0.003311161629734549,147.43,73.43,0.9247,1.3348,0
2013-08-20,-0.007017572658646554,0.003327538425410559,0.0049038996413202085,0.0043699996711188405,-0.017175742619114587,-0.0013103299538070878,-0.004308559520577404,-0.006412605156667084,148.56,73.19,0.9178,1.3426,0
2013-08-21,-0.0017621149933995106,-0.0028731306623654973,-0.006179216365958418,-0.0034414329134122568,-0.00937213982886309,-0.007017572658646554,0.003327538425410559,0.0049038996413202085,148.66,72.86,0.9211,1.3368,0
2013-08-22,0.005715557436745566,0.005587450356446588,0.009073923489182789,0.009763898652899172,0.009905046849201682,-0.0017621149933995106,-0.0028731306623654973,-0.006179216365958418,150.64,73.73,0.9236,1.3362,0
2013-08-23,0.038276011844788904,0.015614227801550307,0.003366601712878392,0.006674107087692782,0.010862472683276447,0.005715557436745566,0.005587450356446588,0.009073923489182789,150.36,73.34,0.9207,1.3392,0
2013-08-26,0.014659948410684631,0.004068805317394286,-0.0037279821902194143,5.215804004015112e-4,2.634699000880758e-4,0.038276011844788904,0.015614227801550307,0.003366601712878392,151.37,73.06,0.9229,1.3369,0
2013-08-27,0.005390848634876377,0.009551872770986236,-0.01621509429149537,-0.020679037825381386,0.023689771122404668,0.014659948410684631,0.004068805317394286,-0.0037279821902194143,149.27,72.67,0.9186,1.3387,0
2013-08-28,-0.006639028534809022,-2.92547358189843e-4,0.0035448026362203677,0.003852033719716097,0.00538808231044996,0.005390848634876377,0.009551872770986236,-0.01621509429149537,150.23,72.92,0.9221,1.3326,0
2013-08-29,-0.019200643662077077,-0.00616334770766791,0.0015849796051581322,0.007001812078545555,-0.01287681969699861,-0.006639028534809022,-2.92547358189843e-4,0.0035448026362203677,148.75,71.95,0.9316,1.3228,0
2013-08-30,-0.017691392457517274,-0.009242551653665387,-0.003172475359237481,-0.006471659647307781,-0.0025953816800776686,-0.019200643662077077,-0.00616334770766791,0.0015849796051581322,148.62,70.42,0.9313,1.3196,0
2013-09-03,0.03480826791404956,0.013282367644006143,0.004511652574229252,0.005681458104807469,0.007250161225059948,-0.017691392457517274,-0.009242551653665387,-0.003172475359237481,150.3,70.06,0.9363,1.3164,0
2013-09-04,-0.030067901355774307,-0.012985279109438252,0.008238975544553107,0.010615393569620046,-0.010895049405066803,0.03480826791404956,0.013282367644006143,0.004511652574229252,146.44,68.57,0.9356,1.3212,0
2013-09-05,-0.013853035389293833,-0.018437155699548846,0.0012661663986959226,0.0016932599291514805,0.009087431094922938,-0.030067901355774307,-0.012985279109438252,0.008238975544553107,145.22,67.34,0.9437,1.312,0
2013-09-06,0.02539409103804635,0.014642649454047252,4.8192772017063845e-4,0.0011705795704877175,0.017168903471631136,-0.013853035389293833,-0.018437155699548846,0.0012661663986959226,146.13,68.09,0.9385,1.3166,0
2013-09-09,-0.005967622143183249,-0.0017906443641590997,0.00953044645834833,0.011631043500453409,-0.010728072239999165,0.02539409103804635,0.014642649454047252,4.8192772017063845e-4,145,66.96,0.9314,1.326,0
2013-09-10,-0.03214872866704477,-0.016337649294927203,0.0073700185008584995,0.004870555642223273,-0.015658682933195944,-0.005967622143183249,-0.0017906443641590997,0.00953044645834833,143.96,67.92,0.9344,1.326,0
2013-09-11,0.0083535328587665,-3.036744633115873e-4,0.0031335940739092294,-0.001919754861051004,0.0037753087866478907,-0.03214872866704477,-0.016337649294927203,0.0073700185008584995,144.15,67.84,0.9314,1.3301,0
2013-09-12,-0.05706158119449789,-0.03107779891697593,-0.002659969057654976,-6.40738152247522e-4,0.009955476884677683,0.0083535328587665,-3.036744633115873e-4,0.0031335940739092294,140.76,67.44,0.9286,1.3315,0
2013-09-13,0.02186079829954357,0.0011742143898763047,0.0022466605169499942,6.40738152247522e-4,-3.8602586852665155e-4,-0.05706158119449789,-0.03107779891697593,-0.002659969057654976,141.82,68.59,0.9319,1.3276,0
2013-09-16,-0.02758795651882906,-0.010776051106161866,0.005770832173495499,-0.0026938634724622545,-0.019231361927887658,0.02186079829954357,0.0011742143898763047,0.0022466605169499942,140.27,68.83,0.9258,1.335,0
2013-09-17,9.319665166636071e-4,3.953350516008314e-4,0.004452523613455384,0.0066573027847658395,-0.009756174945364737,-0.02758795651882906,-0.010776051106161866,0.005770832173495499,139.06,68.78,0.9266,1.3357,0
2013-09-18,0.061418848651014546,0.042635369125092915,0.011507740617153317,0.011923023030455226,0.024602130644689524,9.319665166636071e-4,3.953350516008314e-4,0.004452523613455384,143.66,70.43,0.926,1.3351,0
2013-09-19,-0.003949972219314368,-0.001971489871196219,-0.001677221988853006,0.002392797565057947,-0.015633460661929277,0.061418848651014546,0.042635369125092915,0.011507740617153317,142.95,71.5255,0.9112,1.3527,0
2013-09-20,-0.05607255318877291,-0.029188472340154092,-0.011878560539057226,-0.006499060639225895,-0.008174073198798926,-0.003949972219314368,-0.001971489871196219,-0.001677221988853006,139.84,69.94,0.9104,1.3522,0
2013-09-23,-0.008407335835973306,-0.003209270493496952,-0.004638200007429205,-0.0019643259492436727,-0.013326423233198437,-0.05607255318877291,-0.029188472340154092,-0.011878560539057226,139,69.74,0.91,1.352,0
2013-09-24,0.004212503303947734,8.620352400905418e-4,-0.0023566852361520674,0,-0.0013424622770621397,-0.008407335835973306,-0.003209270493496952,-0.004638200007429205,139.555,70.369,0.9114,1.349,0
2013-09-25,0.004194832532025572,0.008812691076667711,-0.002894529002061219,-0.0034309710256064108,-0.009176852525711876,0.004212503303947734,8.620352400905418e-4,-0.0023566852361520674,139.564,70.62,0.9082,1.3536,0
2013-09-26,-0.002794598931015635,-0.007794879283967049,0.0038378696769338916,0.007734775137132388,0.005408342009261435,0.004194832532025572,0.008812691076667711,-0.002894529002061219,137.99,70.39,0.9105,1.3484,0
2013-09-27,0.0018639334380625705,0.009191527555688417,-0.004607214292480677,-0.0012639031005070578,-0.003241493924170946,-0.002794598931015635,-0.007794879283967049,0.0038378696769338916,138.87,71.29,0.905,1.3537,0
2013-09-30,-0.0037313476128582046,-0.006144293100219578,-0.0053425272509430854,-0.0024058257884558287,-0.0029806281381379307,0.0018639334380625705,0.009191527555688417,-0.004607214292480677,137.32,70.74,0.9041,1.3535,0
2013-10-01,-0.0231634085872634,-0.028407179765308932,0.007885026772820325,0.010090902981962913,-0.004623971247081471,-0.0037313476128582046,-0.006144293100219578,-0.0053425272509430854,135.62,70.37,0.9064,1.3534,0
2013-10-02,0.025497131933483796,0.019631069527615175,-9.452913382625994e-4,-3.765769202850322e-4,0.01997367345767964,-0.0231634085872634,-0.028407179765308932,0.007885026772820325,135.99,70.22,0.9017,1.3592,0
2013-10-03,-9.328358885403176e-4,9.439900008745283e-4,-0.009263724205108126,-0.011744783612059884,-0.007510764921383917,0.025497131933483796,0.019631069527615175,-9.452913382625994e-4,134.34,68.73,0.8972,1.3642,0
2013-10-04,9.328358885403176e-4,-0.0051239716380893086,0.007548102759069586,0.008601115509092594,0.004566831308506547,-9.328358885403176e-4,9.439900008745283e-4,-0.009263724205108126,135.8,68.34,0.9052,1.3582,0
2013-10-07,0.028947576034868305,0.008734367208870886,-0.008682261961378224,-0.008347082737499179,-0.004566831308506547,9.328358885403176e-4,-0.0051239716380893086,0.007548102759069586,137.15,68.67,0.905,1.3569,0
2013-10-08,-0.0027210901143606137,-0.0018820582719802914,-0.011715011875240933,-0.01949279467950049,0.004566831308506547,0.028947576034868305,0.008734367208870886,-0.008682261961378224,137.11,69.68,0.904,1.3582,0
2013-10-09,-0.02093051107442445,-0.010177201170279204,7.249003579481439e-4,-0.0031128429804905267,-0.02058020103727909,-0.0027210901143606137,-0.0018820582719802914,-0.011715011875240933,135.06,68.34,0.9104,1.3513,0
2013-10-10,-0.008101772218537029,-0.014697924149880137,0.021328884536041315,0.020953269950065412,0.014935783417602266,-0.02093051107442445,-0.010177201170279204,7.249003579481439e-4,135.53,69.3,0.9104,1.3535,0
2013-10-11,-0.01649346013206321,-0.01352959431579226,0.006422553968710609,0.0076036356705229124,-0.009478743954543845,-0.008101772218537029,-0.014697924149880137,0.021328884536041315,134.08,69.45,0.9103,1.3559,0
2013-10-15,0.0016953301761852835,0.00917474872377344,-0.0032945082157302963,0.003277038475899552,-0.00764822083825667,-0.01649346013206321,-0.01352959431579226,0.006422553968710609,135.35,69.13,0.9152,1.3494,0
2013-10-16,-0.0026463525968893897,-0.0015367819581317832,0.013869198524885107,0.01138579706896703,0.012263404814062628,0.0016953301761852835,0.00917474872377344,-0.0032945082157302963,136.56,69.93,0.9163,1.349,0
2013-10-17,0.025365380591991116,0.03092372642058905,0.006661092137832725,0.005953875191569757,-0.014734236544675205,-0.0026463525968893897,-0.0015367819581317832,0.013869198524885107,140.55,72.27,0.9028,1.3664,0
2013-10-18,0.0032414939241713903,-0.004483430643050568,0.0067317074784698505,0.015705844315787587,0.0019222853646909677,0.025365380591991116,0.03092372642058905,0.006661092137832725,140.53,72.4,0.9013,1.3693,0
2013-10-21,0.013774322464829236,0.001024307697012894,5.7341093510743235e-5,0.002188982997381572,-0.014090577099254542,0.0032414939241713903,-0.004483430643050568,0.0067317074784698505,140.5,73.25,0.9019,1.3672,0
2013-10-22,0.021651725383038833,0.0184150022761429,0.005774579380809719,0.0016992357529597157,-0.014856615231600756,0.013774322464829236,0.001024307697012894,5.7341093510743235e-5,141.72,73.53,0.8947,1.3778,0
2013-10-23,-0.0044722793683944495,-0.0050381845128733005,-0.0048002835190006365,-0.006204022088915018,-0.013075797443992787,0.021651725383038833,0.0184150022761429,0.005774579380809719,140.38,72.7616,0.8918,1.3786,0
2013-10-24,0.004025950416552959,0.009358512170980049,0.0033169423068075687,0.0048691514338106145,0.001143837699777439,-0.0044722793683944495,-0.0050381845128733005,-0.0048002835190006365,141.909,72.8,0.8916,1.381,0
2013-10-25,-0.0058204775917176654,0.004301742691396271,0.004557114124097872,0.006656605517600056,0.009387069356162403,0.004025950416552959,0.009358512170980049,0.0033169423068075687,142.2,72.38,0.8939,1.3794,0
2013-10-28,-0.0031481923910425813,7.662248478466083e-4,0.001590096308683897,-6.033182686770999e-4,0.006490780513490613,-0.0058204775917176654,0.004301742691396271,0.004557114124097872,143.7,72.71,0.8954,1.3786,0
2013-10-29,4.503490281022593e-4,-0.00606923846665719,0.005319763536068223,0.0027722551353397407,-0.003945890125437668,-0.0031481923910425813,7.662248478466083e-4,0.001590096308683897,142.79,72.74,0.8982,1.377,0
2013-10-30,0.008964649906499478,-0.0013108688309655392,-0.0049793573146939,-0.0019277114403326578,-0.01594112891727928,4.503490281022593e-4,-0.00606923846665719,0.005319763536068223,144.03,73,0.8964,1.3771,0
2013-10-31,-0.03542604784786807,-0.014455835784731086,-0.0028402654858519227,-0.002173126534313674,-0.004601676224874396,0.008964649906499478,-0.0013108688309655392,-0.0049793573146939,141.64,71.95,0.9056,1.3594,0
2013-11-01,-0.0013879252748481008,-0.0062036399827549715,0.0023863647688395773,4.8332528732064617e-4,-0.016303998228590633,-0.03542604784786807,-0.014455835784731086,-0.0028402654858519227,142.11,72.36,0.9124,1.3488,0
2013-11-04,-0.011641575015485905,-0.0011034049038798344,0.0035123534862462336,0.0015691958075407797,-0.002611159047894329,-0.0013879252748481008,-0.0062036399827549715,0.0023863647688395773,141.96,73.16,0.9106,1.3516,0
2013-11-05,0.003273325344969269,-0.001973399227463979,-0.0031719086350232573,0.001446306145812315,-0.010929070532190277,-0.011641575015485905,-0.0011034049038798344,0.0035123534862462336,141.74,73.24,0.9126,1.347,0
2013-11-06,0.004657670273980674,0.005044146886677758,0.005092813180483269,-2.409058069954284e-4,0.015296721732264817,0.003273325344969269,-0.001973399227463979,-0.0031719086350232573,143.02,74.5,0.9109,1.353,0
2013-11-07,-0.009097952595065184,-0.0082097082512389,-0.012723829710171053,-0.01897174741888996,-0.006426172732755475,0.004657670273980674,0.005044146886677758,0.005092813180483269,142.21,74.45,0.9184,1.339,0
2013-11-08,-0.004846403247119824,-0.015021904509266548,0.01340091600811455,0.01353596668519863,0.001176816846611306,-0.009097952595065184,-0.0082097082512389,-0.012723829710171053,140.99,74.16,0.922,1.3357,0
2013-11-12,-0.035584696479512345,-0.014826254747339895,-0.0018630915763191425,-3.634381286596877e-4,-0.010938763914356553,-0.004846403247119824,-0.015021904509266548,0.01340091600811455,139.96,72.33,0.9176,1.3428,0
2013-11-13,-0.009818504248903626,0.003261315569011991,0.007992387904090847,0.011924260529736053,0.007699179281657198,-0.035584696479512345,-0.014826254747339895,-0.0018630915763191425,140.19,71.72,0.9155,1.3456,0
2013-11-14,0.012252052307859973,0.011492518850714895,0.0049769430286863425,0.0029888240313891146,8.845644097341676e-4,-0.009818504248903626,0.003261315569011991,0.007992387904090847,141.35,72.15,0.9152,1.3468,0
2013-11-15,-0.0014623448864798938,4.022688014337916e-4,0.0043415408281370915,0.00226554678671409,-0.0014747090122848583,0.012252052307859973,0.011492518850714895,0.0049769430286863425,140.66,71.59,0.9152,1.348,0
2013-11-18,-0.017716998853946286,-0.011487870047347748,-0.0035051639637471155,-0.00981456112794099,-0.00770374180338429,-0.0014623448864798938,4.022688014337916e-4,0.0043415408281370915,137.86,70.021,0.9121,1.352,0
2013-11-19,-0.002983592466887952,4.067520902122368e-4,-0.0021760365679552862,-0.002890871683241869,0.002970005153185351,-0.017716998853946286,-0.011487870047347748,-0.0035051639637471155,138.57,70.41,0.9114,1.3529,0
2013-11-20,-0.024194728587056513,-0.023286525547072223,-0.003132869695257945,-0.0024154601116039842,-0.002672607381476677,-0.002983592466887952,4.067520902122368e-4,-0.0021760365679552862,136.17,69.52,0.9158,1.3451,0
2013-11-21,0.006103782938017499,-0.0014996253747661115,0.008036205980603839,0.010105957039383995,0.015929540375022366,-0.024194728587056513,-0.023286525547072223,-0.003132869695257945,136.128,69.91,0.9146,1.347,0
2013-11-22,-0.005287789420688416,-1.6676394602122002e-4,0.004990030314534266,0.005372185068506674,-0.0038117624220270763,0.006103782938017499,-0.0014996253747661115,0.008036205980603839,135.23,69.72,0.9072,1.3547,0
2013-11-25,0.007815019246989241,0.004492893821232968,-9.96016018596002e-4,0.002378405212036583,-0.006483960234739072,-0.005287789420688416,-1.6676394602122002e-4,0.004990030314534266,135.25,70.34,0.9125,1.3502,0
2013-11-26,-0.008631012764318324,-0.0053271309597962,2.767706419373184e-4,0.005212664332441719,-0.0038512860519728243,0.007815019246989241,0.004492893821232968,-9.96016018596002e-4,134.26,70.04,0.908,1.3555,0
2013-11-27,-0.009226103373292993,-0.0030090293516193967,0.002432284228414794,0.006947334389751703,-0.01495243168657856,-0.008631012764318324,-0.0053271309597962,2.767706419373184e-4,132.14,70.07,0.9091,1.3563,0
2013-11-29,0.015329886311310492,0.010326540799326267,-6.627637489922122e-4,0.005966674618898438,0.008102069826795066,-0.009226103373292993,-0.0030090293516193967,0.002432284228414794,133.48,70.16,0.9047,1.3606,0
2013-12-02,-0.04141378555075681,-0.02618917512937724,-0.0026000623172590664,-0.0029203922397176285,0.006553493815447897,0.015329886311310492,0.010326540799326267,-6.627637489922122e-4,131.02,69.42,0.9076,1.3552,0
2013-12-03,-0.0026462042432737753,0.0032266309729669373,-0.004329972347410838,-8.192404928912822e-4,0.024344947735785993,-0.04141378555075681,-0.02618917512937724,-0.0026000623172590664,132.73,69.89,0.903,1.3604,0
2013-12-04,0.030273710683996757,0.016812769933732596,-1.1127183721271194e-4,9.362200800868692e-4,0.01066446193086712,-0.0026462042432737753,0.0032266309729669373,-0.004329972347410838,134.05,71.09,0.9052,1.3555,0
2013-12-05,-0.015022297521741113,-0.013934582896466985,-0.004405170644493417,-0.0012875287083264908,0.001432459777961359,0.030273710683996757,0.016812769933732596,-1.1127183721271194e-4,133.14,71.93,0.8976,1.3664,0
2013-12-06,0.005200441705790038,0.0021110415270735317,0.011114930478145268,0.007235414923691508,0.0034295546618587913,-0.015022297521741113,-0.013934582896466985,-0.004405170644493417,132.82,71.69,0.8939,1.369,0
2013-12-09,0.018014425959750557,0.009820870473083332,0.0025390530834412672,0.0040615083391806195,-0.004002292363654458,0.005200441705790038,0.0021110415270735317,0.011114930478145268,134.4,71.87,0.8914,1.3726,0
2013-12-10,0.027660802994912803,0.0173888624238403,-0.003589676642162587,-6.950880724714281e-4,0.011392888823350322,0.018014425959750557,0.009820870473083332,0.0025390530834412672,135.87,72.06,0.8876,1.3765,0
2013-12-11,-0.0059701669865037665,-0.007911694474925568,-0.011294525717983284,-0.01294705202514912,-0.009389740349839304,0.027660802994912803,0.0173888624238403,-0.003589676642162587,135.26,72.13,0.8856,1.3798,0
2013-12-12,-0.03866198703426438,-0.02149361437576669,-0.003306714516496889,-0.0025861070014387977,-2.8591851517134614e-4,-0.0059701669865037665,-0.007911694474925568,-0.011294525717983284,132.95,70.11,0.8902,1.3752,0
2013-12-13,0.007430829101315872,0.009172446182858174,-1.1228385370021243e-4,-0.0012955658133932957,-0.009481467381049935,-0.03866198703426438,-0.02149361437576669,-0.003306714516496889,132.94,69.98,0.8904,1.3724,0
2013-12-16,0.013611774367318752,0.002593384144774724,0.006212764505379553,0.005523901922914298,0.008623221011676119,0.007430829101315872,0.009172446182858174,-1.1228385370021243e-4,132.94,69.93,0.8876,1.3757,0
2013-12-17,-0.0030518843626645697,-0.008727084003505858,-0.0031855169866545907,-0.001994486494452552,-0.0020054440183510103,0.013611774367318752,0.002593384144774724,0.006212764505379553,131.83,68.29,0.887,1.3748,0
2013-12-18,-0.01075554542519086,-0.008803917018827434,0.016928390932706705,0.011559472517267189,0.004577976521835669,-0.0030518843626645697,-0.008727084003505858,-0.0031855169866545907,130.78,68.31,0.8872,1.3766,1
2013-12-19,-0.024499531334743363,-0.024008381123454825,-0.0011564196338156307,-0.0027900506357543264,0.008244538526363865,-0.01075554542519086,-0.008803917018827434,0.016928390932706705,128.81,67.98,0.8964,1.3666,0
2013-12-20,0.007360706209220691,0.009707131172095984,3.85621819955162e-4,0.006960584947623971,0.004519781705619508,-0.024499531334743363,-0.024008381123454825,-0.0011564196338156307,130.24,68.28,0.8952,1.3673,0
2013-12-23,0.004703431717635986,-0.003196408924236671,0.005328365486428233,0.010465278654562482,-0.0033879196719359683,0.007360706209220691,0.009707131172095984,3.85621819955162e-4,129.76,68.08,0.8942,1.3701,0
2013-12-24,0.0036429912785012064,0.0045754817164960215,0.002189022928513751,4.575088722145182e-4,0.0036697288889624424,0.004703431717635986,-0.003196408924236671,0.005328365486428233,130.32,67.9899,0.8961,1.3676,0
2013-12-26,0.012903404835907573,0.005497351071799272,0.005071032432401701,0.0033106942734573153,0.0044981802018999595,0.0036429912785012064,0.0045754817164960215,0.002189022928513751,132.45,68.42,0.8963,1.369,0
2013-12-27,0.013751171612824464,0.003249810437355727,-5.439068832746585e-5,-0.0025105570643972897,0.00531544124642469,0.012903404835907573,0.005497351071799272,0.005071032432401701,134.48,69.5,0.8893,1.3766,0
2013-12-30,-0.02147321770673427,-0.014881355006425068,-1.6318981731799909e-4,-0.001486479034218391,-0.008687178073794044,0.013751171612824464,0.003249810437355727,-5.439068832746585e-5,132.82,69.26,0.8866,1.3816,0
2013-12-31,-0.007782140442055052,0.0063064439498532465,0.004721725957857359,0.006501306047107747,-0.005928034297176588,-0.02147321770673427,-0.014881355006425068,-1.6318981731799909e-4,133.89,69.62,0.8904,1.3779,0
2014-01-02,0.026723070140753258,0.016060485309235872,-0.009629845097966161,-0.007875404511340278,-0.031346923193665166,-0.007782140442055052,0.0063064439498532465,0.004721725957857359,137.02,70.93,0.8998,1.367,0
2014-01-03,0.010090902981962913,0.01087287882818977,-1.6401957337031092e-4,-0.007245158482485081,-0.014122035223555152,0.026723070140753258,0.016060485309235872,-0.009629845097966161,137.91,71.12,0.9044,1.3606,0
2014-01-06,0,0.0017588680777107513,-0.002902123871242779,-0.003700281742855971,-0.0053476063265951446,0.010090902981962913,0.01087287882818977,-1.6401957337031092e-4,138.52,72.08,0.9036,1.3636,0
2014-01-07,-0.015684611948197258,-0.005706628443970629,0.006122914383730027,0.009225157674825901,2.978406574509762e-4,0,0.0017588680777107513,-0.002902123871242779,137.98,72.33,0.9086,1.3618,0
2014-01-08,-0.015934544297415254,-0.005908686051872891,2.1798365208969273e-4,0.0021785251980110942,-0.012586321382300536,-0.015684611948197258,-0.005706628443970629,0.006122914383730027,138.29,71.82,0.9102,1.3586,0
2014-01-09,0,0.0028742939730967976,6.536659999607508e-4,-0.003327026530182131,-0.00241546011160354,-0.015934544297415254,-0.005908686051872891,2.1798365208969273e-4,138.361,71.88,0.9085,1.3591,0
2014-01-10,0.028602562706186774,0.015080714762603975,0.002719018478678059,0.0032124855530231144,0.0033197555763924136,0,0.0028742939730967976,6.536659999607508e-4,140.24,72.53,0.9032,1.3664,0
2014-01-13,0.014992784586141283,0.006299755582752198,-0.013394399745350505,-0.014886894282168939,-0.011515278758872594,0.028602562706186774,0.015080714762603975,0.002719018478678059,140.78,72.12,0.9026,1.3647,0
2014-01-14,-0.011976191046715545,-0.009381165474612985,0.01083873102609445,0.018888042803855143,0.006985601679766695,0.014992784586141283,0.006299755582752198,-0.013394399745350505,139.38,71.87,0.9009,1.3682,0
2014-01-15,-0.001507159290571547,-0.0019202677576766192,0.005375627204037947,0.008180934162670184,0.021853885744699486,-0.011976191046715545,-0.009381165474612985,0.01083873102609445,139.38,72.53,0.9084,1.3604,0
2014-01-16,-0.004030232155421309,0.0010858217813538573,-0.0013005312334861685,1.1315417268065175e-4,-0.0035597783067400357,-0.001507159290571547,-0.0019202677576766192,0.005375627204037947,139.45,72.58,0.9064,1.36,0
2014-01-17,0.010045287885182663,0.009471656053944955,-0.004238445729973783,-0.0056734521861843135,0.0011880013277250079,-0.004030232155421309,0.0010858217813538573,-0.0013005312334861685,141.68,72.95,0.91,1.3554,0
2014-01-21,-0.01866384566932222,-0.010223253233256457,0.002936220912199694,0.007595116712432848,0.008865306289563168,0.010045287885182663,0.009471656053944955,-0.004238445729973783,141.7482,72.93,0.9092,1.356,0
2014-01-22,-0.007153837356618897,-0.004269754069310849,6.513243825567727e-4,0.002594035177046372,0.01663058022783037,-0.01866384566932222,-0.010223253233256457,0.002936220912199694,142.05,72.86,0.9116,1.3546,0
2014-01-23,0.012739025777429802,0.021579391604402254,-0.008226911747265753,-0.0033848616318641334,0.00461894585629441,-0.007153837356618897,-0.004269754069310849,6.513243825567727e-4,142.13,72.74,0.9002,1.368,0
2014-01-24,-0.006604037209913649,0.004097023102259456,-0.02156686112538786,-0.0198613993668042,-0.004040409537005019,0.012739025777429802,0.021579391604402254,-0.008226911747265753,139.23,71.63,0.8949,1.368,0
2014-01-27,-0.013340372288785929,-0.010935360770055524,-0.004931363313782633,-0.009731309417010614,-0.010173027713050509,-0.006604037209913649,0.004097023102259456,-0.02156686112538786,137.64,70.47,0.8956,1.3679,0
2014-01-28,-0.002585985408007918,-8.267537518680257e-5,0.005937062359326006,-5.822416467253788e-4,0.013349008439564436,-0.013340372288785929,-0.010935360770055524,-0.004931363313782633,137.689,70.05,0.8984,1.3662,0
2014-01-29,0.01081648454452333,0.012488864977159508,-0.009651609629036884,-0.010774199551566888,0.0011524057743241833,-0.002585985408007918,-8.267537518680257e-5,0.005937062359326006,137.93,69.82,0.8948,1.3663,0
2014-01-30,-0.031220017361214047,-0.02229286507378081,0.01054471602387519,0.018317026145916238,0.006314601923836705,0.01081648454452333,0.012488864977159508,-0.009651609629036884,134.77,69,0.9042,1.3549,0
2014-01-31,0,0.0026682247131768477,-0.005875621951008547,-0.002662500849346827,-0.004301081899390713,-0.031220017361214047,-0.02229286507378081,0.01054471602387519,134.27,68.7,0.9052,1.35,0
2014-02-03,0.009468771428851941,0.01019022114778867,-0.022762441548803913,-0.023218679079096027,-0.00807852056520142,0,0.0026682247131768477,-0.005875621951008547,135.078,68.4,0.9014,1.3523,1
2014-02-04,0.006783224548104094,-0.0027237852669941276,0.00698023202635234,0.007328638001880883,0.006352894597731584,0.009468771428851941,0.01019022114778867,-0.022762441548803913,134.15,68.49,0.905,1.3507,0
2014-02-05,0.018037077501675824,0.0024764747674028698,-0.001255134806489977,-0.0025943410777644615,-8.639309392637351e-4,0.006783224548104094,-0.0027237852669941276,0.00698023202635234,134.82,69.31,0.9042,1.3519,0
2014-02-06,0.004896064151621804,-4.123201311871938e-4,0.013100995547152827,0.012671764068822533,0.005458999334686521,0.018037077501675824,0.0024764747674028698,-0.001255134806489977,134.43,69.4,0.8992,1.3604,0
2014-02-07,0.004760935928539212,0.0076414652263663285,0.012319564479423839,0.01768116784322693,0.020981773394227243,0.004896064151621804,-4.123201311871938e-4,0.013100995547152827,135.02,69.33,0.8992,1.3614,0
2014-02-10,5.056890120407331e-4,0.0061202198463155,0.0018349139124804736,0.005711037795514073,-2.8062298486419834e-4,0.004760935928539212,0.0076414652263663285,0.012319564479423839,135.32,69.915,0.8967,1.3644,0
2014-02-11,0.0078056546387523795,0.011646847928268755,0.010884386025931114,0.0113251493570532,2.8062298486419834e-4,5.056890120407331e-4,0.0061202198463155,0.0018349139124804736,135.34,70.2,0.8969,1.3654,0
2014-02-12,-0.0012548627572135373,5.627235969871691e-4,4.944375873288109e-4,0.001912584258551675,0.0044792908040456325,0.0078056546387523795,0.011646847928268755,0.010884386025931114,137.327,70.99,0.9006,1.3592,0
2014-02-13,0.01594453310354904,0.008482765334676401,0.005149567641317354,0.007390851112594632,0.0019533981375365883,-0.0012548627572135373,5.627235969871691e-4,4.944375873288109e-4,138.15,71.42,0.8944,1.3669,0
2014-02-14,0.04636272110055373,0.013141417745912598,0.00550365119702434,0.0020062423135875918,0.0011145166938004714,0.01594453310354904,0.008482765334676401,0.005149567641317354,139.5,71.82,0.8928,1.369,0
2014-02-18,0.022399443268060093,0.0019642512699338255,0.0011948081582149328,0.004887269530132521,0.020670434173567287,0.04636272110055373,0.013141417745912598,0.00550365119702434,138.83,71.73,0.8878,1.3758,0
2014-02-19,-0.024951067768298252,-0.008909271687473463,-0.006643819025197395,-0.006893511843720113,0.006525308634922844,0.022399443268060093,0.0019642512699338255,0.0011948081582149328,138.16,71.43,0.8868,1.3762,0
2014-02-20,0.019398068769787447,0.010477899460100026,0.005883651751799945,0.0046749862526942465,-5.421523580886323e-4,-0.024951067768298252,-0.008909271687473463,-0.006643819025197395,138.45,71.84,0.8912,1.369,0
2014-02-21,-0.001393081256173545,-1.5675209688037484e-4,-0.0011413354862703784,-0.0013334816955401507,-0.0051651603212024,0.019398068769787447,0.010477899460100026,0.005883651751799945,139.5,72.18,0.8888,1.3722,0
2014-02-24,0.007868589545199534,0.010991263163235843,0.005531467466132867,0.005323290822849991,0.0027218307494925043,-0.001393081256173545,-1.5675209688037484e-4,-0.0011413354862703784,140.31,72.45,0.8885,1.3744,0
2014-02-25,-0.006568320020495566,0.001704105757084129,-3.786342168288215e-4,-0.0011066844865670333,-0.005451090085567767,0.007868589545199534,0.010991263163235843,0.005531467466132867,140.58,71.7,0.887,1.3749,0
2014-02-26,-0.02338244468989714,-0.008549717865786732,5.409938057532315e-5,-8.862302562979707e-4,0.004363246627730355,-0.006568320020495566,0.001704105757084129,-3.786342168288215e-4,139.5,71.22,0.8922,1.3668,0
2014-02-27,-0.0028544262958485334,7.022746182272499e-4,0.005233777830524922,0.0023246814033592855,-0.0016339872916550924,-0.02338244468989714,-0.008549717865786732,5.409938057532315e-5,141.65,72.38,0.8872,1.3724,0
2014-02-28,-0.007651878559661096,-0.004534446046368323,0.002526136088451203,-0.0011063171833107788,0.0013618414197891227,-0.0028544262958485334,7.022746182272499e-4,0.005233777830524922,141.01,72.5,0.881,1.3806,0
2014-03-03,0.013826203565180162,0.02070563677463877,-0.0070568881755033175,-0.007444065262501631,0.021008044351044308,-0.007651878559661096,-0.004534446046368323,0.002526136088451203,142.24,73.07,0.881,1.3763,0
2014-03-04,-0.010949883269586458,-0.012434032844014453,0.013957709954678599,0.012633146737780265,-0.012335903280810356,0.013826203565180162,0.02070563677463877,-0.0070568881755033175,142.78,74.48,0.8869,1.3731,0
2014-03-05,4.7858340229067764e-4,0.0016306250458626437,9.058695634518443e-4,0.002749218204899151,-0.022374739682434974,-0.010949883269586458,-0.012434032844014453,0.013957709954678599,144.16,75.34,0.8872,1.3734,0
2014-03-06,0.012835926176008705,0.009881961061680933,0.0022876609343747134,-8.78927764778048e-4,0.00906475098651116,4.7858340229067764e-4,0.0016306250458626437,9.058695634518443e-4,144.65,76.28,0.881,1.3848,0
2014-03-07,-0.02729400935123838,-0.008331452959750685,4.2503454045483835e-4,-0.004958414654509191,0.005725987014885359,0.012835926176008705,0.009881961061680933,0.0022876609343747134,144.51,76.21,0.8785,1.3868,0
2014-03-10,-0.00291687129512308,3.0981333994173355e-4,-5.313214088120688e-4,8.832947466208552e-4,-0.013136477905370203,-0.02729400935123838,-0.008331452959750685,4.2503454045483835e-4,144.02,75.76,0.8781,1.388,0
2014-03-11,4.8673644183150344e-4,0.005637298221780718,-0.004954857096200804,-0.004313450253719431,-0.013590557260463765,-0.00291687129512308,3.0981333994173355e-4,-5.313214088120688e-4,142.72,75.08,0.8783,1.3867,0
2014-03-12,0.02213757391466542,0.014525138789044156,2.670155685944309e-4,0.0037614824746228237,-0.012928791667759398,4.8673644183150344e-4,0.005637298221780718,-0.004954857096200804,143.9,75.76,0.8743,1.3904,0
2014-03-13,-0.005488618957030678,0.0034094816526204497,-0.011276498162754223,-0.014235115821872313,-2.829254510312573e-4,0.02213757391466542,0.014525138789044156,2.670155685944309e-4,144.03,75.7,0.8726,1.3927,1
2014-03-14,0.012130009592408175,0.00670915787906079,-0.002812028675419853,-0.006855885241084714,0.0053619431413851615,-0.005488618957030678,0.0034094816526204497,-0.011276498162754223,143.24,75.43,0.8712,1.3924,0
2014-03-17,-0.014285957247476055,-0.011029801325927124,0.009002998894839465,0.008758196562812515,-0.010752791776261983,0.012130009592408175,0.00670915787906079,-0.002812028675419853,142.79,75.22,0.8726,1.3927,0
2014-03-18,-0.015466717213968195,-0.0077785796006279995,0.007112519622582525,0.012001477532620264,0.012159063981015183,-0.014285957247476055,-0.011029801325927124,0.009002998894839465,142.38,74.73,0.8743,1.3913,0
2014-03-19,-0.011266344983100751,-0.019559202631466377,-0.005343034724303308,-0.005427271448817272,0.003647079368668038,-0.015466717213968195,-0.0077785796006279995,0.007112519622582525,141.14,74.435,0.8747,1.391,0
2014-03-20,-0.013889112160667239,-0.0017972265044639002,0.005822510506644285,0.0027726962808563016,-0.003647079368668038,-0.011266344983100751,-0.019559202631466377,-0.005343034724303308,139.63,75.13,0.8833,1.3784,0
2014-03-21,0.0014973798655035786,0.004759498704937748,-0.008289925801277853,-0.014390342587248028,0.0072809058690408435,-0.013889112160667239,-0.0017972265044639002,0.005822510506644285,139.96,77.3,0.8836,1.3783,0
2014-03-24,-0.01710303258794932,-0.017985955100854767,-0.0041439125036752955,-0.008802675055346043,-5.58191474163916e-4,0.0014973798655035786,0.004759498704937748,-0.008289925801277853,139.05,77.53,0.884,1.3784,0
2014-03-25,5.07228009860583e-4,0.0018211335648024018,0.004734500692970656,0.0032818453039924478,-0.001396843361639366,-0.01710303258794932,-0.017985955100854767,-0.0041439125036752955,138.67,76.999,0.8862,1.3777,0
2014-03-26,-0.01152662325947107,-0.007942222671507793,-0.0072183032658044155,-0.012963565670783161,0.008906265383770595,5.07228009860583e-4,0.0018211335648024018,0.004734500692970656,137.17,76.25,0.8854,1.3786,0
2014-03-27,-0.0012319065309100985,-0.006560023525186587,-0.002110675929026584,-0.005635628319533126,0.011296441933748902,-0.01152662325947107,-0.007942222671507793,-0.0072183032658044155,136.52,73.92,0.8859,1.3752,0
2014-03-28,0.003384097984240775,-2.4081878502890675e-4,0.004917998401156254,0.001966320223727891,0.003282278657918525,-0.0012319065309100985,-0.006560023525186587,-0.002110675929026584,137.22,75.432,0.8869,1.3753,0
2014-03-31,-3.071724797614195e-4,-0.007656079626011447,0.008161119122041427,0.007097099386296435,-8.195602152492043e-4,0.003384097984240775,-2.4081878502890675e-4,0.004917998401156254,138.12,75.54,0.884,1.3777,0
2014-04-01,0.0010235415427874983,-0.0017813769892889297,0.006608775319373983,0.017413375325197933,-0.02098944771425293,-3.071724797614195e-4,-0.007656079626011447,0.008161119122041427,139.05,76,0.8825,1.3804,0
2014-04-02,0.007135606219659252,0.007508815708894723,0.00334102609725484,0.0025748684810968925,-8.376379102079667e-4,0.0010235415427874983,-0.0017813769892889297,0.006608775319373983,140.17,76.56,0.887,1.3761,0
2014-04-03,-0.007135606219659252,-0.003222690510724213,-0.0013244684196243028,-0.007969958559542079,0.009452391757427847,0.007135606219659252,0.007508815708894723,0.00334102609725484,140.7,76.73,0.8921,1.3708,0
2014-04-04,0.005102051883895342,0.013227175892259524,-0.011892522106142778,-0.026957657555052528,0.007992325856390092,-0.007135606219659252,-0.003222690510724213,-0.0013244684196243028,141.3,77,0.8918,1.3704,1
2014-04-07,-0.002547772078798527,-0.0052698940230548885,-0.011113023685972223,-0.009539392953992198,-0.004125985773536289,0.005102051883895342,0.013227175892259524,-0.011892522106142778,139.31,74.772,0.8876,1.3745,0
2014-04-08,0.005596554928156916,0.009402459707317234,0.004114341013933931,0.009191989789129273,0.01694492579954554,-0.002547772078798527,-0.0052698940230548885,-0.011113023685972223,140.33,75.67,0.8836,1.3802,0
2014-04-09,-0.005086480956373762,0.0018224322622515388,0.010693564917874987,0.01699627500623979,0.008634700167623244,0.005596554928156916,0.009402459707317234,0.004114341013933931,140.74,76.08,0.8816,1.3816,0
2014-04-10,0.008631685986311144,0.005447453568842242,-0.021229696708432222,-0.031462229554242604,-5.374899350036877e-4,-0.005086480956373762,0.0018224322622515388,0.010693564917874987,141.82,76.95,0.8758,1.3892,1
2014-04-11,-0.004560433543531861,-6.300701161423561e-4,-0.009049339183008875,-0.011701569604982254,-5.377789858034276e-4,0.008631685986311144,0.005447453568842242,-0.021229696708432222,141.79,78.34,0.8748,1.3898,0
2014-04-14,5.077430929083526e-4,0.0072219483371096516,0.007847481622332175,0.007816240645968087,0.005364819734118953,-0.004560433543531861,-6.300701161423561e-4,-0.009049339183008875,142.86,79.06,0.8784,1.3824,0
2014-04-15,-0.016893158325038016,-0.018631627614979607,0.006863893592988113,0.003298787999818309,2.6748696160572294e-4,5.077430929083526e-4,0.0072219483371096516,0.007847481622332175,140.55,77.38,0.8805,1.3806,0
2014-04-16,0.0015475886503777403,3.9835876716942664e-4,0.010423230489035262,0.01319763756755954,0.0024041683811990566,-0.016893158325038016,-0.018631627614979607,0.006863893592988113,140.0201,78.04,0.8813,1.382,0
2014-04-17,-0.0020639842208511894,-0.0063126982577577095,0.0013958984334703217,2.3204548195554509e-4,0.004791065858784638,0.0015475886503777403,3.9835876716942664e-4,0.010423230489035262,137.56,77.4,0.8812,1.3832,0
2014-04-21,-0.01090636622177632,-0.004096555791196721,0.0034812449800467604,0.007397167340442934,-5.31208511827419e-4,-0.0020639842208511894,-0.0063126982577577095,0.0013958984334703217,136.659,76.01,0.8851,1.379,0
2014-04-22,0.002607563407081237,-0.003709382529216043,0.004534187481672447,0.00791424673425567,-0.017149402072954345,-0.01090636622177632,-0.004096555791196721,0.0034812449800467604,136.659,76.59,0.8851,1.3804,0
2014-04-23,-0.0020855064910216825,-1.615900464049247e-4,-0.002344542023510421,-0.008835905785672615,-0.002435395602317314,0.002607563407081237,-0.003709382529216043,0.004534187481672447,136.92,76.71,0.8828,1.3814,0
2014-04-24,0.01296362463820433,0.0064433212609325,0.002025155243408072,0.009521150216324159,0.0037858347001886727,-0.0020855064910216825,-1.615900464049247e-4,-0.002344542023510421,137.74,78,0.8817,1.3828,0
2014-04-25,5.150656822601185e-4,0.006960306510841008,-0.008232699123711384,-0.016112674515690095,-0.012220111334775297,0.01296362463820433,0.0064433212609325,0.002025155243408072,138.56,78.92,0.8809,1.3838,0
2014-04-28,-0.005162634078806683,-0.00439455782940712,0.003162100338244933,0.003243371313031318,0.0030009571014226744,5.150656822601185e-4,0.006960306510841008,-0.008232699123711384,138.3,78.24,0.8807,1.3844,0
2014-04-29,-0.0036297680505787966,-1.6016657357820208e-4,0.0046445910043821925,0.007947977104080017,2.723682435465946e-4,-0.005162634078806683,-0.00439455782940712,0.003162100338244933,139.26,78.65,0.8845,1.3808,0
2014-04-30,-0.016234972975861073,-0.00513892250244119,0.002978250353305789,0.0026353495630333512,-0.010953012019196962,-0.0036297680505787966,-1.6016657357820208e-4,0.0046445910043821925,138.91,78.96,0.88,1.387,0
2014-05-01,-0.006791755243446662,-0.0033868268806616086,1.062022091051773e-4,0.0029707517277905993,-0.004415018209117161,-0.016234972975861073,-0.00513892250244119,0.002978250353305789,138.84,79.3,0.8797,1.3867,0
2014-05-02,0.01990497750512299,0.010126261888656174,-0.0014346823577247036,-0.0018271102490698965,0.003588685701003236,-0.006791755243446662,-0.0033868268806616086,1.062022091051773e-4,140.066,79.03,0.8789,1.3864,0
2014-05-05,0.007268983200630963,0.009232794016941881,0.0019124527715908002,0.005243970065394343,-0.004141936060896523,0.01990497750512299,0.010126261888656174,-0.0014346823577247036,141.18,79.65,0.8774,1.3884,0
2014-05-06,-0.0025900040378399325,-0.0019032519623110034,-0.008742059938949609,-0.013046648779851289,0.001382552411568927,0.007268983200630963,0.009232794016941881,0.0019124527715908002,141.6499,79.72,0.8744,1.3924,0
2014-05-07,-0.012085180638317539,-0.014471569765031944,0.005872007477222496,-0.0028840073055445004,0.011265402831669213,-0.0025900040378399325,-0.0019032519623110034,-0.008742059938949609,139.48,77.72,0.8758,1.3917,0
2014-05-08,-0.006235143322850689,0,-0.0010650762536288383,-9.246417672192919e-4,-0.0030099899589641765,-0.012085180638317539,-0.014471569765031944,0.005872007477222496,139.92,78.31,0.8784,1.3864,0
2014-05-09,-0.0015860431556347088,-5.639022181895825e-4,0.001490789329449349,0.003693448335352123,-0.0024694758056611477,-0.006235143322850689,0,-0.0010650762536288383,139.24,78.11,0.886,1.3763,0
2014-05-12,0.019906367116802937,0.0067459298548628865,0.009689023514213524,0.01634041956770904,0.0052062043884202325,-0.0015860431556347088,-5.639022181895825e-4,0.001490789329449349,140.0144,78.52,0.8876,1.376,0
2014-05-13,-0.0010378828124202322,-0.00272501571207151,8.953259320927387e-4,6.798096794771169e-4,0.012223430746863162,0.019906367116802937,0.0067459298548628865,0.009689023514213524,141.6396,79.48,0.8894,1.3711,0
2014-05-14,0.01238405919972152,0.009664226009687304,-0.004749098683682895,-0.005223722984465162,0.0037725725153192613,-0.0010378828124202322,-0.00272501571207151,8.953259320927387e-4,144.48,80.594,0.8894,1.3718,0
2014-05-15,-0.013423020332140378,-0.008300789940109965,-0.008819055192916814,-0.00794448781642032,-0.0037725725153192613,0.01238405919972152,0.009664226009687304,-0.004749098683682895,142.68,79.07,0.8898,1.3712,0
2014-05-16,-0.007826807499904387,-0.002166326518167949,0.0034625151120240005,0.006577277850684737,0.005116478106646838,-0.013423020332140378,-0.008300789940109965,-0.008819055192916814,142.56,79.39,0.891,1.3708,0
2014-05-19,5.236973149282953e-4,6.423639212371768e-4,0.003662521676841557,0.006930664565494737,0.004020914142791376,-0.007826807499904387,-0.002166326518167949,0.0034625151120240005,142.999,79.55,0.8916,1.3716,0
2014-05-20,0.002614380574070374,8.825771824954032e-4,-0.006324930065290779,-0.0036297680505779084,0.0037383221106073172,5.236973149282953e-4,6.423639212371768e-4,0.003662521676841557,143.1,80.43,0.8916,1.3702,0
2014-05-21,0,-0.0024088657866210283,0.008389132772467,0.009500184548019597,0.012185581246115795,0.002614380574070374,8.825771824954032e-4,-0.006324930065290779,143.44,80.84,0.8951,1.3657,0
2014-05-22,0.0036486879154917773,0.0022484551350103743,0.0024292365135840654,0.004380306885833463,7.895776170174784e-4,0,-0.0024088657866210283,0.008389132772467,145.1,81.48,0.8948,1.3652,0
2014-05-23,-0.0031266309994322228,-0.0012842123925622673,0.004000637014558883,0.007258141405068308,0.004462535296444248,0.0036486879154917773,0.0022484551350103743,0.0024292365135840654,143.64,81.02,0.8958,1.3628,0
2014-05-27,-0.01684250339449722,-0.021595253893106126,0.00612775898115725,0.012395048150332322,-0.001048218125328404,-0.0031266309994322228,-0.0012842123925622673,0.004000637014558883,142.66,81.07,0.8977,1.3618,0
2014-05-28,-0.005321992337941062,-0.005348706436001827,-7.312614585464061e-4,-0.003092655488018181,-0.012134150464111038,-0.01684250339449722,-0.021595253893106126,0.00612775898115725,141.5569,81.392,0.8982,1.3596,0
2014-05-29,0.002132196969840905,-0.0021475187901467407,0.0051596205669728334,0.006372947621480662,0.006085479820081119,-0.005321992337941062,-0.005348706436001827,-7.312614585464061e-4,141.98,81.31,0.897,1.3608,0
2014-05-30,-0.012322684726672861,-0.0042258835726780575,0.0016101808439303866,1.095230273255865e-4,-0.006085479820081119,0.002132196969840905,-0.0021475187901467407,0.0051596205669728334,141.4,81.55,0.8944,1.364,0
2014-06-02,-0.0032397436544107094,-0.006080058708461067,0.0011411381496628792,-9.86139344694159e-4,-0.0039888365612323895,-0.012322684726672861,-0.0042258835726780575,0.0016101808439303866,139.8111,81.01,0.898,1.3606,0
2014-06-03,0.004855687986658808,0.0025864600794225368,-5.185377352381337e-4,-4.385964982587254e-4,0.0029267015702489907,-0.0032397436544107094,-0.006080058708461067,0.0011411381496628792,139.34,81.67,0.8964,1.3624,0
2014-06-04,-0.0026946930884239606,-0.00208533253197718,0.0020207784280179553,0.0037219528461918117,-0.0034597506233828845,0.004855687986658808,0.0025864600794225368,-5.185377352381337e-4,139.98,81.41,0.8956,1.3619,0
2014-06-05,0.011802712119151515,0.007486932901242582,0.00650089999729353,0.008378265645998084,0.001065814116347763,-0.0026946930884239606,-0.00208533253197718,0.0020207784280179553,140.8,81.86,0.8944,1.3618,0
2014-06-06,3.199488109202342e-4,-4.144734174644782e-4,0.0047713196230398935,0.0057263405355438834,0.0015965942721014592,0.011802712119151515,0.007486932901242582,0.00650089999729353,141.3077,82.4,0.8938,1.3639,0
2014-06-09,0.0034064329298937324,3.315924758897637e-4,0.001023122659332465,-7.544323254853325e-4,0.015041845815356503,3.199488109202342e-4,-4.144734174644782e-4,0.0047713196230398935,141.36,82.07,0.8974,1.3589,0
2014-06-10,0.006355953600698516,0.006114710838671655,1.0225471658831253e-4,0.0017235811656766131,0.002615748287151831,0.0034064329298937324,3.315924758897637e-4,0.001023122659332465,144.14,83.21,0.8996,1.3543,0
2014-06-11,0,1.647446461712221e-4,-0.0034825396254118957,-2.1528525379110874e-4,-7.840063122084295e-4,0.006355953600698516,0.006114710838671655,1.0225471658831253e-4,144.41,83.98,0.8998,1.3532,0
2014-06-12,0.01831073915970549,0.010079987007674873,-0.00710500852250906,-0.009084089720342803,0.02146726690203682,0,1.647446461712221e-4,-0.0034825396254118957,140.58,80.16,0.8982,1.3556,0
2014-06-13,0.006201570263280942,0.0026058646667816987,0.003043828284488015,0.002928895080702709,0.0010230179920349691,0.01831073915970549,0.010079987007674873,-0.00710500852250906,139.39,79.38,0.9008,1.3522,0
2014-06-16,-0.0036129071557704506,-0.004401343807416858,8.238505177375899e-4,8.661758878485415e-4,0.001277302511123235,0.006201570263280942,0.0026058646667816987,0.003043828284488015,139.65,78.83,0.8969,1.3578,0
2014-06-17,0.00464277336420027,-0.0011442584002896439,0.002775495202773648,5.409791854953383e-4,-0.004605944683234053,-0.0036129071557704506,-0.004401343807416858,8.238505177375899e-4,140.26,79.55,0.8998,1.3543,0
2014-06-18,0.006668401217322817,0.0031843260220263403,0.007312927320551665,0.005608902634633317,5.128205240589878e-4,0.00464277336420027,-0.0011442584002896439,0.002775495202773648,141.18,80.42,0.8976,1.3567,0
2014-06-19,0.04351774422285937,0.03421671083366373,0.001120334180430227,-6.455778145459945e-4,0.0030714127037563266,0.006668401217322817,0.0031843260220263403,0.007312927320551665,143.48,81.51,0.8932,1.362,0
2014-06-20,0.006343031757433781,-0.0034722257107491217,-0.0027521550422813235,-0.0015079709880403414,0.004843859056644639,0.04351774422285937,0.03421671083366373,0.001120334180430227,141.76,80.08,0.896,1.3586,0
2014-06-23,4.862630779012278e-4,0.0027629778777162883,-3.0626308237913236e-4,2.155636999079391e-4,-0.004077477616656111,0.006343031757433781,-0.0034722257107491217,-0.0027521550422813235,141.74,80.053,0.8948,1.3593,0
2014-06-24,0.0024277749239480784,0.001024307697012894,-0.006042314455963371,-9.704027932793124e-4,-0.0017891378574463879,4.862630779012278e-4,0.0027629778777162883,-3.0626308237913236e-4,142.82,80.63,0.8955,1.3588,0
2014-06-25,0.004973064807673566,7.874945863761695e-5,0.004509590505975325,0.006344448401060632,0.00510335376550497,0.0024277749239480784,0.001024307697012894,-0.006042314455963371,143.185,81.128,0.8918,1.3638,0
2014-06-26,0.002997029308113408,-0.0020495041069690245,-7.16075934644067e-4,5.358195487996653e-4,-0.008177914219750448,0.004973064807673566,7.874945863761695e-5,0.004509590505975325,142.92,81.29,0.8933,1.361,0
2014-06-27,-0.004097872433277416,-5.525080056880682e-4,0.0019424429764400841,0.004382924328850457,2.565747287968101e-4,0.002997029308113408,-0.0020495041069690245,-7.16075934644067e-4,143.76,81.94,0.8919,1.3631,0
2014-06-30,0.004819286435949088,0.010836384013377831,-5.108035050023219e-4,0.0017052119660023735,-0.0025687144871762158,-0.004097872433277416,-5.525080056880682e-4,0.0019424429764400841,144.63,82.19,0.8868,1.369,0
2014-07-01,-0.0028887839058913123,-0.0026589520631690178,0.006670934986954258,0.0109082363066495,-5.145356429445691e-4,0.004819286435949088,0.010836384013377831,-5.108035050023219e-4,146.84,83.15,0.8871,1.3681,0
2014-07-02,0.005289745443429528,0,0.0010145590075349986,0.001683856428172703,-0.01190798435561291,-0.0028887839058913123,-0.0026589520631690178,0.006670934986954258,146.72,83.27,0.8886,1.3656,0
2014-07-03,-9.596929719299929e-4,-0.004237626995891475,0.004906061480475898,0.006289328907564062,-0.003913899321136061,0.005289745443429528,0,0.0010145590075349986,146.2,83.77,0.8934,1.361,0
2014-07-07,-0.0067437635154288245,-0.0011015816677728552,-0.003487405925121756,-0.003034903695153801,-0.0020936935154063363,-9.596929719299929e-4,-0.004237626995891475,0.004906061480475898,145.55,84.52,0.8934,1.3604,0
2014-07-08,0.0024137110439292897,3.9356134161394607e-4,-0.006450816020532102,-0.012126473268169846,2.619515404629347e-4,-0.0067437635154288245,-0.0011015816677728552,-0.003487405925121756,145.5,84.84,0.8924,1.3614,0
2014-07-09,0.0038498603854417723,0.0060413663015213,0.004474280394920704,0.007398828805827762,-0.012917011018557467,0.0024137110439292897,3.9356134161394607e-4,-0.006450816020532102,146.67,84.98,0.8918,1.363,0
2014-07-10,0.011461443519006576,0.005460657925175916,-0.00396483008077908,-0.0031642258233111065,0.005556304809336776,0.0038498603854417723,0.0060413663015213,0.004474280394920704,147.09,84.86,0.8926,1.36,0
2014-07-11,0.0028449521322313487,0.0018653821668968007,0.0013742208550242552,0.006423441240586136,-0.019718198142743226,0.011461443519006576,0.005460657925175916,-0.00396483008077908,147.12,85.12,0.8926,1.3598,0
2014-07-14,-0.02395898024924703,-0.024048310180670107,0.00502271419436795,0.005965168648451424,0.0042964620335053105,0.0028449521322313487,0.0018653821668968007,0.0013742208550242552,145.18,84.6,0.8918,1.362,0
2014-07-15,-0.011707450794235186,-0.009510561196309553,-0.0018742248983558696,-0.003449180320492573,-0.011859977290749946,-0.02395898024924703,-0.024048310180670107,0.00502271419436795,144.22,84.3,0.8953,1.3573,0
2014-07-16,0.0024503810349520982,0.003527057764634911,0.0036944296682737132,0.003970747118943407,0.01159198854467336,-0.011707450794235186,-0.009510561196309553,-0.0018742248983558696,144.27,84.98,0.8984,1.353,0
2014-07-17,0.019389846443349956,0.016821001552008497,-0.0114310183668076,-0.013343399608586104,0.010929070532190277,0.0024503810349520982,0.003527057764634911,0.0036944296682737132,146.2,86.1,0.8973,1.353,0
2014-07-18,-0.01353331433063687,-0.0075815889505994605,0.010167338869910836,0.015739109311264876,0,0.019389846443349956,0.016821001552008497,-0.0114310183668076,145.06,85.64,0.8989,1.3515,0
2014-07-21,0.003400537646570001,0.0016635643714533188,-0.0018731811577685775,-0.001249219400432544,0.010023824367398682,-0.01353331433063687,-0.0075815889505994605,0.010167338869910836,144.86,85.41,0.898,1.3524,0
2014-07-22,4.8484849434649036e-4,-0.0047604025156395835,0.004348492466867526,0.006334064061582545,-0.003944778291016249,0.003400537646570001,0.0016635643714533188,-0.0018731811577685775,144.668,85.2,0.9022,1.347,0
2014-07-23,-6.788537330963962e-4,-9.548059286803579e-4,0.0022175193040236962,0.00636619514164849,0.0055183427384464245,4.8484849434649036e-4,-0.0047604025156395835,0.004348492466867526,144.33,84.89,0.9024,1.3462,0
2014-07-24,-0.02634317852653556,-0.010161306776820922,5.034106069690125e-5,-0.0011011233598789971,-0.00894978334977381,-6.788537330963962e-4,-9.548059286803579e-4,0.0022175193040236962,142.83,84.66,0.9024,1.3468,0
2014-07-25,0.01482973297105028,0.011521629327300609,-0.004692593821849833,-0.0039203599163508684,-0.0013229265059462314,-0.02634317852653556,-0.010161306776820922,5.034106069690125e-5,143.62,85.68,0.9045,1.3431,0
2014-07-28,-0.0029484050842976117,-0.0016787938907514288,4.0453074985347115e-4,3.1006149801360294e-4,-0.0034478220071867405,0.01482973297105028,0.011521629327300609,-0.004692593821849833,145,85.6,0.9037,1.344,0
2014-07-29,-9.847366625392873e-4,-0.0030305470199651907,-0.0043065297716973205,-0.001758287674378245,-0.006664025728156275,-0.0029484050842976117,-0.0016787938907514288,4.0453074985347115e-4,143.94,85.51,0.9068,1.341,0
2014-07-30,0,-0.0029596470030384125,1.5231132464155195e-4,0.003926030458733187,-0.012649879354370785,-9.847366625392873e-4,-0.0030305470199651907,-0.0043065297716973205,143.76,85.69,0.9096,1.3378,0
2014-07-31,-0.006925403174336431,-0.011602740752516993,-0.019945799287109267,-0.020417375918430736,-0.0165225305765202,0,-0.0029596470030384125,1.5231132464155195e-4,142.01,84.62,0.9086,1.339,0
2014-08-01,-0.007463334277763245,0.0079913247653005115,-0.0030602477266077344,-0.0036902356179755458,-0.0034480414824802352,-0.006925403174336431,-0.011602740752516993,-0.019945799287109267,142.28,84.14,0.9048,1.3436,0
2014-08-04,-0.005010030519537079,-0.0031404784839921263,0.007194834215074053,0.0068424920897420805,0.007981327630479207,-0.007463334277763245,0.0079913247653005115,-0.0030602477266077344,142.45,83.33,0.9068,1.3414,0
2014-08-05,-0.01875847146146814,-9.68288625641911e-4,-0.0097435339380878,-0.007687890005462883,-0.008810629682154847,-0.005010030519537079,-0.0031404784839921263,0.007194834215074053,141.34,82.23,0.9102,1.3366,0
2014-08-06,0.009676673419887205,0.014426795060944464,3.1243491193500006e-4,-7.40309906372083e-4,-0.005824451356919891,-0.01875847146146814,-9.68288625641911e-4,-0.0097435339380878,142.24,82.6,0.9095,1.3355,0
2014-08-07,-0.0035542053155035447,0.004050035315610323,-0.00542940514120005,-0.0031789790468117474,0.005824451356919891,0.009676673419887205,0.014426795060944464,3.1243491193500006e-4,143.63,83.28,0.9086,1.3362,0
2014-08-08,0.0015247779320137766,7.924872215525625e-5,0.01150245591064536,0.0071912323439873305,-0.0011068069751911658,-0.0035542053155035447,0.004050035315610323,-0.00542940514120005,143.55,83.94,0.905,1.3412,0
2014-08-11,0.002029427383489768,-0.0018243114319949072,0.002893759770460136,0.005883605961868099,0.0027647239064827467,0.0015247779320137766,7.924872215525625e-5,0.01150245591064536,143.12,85.14,0.9063,1.3385,0
2014-08-12,-0.0035542053155035447,2.3814248971465446e-4,-0.00139416024440564,-4.1911148978979185e-4,-0.006370330364327881,0.002029427383489768,-0.0018243114319949072,0.002893759770460136,142.92,85.36,0.9082,1.3357,0
2014-08-13,-0.005099450112349135,0.0016654113845744334,0.006746169726081774,0.010529156434332165,8.332176568708327e-4,-0.0035542053155035447,2.3814248971465446e-4,-0.00139416024440564,142.62,85.79,0.9079,1.3367,0
2014-08-14,0.002552975601583629,8.712526787704178e-4,0.00471071019607372,0.005171711982224103,-0.025588349567469137,-0.005099450112349135,0.0016654113845744334,0.006746169726081774,142.46,85.91,0.9056,1.3376,0
2014-08-15,-0.015416543767831747,-0.006568911556661838,-2.043527134931722e-4,0.0048371421439723505,0.009355135556539107,0.002552975601583629,8.712526787704178e-4,0.00471071019607372,141.69,86.96,0.9026,1.3392,0
2014-08-18,0.003102380978481367,-0.00417660513784579,0.008344405800178478,0.007670710073981013,-0.010780246243791591,-0.015416543767831747,-0.006568911556661838,-2.043527134931722e-4,140.5,86.94,0.9066,1.3358,0
2014-08-19,-0.009336167399295991,-0.00224323119223957,0.005205318133579162,0.0055880257169658165,-0.010033049619393442,0.003102380978481367,-0.00417660513784579,0.008344405800178478,139.92,85.8,0.9089,1.332,0
2014-08-20,0.0015620935225379995,-0.0036962677679790445,0.002667943491857727,0,0.004312210218179846,-0.009336167399295991,-0.00224323119223957,0.005205318133579162,138.69,84.27,0.9116,1.3284,0
2014-08-21,-0.0020833340868544603,-0.010845917731795218,0.002911502483380346,0.0020242921892306143,0.006576149503248807,0.0015620935225379995,-0.0036962677679790445,0.002667943491857727,138.12,85.35,0.9112,1.3284,0
2014-08-22,4.118025803676595e-4,0.00251960957452102,-0.0015550932427359498,0.0015155345158932576,-0.0037116388077889084,-0.0020833340868544603,-0.010845917731795218,0.002911502483380346,138.35,86.38,0.9142,1.3237,0
2014-08-25,-0.00563920601551926,-0.003659582012931928,0.005057723793937541,0.003527340517968547,-0.002577690099775154,4.118025803676595e-4,0.00251960957452102,-0.0015550932427359498,137.85,86.36,0.9144,1.3206,0
2014-08-26,0.0010476690324439097,0.004957546014414227,6.491399124408659e-4,0.001005530502018459,0.004863405380631125,-0.00563920601551926,-0.003659582012931928,0.005057723793937541,137.8701,86.1,0.9167,1.3189,0
2014-08-27,0.0031364374901299286,-2.4405085622003497e-4,-3.9942084509192455e-4,2.00984826322248e-4,-2.8542885879545565e-4,0.0010476690324439097,0.004957546014414227,6.491399124408659e-4,137.86,86.71,0.9148,1.3192,0
2014-08-28,0.006243516639685254,0.005499773485891701,-5.49464286159207e-4,-0.0011059167668152625,0.008244538526363865,0.0031364374901299286,-2.4405085622003497e-4,-3.9942084509192455e-4,138.7,87.1,0.915,1.3178,0
2014-08-29,-0.0046789791627910304,-0.001129670095122215,0.002843958509092026,0.003715050208837667,0.012380574569553993,0.006243516639685254,0.005499773485891701,-5.49464286159207e-4,138.5,88.1,0.9174,1.315,0
2014-09-02,-0.016286149302254138,-0.018003826280382995,-4.983554374051735e-4,0.0029021786694727325,-0.02749996114146258,-0.0046789791627910304,-0.001129670095122215,0.002843958509092026,137.18,85.86,0.9196,1.3124,0
2014-09-03,0.0026448045038769408,0.004101728474217303,-5.484779873725643e-4,-0.005913322167160118,0.0216101670853992,-0.016286149302254138,-0.018003826280382995,-4.983554374051735e-4,137.4,85.01,0.9186,1.3136,0
2014-09-04,-0.006359321908292248,-0.005500157526201477,-0.0014474310630161469,-9.051139552900267e-4,-0.007057192309998683,0.0026448045038769408,0.004101728474217303,-5.484779873725643e-4,136.64,86.29,0.9327,1.2926,0
2014-09-05,0.005830920310793353,0.004763086938801564,0.004485206362903504,0.00501807556414402,-0.011396134730869534,-0.006359321908292248,-0.005500157526201477,-0.0014474310630161469,137.18,86.49,0.9306,1.2956,0
2014-09-08,-0.011696039763191557,-0.010956079772053151,-0.0025889982099052133,0.0019002856145977631,-0.005747142255568161,0.005830920310793353,0.004763086938801564,0.004485206362903504,136.05,85.96,0.9317,1.2948,0
2014-09-09,0.004268949919576048,0.001158940527069774,-0.006351450423402127,-0.00832794659135594,-0.0023081372047504267,-0.011696039763191557,-0.010956079772053151,-0.0025889982099052133,135,83.61,0.9348,1.2909,0
2014-09-10,-0.004263602340291328,-0.0050595222599429945,0.0037557318991208177,0.0082280215350643,-0.010453056852089304,0.004268949919576048,0.001158940527069774,-0.006351450423402127,134.41,82.82,0.9382,1.2908,0
2014-09-11,-0.013464500953289438,-0.006574031318076656,0.0011489373594475438,-7.997601146065847e-4,0.012472968085684766,-0.004263602340291328,-0.0050595222599429945,0.0037557318991208177,133.37,80.93,0.9349,1.2936,0
2014-09-12,-0.004889985294191934,-0.009182245030767255,-0.0058583649011882954,-0.005113562052553533,-0.00897646102695493,-0.013464500953289438,-0.006574031318076656,0.0011489373594475438,133.18,81.21,0.9337,1.2955,0
2014-09-15,0.0027141782073627496,0.002193908567098113,-7.535606093700409e-4,-0.009697045682867333,0.005221943981151611,-0.004889985294191934,-0.009182245030767255,-0.0058583649011882954,132.47,81.13,0.9344,1.2951,0
2014-09-16,0.0010912082820246916,0.0016002024722574504,0.0075101739865441886,0.008691312921837557,0.01976858532242254,0.0027141782073627496,0.002193908567098113,-7.535606093700409e-4,132.935,81.89,0.9314,1.2976,0
2014-09-17,-0.011459879849919474,-0.010915199117429886,0.0013458616791126587,0.0015082200837976956,-0.006831794291703552,0.0010912082820246916,0.0016002024722574504,0.0075101739865441886,131.49,81.01,0.9346,1.2958,0
2014-09-18,-0.00109829774906256,0.0020397763319204287,0.005315858209511859,0.007507167032120954,-0.01120218521851113,-0.011459879849919474,-0.010915199117429886,0.0013458616791126587,131.05,80.46,0.9344,1.2913,0
2014-09-19,-0.030685810703444005,-0.005875607655791981,-0.005564955234090618,-0.002996107304668705,-0.001445295814529679,-0.00109829774906256,0.0020397763319204287,0.005315858209511859,130.04,78.87,0.9404,1.2835,0
2014-09-22,-0.005681833467430675,-0.00205180887576617,-0.007752946174639064,-0.009345392840864442,-0.011053050282323618,-0.030685810703444005,-0.005875607655791981,-0.005564955234090618,129.09,77.9,0.941,1.2829,0
2014-09-23,-0.0014141047881524038,0.006397974479659396,-0.005740775157949685,-0.0027296180320810493,0.007285475908320294,-0.005681833467430675,-0.00205180887576617,-0.007752946174639064,129.4794,79.2,0.9386,1.2858,0
2014-09-24,-0.004988112118099242,-0.004687841527606373,0.007797408523133598,0.010673749508638863,0.016129381929883557,-0.0014141047881524038,0.006397974479659396,-0.005740775157949685,128.15,79.27,0.9446,1.2788,0
2014-09-25,-0.009680840847036354,0.002900530953510838,-0.016267092728461385,-0.02125801277910888,-0.004868977111503803,-0.004988112118099242,-0.004687841527606373,0.007797408523133598,127.8437,77.85,0.9467,1.2748,0
2014-09-26,0.004621614234281424,-0.0028151010273562704,0.007914002344144855,0.010584263270470018,0.009429988439066506,-0.009680840847036354,0.002900530953510838,-0.016267092728461385,126.55,75.65,0.9513,1.2686,0
2014-09-29,-0.007521007393283874,-2.5631167639961205e-4,-0.001820757128538908,-0.0013169226438547454,0.01018684530699332,0.004621614234281424,-0.0028151010273562704,0.007914002344144855,127.23,76.99,0.9498,1.2703,0
2014-09-30,-0.025883797960524202,-0.0070314129518926904,-0.0026358490524485134,0.00141815258775857,-0.031748698314580714,-0.007521007393283874,-2.5631167639961205e-4,-0.001820757128538908,126.29,75.18,0.9554,1.2628,0
2014-10-01,0.008899495105983757,0.004807288852841651,-0.01364458912930111,-0.0161227982234049,-0.007584633792590001,-0.025883797960524202,-0.0070314129518926904,-0.0026358490524485134,124.78,75.6,0.9566,1.2618,0
2014-10-02,-0.005924187942329517,-2.569483119785332e-4,1.5434877709274986e-4,0,0.006421504844943637,0.008899495105983757,0.004807288852841651,-0.01364458912930111,123.15,74.55,0.9532,1.267,0
2014-10-03,-0.017381318607169405,-0.01841417926703759,0.010949201225122884,0.009827082871452397,-0.017611256464265868,-0.005924187942329517,-2.569483119785332e-4,1.5434877709274986e-4,119.11,73.59,0.967,1.2517,0
2014-10-06,0.03154084721080386,0.012313717850846118,-0.0011710497506900452,-0.002141437620463371,0.007963469307696869,-0.017381318607169405,-0.01841417926703759,0.010949201225122884,120.89,74.26,0.9626,1.2592,0
2014-10-07,-0.008235340661304935,0.002840055267546937,-0.015556724978594616,-0.014291098105140065,-0.01778351548867274,0.03154084721080386,0.012313717850846118,-0.0011710497506900452,122.3501,76.21,0.9606,1.2626,0
2014-10-08,0.012327717024589457,0.009494999489609413,0.017338213246561374,0.0192806711063076,-0.013245226750020489,-0.008235340661304935,0.002840055267546937,-0.015556724978594616,124.5299,77.6,0.9564,1.2683,1
2014-10-09,-0.004092376363284522,0.0014452805691842485,-0.020032515394582617,-0.016282168110051565,-0.027340053365057848,0.012327717024589457,0.009494999489609413,0.017338213246561374,123.71,77.35,0.9545,1.2683,1
2014-10-10,0.0011709603211502717,-4.2511585047044775e-4,-0.01147998414450857,-0.0253019247577706,0.002177633462814743,-0.004092376363284522,0.0014452805691842485,-0.020032515394582617,122.628,76.21,0.9568,1.2636,1
2014-10-14,0.0026004777324750705,0.008468168141379628,-0.01501720268617035,-0.015687851749545345,-0.04220839121284037,0.0011709603211502717,-4.2511585047044775e-4,-0.01147998414450857,123.115,76.95,0.9536,1.266,0
2014-10-15,0.0026519416961350295,0.003367289990358735,-0.006789110085092531,-0.006474609863247771,-0.0058517722252364734,0.0026004777324750705,0.008468168141379628,-0.01501720268617035,122.46,74.3,0.9444,1.2778,1
2014-10-16,-0.0029146042200807187,0.0019310698247183566,-8.58599462459253e-4,-0.006298891373519133,0.01392284105902819,0.0026519416961350295,0.003367289990358735,-0.006789110085092531,121.52,72.16,0.9425,1.2812,1
2014-10-17,-0.007029905928258362,-0.0019310698247183566,0.011741608983625085,0.013096133922256392,0.004811556997222244,-0.0029146042200807187,0.0019310698247183566,-8.58599462459253e-4,122.31,73.28,0.9468,1.2755,0
2014-10-20,0.009938689409628942,0.006784229714286383,0.009662931273568098,0.014835642183596676,-0.0035262097765582645,-0.007029905928258362,-0.0019310698247183566,0.011741608983625085,123.24,74.2223,0.9438,1.2783,0
2014-10-21,0.004651589837882497,0.001834709880018437,0.019617144421899546,0.025934738101440757,0.005124931140255029,0.009938689409628942,0.006784229714286383,0.009662931273568098,124.44,75.36,0.9482,1.2724,0
2014-10-22,-0.021078063726254204,-0.005681833467431119,-0.007136238786192628,-0.005174923575097523,-0.024253411928503166,0.004651589837882497,0.001834709880018437,0.019617144421899546,122.768,74.7,0.953,1.2658,0
2014-10-23,0.003544008434729573,-0.006894839388571938,0.0115578398202425,0.014934105248014973,0.016556132102936605,-0.021078063726254204,-0.005681833467431119,-0.007136238786192628,122.1,75.75,0.9535,1.2658,0
2014-10-24,-0.0011799411398487614,-0.0014353867453715807,0.007665613988131703,0.008145025684768825,-0.005812092563965532,0.003544008434729573,-0.006894839388571938,0.0115578398202425,121.54,75.91,0.9514,1.2675,0
2014-10-27,-0.004140792666031512,-0.0024533661474492874,-0.0013754809983383964,7.095433879360513e-4,-0.0078023802841848955,-0.0011799411398487614,-0.0014353867453715807,0.007665613988131703,121.98,76.2,0.9484,1.2712,0
2014-10-28,0.004140792666031512,3.3875339077305e-4,0.011404944058532429,0.014984943745554702,0.005857485019579389,-0.004140792666031512,-0.0024533661474492874,-0.0013754809983383964,123.01,77.17,0.9463,1.2747,0
2014-10-29,-0.006514681021193791,-0.01441328094316674,-0.001513164820144297,-0.0037001892309760365,0.013215341403017167,0.004140792666031512,3.3875339077305e-4,0.011404944058532429,122.45,77.21,0.9452,1.2762,0
2014-10-30,-0.03630162667621484,-0.010535503321734474,0.0063901196083229195,0.0021017872922630687,-0.059704456121695504,-0.006514681021193791,-0.01441328094316674,-0.001513164820144297,120.823,77.09,0.9552,1.2622,0
2014-10-31,-0.018029708164430946,-0.022208505471847495,0.011370559370511124,0.013702925166325208,0.0403052056713924,-0.03630162667621484,-0.010535503321734474,0.0063901196083229195,120.13,77.09,0.9623,1.253,0
2014-11-03,0,-0.004537172500350017,5.453238615178435e-4,0.0029542118974310583,-0.028814710879792926,-0.018029708164430946,-0.022208505471847495,0.011370559370511124,120.28,78.09,0.9655,1.2487,0
2014-11-04,-0.009834904641754516,6.23969356608356e-4,-0.0034753286890314428,-0.0033487670416301185,-0.015577693941869253,0,-0.004537172500350017,5.453238615178435e-4,118.74,76.34,0.9596,1.2554,0
2014-11-05,-0.048948564955431095,-0.021891780076185086,0.006296344640189133,9.865338142400759e-5,0.021941808538436636,-0.009834904641754516,6.23969356608356e-4,-0.0034753286890314428,116.96,73.42,0.964,1.2488,0
2014-11-06,0.012562148668656459,8.194109804318117e-4,0.003995171655991392,0.003151780408738425,-0.01175496323144376,-0.048948564955431095,-0.021891780076185086,0.006296344640189133,116.1,72.91,0.9702,1.2414,0
2014-11-07,0.019519162321532946,0.02773343551176488,9.348324132787411e-4,-0.00088543465866486315,0.005390848634876377,0.012562148668656459,8.194109804318117e-4,0.003995171655991392,118.25,75.25,0.9684,1.2422,0
2014-11-10,-0.013557990432114586,-0.02246883226579577,0.003142494975357124,0.0035370443635329707,-0.014213437250055527,0.019519162321532946,0.02773343551176488,9.348324132787411e-4,116.27,74.06,0.9678,1.2425,0
2014-11-12,0.006445125009066466,0.00937112642713167,-9.805363541648404e-5,0.0048918990031419085,-0.006839971947776746,-0.013557990432114586,-0.02246883226579577,0.003142494975357124,116.61,75.3,0.965,1.2456,0
2014-11-13,-0.001955187226249766,0.001523502557526868,0.001127036747988086,0.004285164328947211,-0.029603415453582915,0.006445125009066466,0.00937112642713167,-9.805363541648404e-5,116.0931,74.64,0.9634,1.2476,0
2014-11-14,0.04202414033259361,0.02476468647268426,2.448399982855065e-4,0.0031049898805779463,0.01890812633683492,-0.001955187226249766,0.001523502557526868,0.001127036747988086,117.81,74.36,0.9616,1.2494,0
2014-11-17,-0.006881478516411299,-0.0036758311999873783,6.363035872158918e-4,-0.003007812872581006,-0.0052513640302636055,0.04202414033259361,0.02476468647268426,2.448399982855065e-4,116.62,74.5,0.9653,1.2447,0
2014-11-18,0.0037594029239058635,0.008729867750977505,0.005757236823442646,0.007454412755963702,-0.016843169675979208,-0.006881478516411299,-0.0036758311999873783,6.363035872158918e-4,117.2,75.05,0.9583,1.2534,0
2014-11-19,-0.006903071026873153,-0.01197933269252971,-0.0016067389098246565,-0.00454348502612234,0.0017714796483820905,0.0037594029239058635,0.008729867750977505,0.005757236823442646,115.69,74.26,0.9572,1.2548,0
2014-11-20,0.0084465946283383,0.010326511647305026,0.0017526781507131162,0.004447029757178811,0.016848415398748262,-0.006903071026873153,-0.01197933269252971,-0.0016067389098246565,117.75,74.92,0.9596,1.2526,0
2014-11-21,0.010886717242216015,0.004603699770425962,0.005336450834207973,0.0019273399046992878,0.012796301186248638,0.0084465946283383,0.010326511647305026,0.0017526781507131162,119.2,76.75,0.9696,1.2394,0
2014-11-24,6.17474548794128e-4,-0.0024295022796056998,0.0028023403370873723,0.007767960422225606,-0.012448293526567955,0.010886717242216015,0.004603699770425962,0.005336450834207973,117.03,76.71,0.9676,1.2427,0
2014-11-25,0.014700064646135047,0.0023428359017731992,-7.239906680114316e-4,0.0015273007932599114,-0.025014515474182097,6.17474548794128e-4,-0.0024295022796056998,0.0028023403370873723,119.01,77.24,0.9645,1.2472,0
2014-11-26,-0.008546199071756355,-0.0019085630847683888,0.0025557578709687334,0.006465129953853399,-0.0046486763493769345,0.014700064646135047,0.0023428359017731992,-7.239906680114316e-4,119.14,78,0.9614,1.2503,0
2014-11-28,-0.06632989974969083,-0.02684193357847331,-0.0021213005737008572,0.004632920875947022,-0.08681589267662337,-0.008546199071756355,-0.0019085630847683888,0.0025557578709687334,116.47,78.42,0.9658,1.2438,0
2014-12-01,0.0607931276845588,0.039097200451902125,-0.006974069336073363,-0.01138424210291955,0.028328322655045923,-0.06632989974969083,-0.02684193357847331,-0.0021213005737008572,120.31,78.27,0.9631,1.249,0
2014-12-02,-6.170935092466578e-4,-0.01242895336974037,0.0064430403342399245,0.003999243570634192,-0.028328322655045923,0.0607931276845588,0.039097200451902125,-0.006974069336073363,118.11,77.8,0.972,1.239,0
2014-12-03,-0.0024721891453887146,0.01028220058101148,0.0038556122755286637,0.0018039406743399766,0,-6.170935092466578e-4,-0.01242895336974037,0.0064430403342399245,119.01,77.47,0.9779,1.2304,0
2014-12-04,0.0024721891453887146,-0.003875806927525538,-0.0011069667837153574,-4.744058156243014e-4,-0.009426621257703438,-0.0024721891453887146,0.01028220058101148,0.0038556122755286637,120.12,77.4,0.9674,1.2432,0
2014-12-05,-0.00993187423336872,-0.01259189057152632,0.0016359528260103673,9.489916970384371e-5,-0.015109631391766243,0.0024721891453887146,-0.003875806927525538,-0.0011069667837153574,118.801,77.85,0.9772,1.2304,0
2014-12-08,0.006221294836833202,0.01172855632123504,-0.0067051214766014056,-0.007142547388184539,-0.04297776203099346,-0.00993187423336872,-0.01259189057152632,0.0016359528260103673,119.94,77.71,0.9778,1.2292,0
2014-12-09,0.03819549997413585,0.020601660373291253,-6.778348279281587e-4,0.0031490078028229007,0.012055851692407415,0.006221294836833202,0.01172855632123504,-0.0067051214766014056,120.945,78.62,0.968,1.2415,0
2014-12-10,0.003072491728863369,-0.001947915077074036,-0.01616127746374385,-0.015845148334424408,-0.03875801029940362,0.03819549997413585,0.020601660373291253,-6.778348279281587e-4,120.56,79.3,0.968,1.2425,1
2014-12-11,-0.0029770787096845552,-0.002291535057504568,0.005057087001898886,0.004731793870433876,-0.026111144003686082,0.003072491728863369,-0.001947915077074036,-0.01616127746374385,120.2244,79.55,0.9688,1.2397,0
2014-12-12,-0.002985968178562004,-0.002381966247450684,-0.01629343836088548,-0.010946009420914393,-0.03362791642975438,-0.0029770787096845552,-0.002291535057504568,0.005057087001898886,119.29,79.05,0.962,1.2484,0
2014-12-15,-0.05028649843036925,-0.02605842010453774,-0.006893134187087924,-0.010378005813083568,-0.04048005572396729,-0.002985968178562004,-0.002381966247450684,-0.01629343836088548,117.22,77.31,0.9632,1.247,1
2014-12-16,-0.025479085300985194,0.004883588671607875,-0.008051978484080458,-0.016171789512365642,0.011331566009550098,-0.05028649843036925,-0.02605842010453774,-0.006893134187087924,116.18,75.81,0.9604,1.2504,1
2014-12-17,0.0012894908298717311,-0.005933182050568142,0.019415170774903068,0.01803993813099769,0.0018761731582275232,-0.025479085300985194,0.004883588671607875,-0.008051978484080458,115.75,75.61,0.9679,1.2406,1
2014-12-18,0.008341402231089479,0.00767155710807188,0.02442787348075459,0.02378175656248871,-0.02851904307222597,0.0012894908298717311,-0.005933182050568142,0.019415170774903068,116.36,77.01,0.9794,1.2291,1
2014-12-19,0.010171734235218555,-0.0033055005741173815,-0.001258166147098727,6.71237499432209e-4,0.057158413839948796,0.008341402231089479,0.00767155710807188,0.02442787348075459,116.1,78.1,0.9832,1.2235,0
2014-12-22,-0.02627514180179702,-0.019532558339835582,0.004589490893599724,0.0024892305816415217,-0.0485169774446077,0.010171734235218555,-0.0033055005741173815,-0.001258166147098727,114.35,78.73,0.982,1.2252,0
2014-12-23,0.0013043437788780032,0.0016867153006874247,0.0013486828305095955,-0.0035442347556484677,0.030134106844073916,-0.02627514180179702,-0.019532558339835582,0.004589490893599724,115.73,78.822,0.9872,1.218,0
2014-12-24,0.005168170726739252,2.6606359076808417e-4,9.62649211366795e-5,8.632680023907824e-4,-0.023939185912405847,0.0013043437788780032,0.0016867153006874247,0.0013486828305095955,115.58,78.37,0.9865,1.2188,0
2014-12-29,6.449532632464283e-4,0.007949167454422756,0.004561942171778632,0.006879446202986195,-0.03627967408064858,0.005168170726739252,2.6606359076808417e-4,9.62649211366795e-5,116.45,78.56,0.9878,1.2179,0
2014-12-30,0.03360062524992102,0.013370234563171657,-0.005380489536739752,-0.006687710031370031,-3.448870529099146e-4,6.449532632464283e-4,0.007949167454422756,0.004561942171778632,117.9,78,0.988,1.2174,0
2014-12-31,-0.038771936063298984,-0.014162313812504657,-0.009972489094806747,-0.010309866337200546,0.0032961926874901515,0.03360062524992102,0.013370234563171657,-0.005380489536739752,117.05,77.49,0.9934,1.2101,0
2015-01-02,0.006459970785526181,0.0043925222166993905,-5.353188925063534e-4,-0.0030069376165338113,-0.023355098816441267,-0.038771936063298984,-0.014162313812504657,-0.009972489094806747,116.57,77.11,1.0004,1.2015,0
2015-01-05,0.02355176135398862,0.014964608472909369,-0.018224746095895306,-0.014777388836703764,-0.05689227944050668,0.006459970785526181,0.0043925222166993905,-5.353188925063534e-4,117.6001,77.09,1.0079,1.1918,0
2015-01-06,0.02299752271636235,0.011334485074105949,-0.009463635903652623,-0.013498964285540538,-0.040179128646483875,0.02355176135398862,0.014964608472909369,-0.018224746095895306,118.538,77.82,1.0062,1.1936,1
2015-01-07,0.0030684283050144145,-0.005908816164076569,0.012384213184450488,0.012808594910519666,0.01751877638503707,0.02299752271636235,0.011334485074105949,-0.009463635903652623,118.32,76.8,1.016,1.182,0
2015-01-08,-0.01668249995993598,-0.004217418137337781,0.01758943954442138,0.018958840112708764,0.009805327889516935,0.0030684283050144145,-0.005908816164076569,0.012384213184450488,118.11,76.76,1.0169,1.1811,0
2015-01-09,0.007448824012990851,0.011320875624482696,-0.008045880293631846,-0.006604530611773463,-0.014662223027440024,-0.01668249995993598,-0.004217418137337781,0.01758943954442138,119.3,77.83,1.0151,1.183,0
2015-01-12,0.008007434223701093,0.01102547001170695,-0.007864380665794535,-0.010481557487425519,-0.048762812245906506,0.007448824012990851,0.011320875624482696,-0.008045880293631846,120.4,78.66,1.015,1.1832,0
2015-01-13,0.026420880357794996,-0.0033795233246518563,-0.002816694472136838,-2.954646202617539e-4,0.011989866727935894,0.008007434223701093,0.01102547001170695,-0.007864380665794535,120.1,79.16,1.0195,1.1779,1
2015-01-14,-0.009388838463363136,-0.0016092833693734931,-0.0060555106369877265,-0.005531424613229419,0.036225749881881875,0.026420880357794996,-0.0033795233246518563,-0.002816694472136838,119.36,75.28,1.0172,1.1806,0
2015-01-15,6.029544952044219e-4,0.02486419999131595,-0.00920282577817666,-0.013060352134099062,-0.04592072174147921,-0.009388838463363136,-0.0016092833693734931,-0.0060555106369877265,121.95,74.37,0.893,1.1598,1
2015-01-16,0.048244649577744436,0.012979727119507345,0.013029012462967948,0.011672701995681045,0.04919941320317722,6.029544952044219e-4,0.02486419999131595,-0.00920282577817666,122.8,73.39,0.8488,1.1517,1
2015-01-20,0.014257441395716164,0.013618887534804003,0.002130348349601796,0.00790361751110158,-0.047481691624224,0.048244649577744436,0.012979727119507345,0.013029012462967948,124.36,75.45,0.8751,1.1559,0
2015-01-21,0.011821133995522981,2.4151672620753573e-4,0.005035307079607421,0.005104055053911871,0.016454271939170706,0.014257441395716164,0.013618887534804003,0.002130348349601796,123.56,74.41,0.8596,1.1584,0
2015-01-22,0.011683025792693424,0.008017360350355496,0.014761497817219471,0.018334897863305777,-0.02046688838646249,0.011821133995522981,2.4151672620753573e-4,0.005035307079607421,124.7,75.11,0.8678,1.1414,1
2015-01-23,-0.005546325920555706,-0.008017360350355496,-0.005497860930375964,0.002208460257156375,-0.023831409723881425,0.011683025792693424,0.008017360350355496,0.014761497817219471,122.78,75.01,0.876,1.1279,0
2015-01-26,-0.021929470294007825,-0.010031634971266357,0.0023390683633817133,-0.0011516316052073705,-0.007676447498339289,-0.005546325920555706,-0.008017360350355496,-0.005497860930375964,121.31,75.5,0.8988,1.129,0
2015-01-27,0.011924076745829293,0.011399129050759349,-0.0132783253751656,-0.02626865704583725,0.019953713665571193,-0.021929470294007825,-0.010031634971266357,0.0023390683633817133,122.69,75.71,0.9042,1.137,0
2015-01-28,-0.007499541761015749,-0.00790900741215772,-0.012907248291943674,-0.005139366916058208,-0.03850046126633444,0.011924076745829293,0.011399129050759349,-0.0132783253751656,121.88,76.89,0.9055,1.1342,1
2015-01-29,-0.05574775112697772,-0.021788068054283016,0.009201069562989161,0.00956567621333626,0.00722024797348686,-0.007499541761015749,-0.00790900741215772,-0.012907248291943674,118.49,74.91,0.9226,1.1308,1
2015-01-30,0.01661170724403105,0.022031110952550392,-0.012654612873883586,-0.007783673959767867,0.0661110251120629,-0.05574775112697772,-0.021788068054283016,0.009201069562989161,120.4,74.85,0.921,1.129,1
2015-02-02,-0.0035318537062893895,-0.00837846036826484,0.0123080010014327,0.008666589600584196,0.043914849806257816,0.01661170724403105,0.022031110952550392,-0.012654612873883586,119.127,76.16,0.9262,1.1337,1
2015-02-03,0.003537739538796547,-0.011254072038855867,0.014357607241501924,0.00956384766086149,0.052313182288295845,-0.0035318537062893895,-0.00837846036826484,0.0123080010014327,119.8,76.44,0.9234,1.1462,0
2015-02-04,0.00586856144365866,0.004368798936508433,-0.00381511834719106,-8.745081449328396e-4,-0.07074188811121296,0.003537739538796547,-0.011254072038855867,0.014357607241501924,120.34,76.86,0.9238,1.1418,0
2015-02-05,-0.0026365915376329596,0.0017257677784430214,0.010044455212864456,0.00861448486524985,0.040209115282054064,0.00586856144365866,0.004368798936508433,-0.00381511834719106,121.78,77.13,0.9248,1.1432,0
2015-02-06,-0.033102769018358735,-0.026204552269342152,-0.002769210116135845,-0.006090211680210622,0.022858138076049972,-0.0026365915376329596,0.0017257677784430214,0.010044455212864456,118.79,76.13,0.9228,1.133,0
2015-02-09,0.0171415075203325,0.004457347273037371,-0.004485843009149448,-0.0032049753069127718,0.015290817798417233,-0.033102769018358735,-0.026204552269342152,-0.002769210116135845,118.21,75.565,0.9258,1.1316,0
2015-02-10,-0.008086208698777408,-0.0058912811360469775,0.010597027029847439,0.015444322427473622,-0.04288954942459311,0.0171415075203325,0.004457347273037371,-0.004485843009149448,117.11,74.71,0.9263,1.1316,0
2015-02-11,-0.006874537114069934,-0.011887717475086212,5.800744591519802e-4,0.0036332385315347437,-0.022964961172526,-0.008086208698777408,-0.0058912811360469775,0.010597027029847439,115.76,74.45,0.9288,1.13,0
2015-02-12,0.0038049268311453055,0.0023036570061325534,0.009570831744360575,0.011576180131993574,0.035556942869885866,-0.006874537114069934,-0.011887717475086212,5.800744591519802e-4,116.31,75.24,0.9283,1.141,0
2015-02-13,0.023885110573702573,0.005439415077215237,0.00410795896535987,0.008548264913341264,0.022681384681924932,0.0038049268311453055,0.0023036570061325534,0.009570831744360575,117.01,76.79,0.9308,1.1408,0
2015-02-17,-0.04268757510944621,-0.016838724287613793,0.00157184056750026,9.34929013501673e-4,0.00862730547725743,0.023885110573702573,0.005439415077215237,0.00410795896535987,114.24,75.91,0.9346,1.1395,0
2015-02-18,-0.004926118336056273,0.002840544195300332,9.518370462124892e-5,0.0014007566374978353,-0.027146353244495103,-0.04268757510944621,-0.016838724287613793,0.00157184056750026,113.99,75.51,0.9446,1.1342,0
2015-02-19,-0.004330350101220848,-0.0034441225710288847,-7.140987187845838e-4,0.004933684664381488,-0.00834207131739495,-0.004926118336056273,0.002840544195300332,9.518370462124892e-5,113.59,76.22,0.9472,1.1392,0
2015-02-20,-0.009968929910196156,-0.005708864220320464,0.005982639751938024,0.006663606332411476,-0.023842188962759803,-0.004330350101220848,-0.0034441225710288847,-7.140987187845838e-4,112.94,75.5,0.9419,1.1372,0
2015-02-23,0.006242217522499871,0.0013003339355543986,-1.4202864268231252e-4,0.0010141521175306423,-0.029381874194502444,-0.009968929910196156,-0.005708864220320464,0.005982639751938024,112.94,76.36,0.9494,1.1346,0
2015-02-24,-0.006242217522499871,-0.0014738396183000546,0.002836747209856938,7.369197091033897e-4,-0.0038727572608445726,0.006242217522499871,0.0013003339355543986,-1.4202864268231252e-4,112.99,77.14,0.9516,1.1307,0
2015-02-25,0.01676537250661081,0.003810188191110342,-8.50179533545159e-4,-0.0024892835423582227,0.03325463145534702,-0.006242217522499871,-0.0014738396183000546,0.002836747209856938,113.58,78.15,0.9496,1.1363,0
2015-02-26,0.0013107169897454973,0.003192823180900639,-0.0011820052911613033,0.00506423438573389,-0.03380910887459887,0.01676537250661081,0.003810188191110342,-8.50179533545159e-4,114.1,78.59,0.954,1.1212,0
2015-02-27,0.0017633708906763523,7.750936959540766e-4,-0.0034120021728050176,-0.004418269337664427,0.003874901056554414,0.0013107169897454973,0.003192823180900639,-0.0011820052911613033,115.2,79.37,0.9513,1.1197,0
2015-03-02,-0.012975158863133718,-0.004140792666031068,0.006293644339764981,0.008999968913080636,0.012081420974204171,0.0017633708906763523,7.750936959540766e-4,-0.0034120021728050176,115.11,80.6,0.9553,1.119,0
2015-03-03,-0.006238323412691482,-0.0018170024466899193,-0.004112411553092166,-0.00467354802553821,0.009236686153049067,-0.012975158863133718,-0.004140792666031068,0.006293644339764981,114.99,80.52,0.959,1.1212,0
2015-03-04,-0.0025062669760598233,-0.003122563036794368,-0.004224522718033974,-0.0038652726202048626,0.027735111101304444,-0.006238323412691482,-0.0018170024466899193,-0.004112411553092166,114.57,80.16,0.964,1.107,0
2015-03-05,-6.275494401117854e-4,-9.560645637201048e-4,0.0010934418356312037,0.0017504265375025696,-0.015907016214339542,-0.0025062669760598233,-0.003122563036794368,-0.004224522718033974,114.33,80.01,0.9736,1.1006,0
2015-03-06,-0.019011979488571917,-0.027684038969808533,-0.014164271641912585,-0.011386376200430703,-0.025441155639812862,-6.275494401117854e-4,-9.560645637201048e-4,0.0010934418356312037,112.35,79.28,0.9846,1.0855,1
2015-03-09,-0.005774799493883709,9.828888786636014e-4,0.0041360132062377986,0.0028819803334432237,0.006012589854393902,-0.019011979488571917,-0.027684038969808533,-0.014164271641912585,111.39,79.83,0.9873,1.0846,0
2015-03-10,-0.006462277047782905,-0.0049241336794354496,-0.016354939473574248,-0.018741178207310583,-0.024270358427958882,-0.005774799493883709,9.828888786636014e-4,0.0041360132062377986,109.54,77.78,0.9996,1.0707,0
2015-03-11,-0.012375564838297937,-0.0060314356674249225,-0.0023444379205601606,-0.0057866689008250205,-0.00784757390606039,-0.006462277047782905,-0.0049241336794354496,-0.016354939473574248,108.4,76.56,1.0074,1.0576,0
2015-03-12,0.003926706616171671,-2.7091705588588866e-4,0.012633792918681941,0.0065430985889358695,-0.018745223685726398,-0.012375564838297937,-0.0060314356674249225,-0.0023444379205601606,108.21,76.56,1.0034,1.0615,0
2015-03-13,0.001957586269517808,0.001444043572234044,-0.006151183030629781,-0.004357305368955622,-0.037381579708383406,0.003926706616171671,-2.7091705588588866e-4,0.012633792918681941,108.25,76.9,1.0047,1.0524,1
2015-03-16,0.0039037134804735807,-6.315124933591321e-4,0.013272075322158017,0.012827944252464363,-0.027156941429187675,0.001957586269517808,0.001444043572234044,-0.006151183030629781,107.36,75.74,1.0074,1.0575,0
2015-03-17,-0.005208345107138523,-0.005429386244783174,-0.0029769071775520572,0.001591984229097676,-0.02414230532159989,0.0039037134804735807,-6.315124933591321e-4,0.013272075322158017,106.115,73.85,1.004,1.0605,0
2015-03-18,0.028829747476260437,0.019409361216360388,0.011949857797151076,0.009777069362694846,0.04890950303227415,-0.005208345107138523,-0.005429386244783174,-0.0029769071775520572,108.3,75.592,0.9952,1.0643,1
2015-03-19,0.007071544030284205,-7.121873353641561e-4,-0.004571871950473927,0.0014814817524433366,-0.04141883130311674,0.028829747476260437,0.019409361216360388,0.011949857797151076,108.85,74.165,0.9921,1.0621,0
2015-03-20,0.03471775920975029,0.011334576319107725,0.0043342688890284364,0.004154938805980279,0.02153266829835676,0.007071544030284205,-7.121873353641561e-4,-0.004571871950473927,110.292,75.29,0.9766,1.0792,0
2015-03-23,0.01862004324233535,0.006319691005951533,-0.001950477533751993,-0.0019368232939589447,0.02107876898988348,0.03471775920975029,0.011334576319107725,0.0043342688890284364,111.26,75.39,0.9668,1.0928,0
2015-03-24,-0.001194743272342702,0.0024469119960279784,-0.005634893855503975,-0.0036069403267093847,5.957700503889107e-4,0.01862004324233535,0.006319691005951533,-0.001950477533751993,110.45,74.16,0.9586,1.0908,0
2015-03-25,-0.0023937773249889105,0.0013955519055173227,-0.01476219581271021,-0.023151134734932022,0.03338523814275485,-0.001194743272342702,0.0024469119960279784,-0.005634893855503975,110.86,74.28,0.9574,1.0986,1
2015-03-26,0.004781838161373564,0.006515812983682423,-0.0023842553201669503,-0.00341945621941786,0.04780218450731244,-0.0023937773249889105,0.0013955519055173227,-0.01476219581271021,111.75,74.65,0.9614,1.0919,0
2015-03-27,-0.005381178904516837,-0.0036436233595864564,0.0022870499737965844,0.00398823052615338,-0.06055598056988298,0.004781838161373564,0.006515812983682423,-0.0023842553201669503,110.43,71.8,0.9586,1.0891,0
2015-03-30,-0.014493007302566419,-0.011450673604088024,0.012126045344068359,0.01140177251681429,0.005237137370204703,-0.005381178904516837,-0.0036436233595864564,0.0022870499737965844,108.64,70.73,0.9678,1.0818,0
2015-03-31,-0.004878058453432921,-7.915219620837632e-4,-0.0087779091644542,-0.010643909653712313,-0.022895041725657705,-0.014493007302566419,-0.011450673604088024,0.012126045344068359,110.71,71.31,0.9712,1.0741,0
2015-04-01,0.018771365588101663,0.01692442036930153,-0.003542575223586475,-0.005221943981151611,0.04300488344285025,-0.004878058453432921,-7.915219620837632e-4,-0.0087779091644542,112.7629,72.5434,0.9671,1.0768,0
2015-04-02,-0.012070152573154136,-0.0027720045470109866,0.003591016621614429,6.661274452914867e-4,-0.0011383040500603236,0.018771365588101663,0.01692442036930153,-0.003542575223586475,111.79,72.41,0.9578,1.0874,0
2015-04-06,0.014466798417753779,0.012156894126749584,0.00671062455045579,0.008147842328315669,0.04835618347476123,-0.012070152573154136,-0.0027720045470109866,0.003591016621614429,114.11,74.51,0.9524,1.1008,1
2015-04-07,-0.007810192900153723,-0.00498282817910134,-0.0026499015771275225,-0.0016998776404175686,0.033612126544324106,0.014466798417753779,0.012156894126749584,0.00671062455045579,113.83,74.65,0.964,1.085,0
2015-04-08,-0.021335768180648973,-0.0055272616751498305,0.0033713849782319727,0.007908156446254644,-0.05333879362191851,-0.007810192900153723,-0.00498282817910134,-0.0026499015771275225,113.08,73.4,0.9634,1.0818,0
2015-04-09,-0.018211656962031864,-0.006952317913551553,0.004413747330433537,0.006263166068582571,-0.002216067388911558,-0.021335768180648973,-0.0055272616751498305,0.0033713849782319727,112.025,73.8255,0.9754,1.0671,0
2015-04-10,0.016978611183116943,0.011238606644664806,0.005442320207138529,0.004091887044821441,0.02085695802976062,-0.018211656962031864,-0.006952317913551553,0.004413747330433537,113.8,75.36,0.9807,1.0598,0
2015-04-13,-0.010835793703578123,-0.007148265447214364,-0.004533207486326241,-0.002508945236566973,0.0048767368392925725,0.016978611183116943,0.011238606644664806,0.005442320207138529,111.66,74.56,0.978,1.0582,0
2015-04-14,-0.005960868681937903,-0.006098111065753642,0.0019112242427219428,-0.002888425022384844,0.01714940207295479,-0.010835793703578123,-0.007148265447214364,-0.004533207486326241,111.69,73.82,0.9712,1.0672,0
2015-04-15,0.008122506387352235,0.008613617444910737,0.00447705072447846,0.0062322884390910716,0.04620598700739498,-0.005960868681937903,-0.006098111065753642,0.0019112242427219428,112.63,74.63,0.9721,1.0596,0
2015-04-16,-0.004365457509639903,-0.003471321718901521,-2.851711045943617e-4,-0.001391917823207578,0.011601643369063552,0.008122506387352235,0.008613617444910737,0.00447705072447846,112.32,75.4,0.9584,1.0742,0
2015-04-17,0,0.004942992330358109,-0.011570218957017708,-0.015723300055783263,-0.0050276626769654165,-0.004365457509639903,-0.003471321718901521,-2.851711045943617e-4,113.5899,76.13,0.9528,1.078,0
2015-04-20,-0.01943769389247496,-0.007641579386967301,0.009095323590678994,0.01488721844267804,0.002516991009153813,0,0.004942992330358109,-0.011570218957017708,111.28,74.91,0.9543,1.0763,0
2015-04-21,0.0024186887228800913,0.00573665197743356,-0.0011920373327125589,0.004265980688235693,-0.022370022801425193,-0.01943769389247496,-0.007641579386967301,0.009095323590678994,111.33,74.85,0.9528,1.0758,0
2015-04-22,-0.012796079909590752,-0.013524921491618436,0.00490208725038066,0.005445078286519411,-0.004637988216024347,0.0024186887228800913,0.00573665197743356,-0.0011920373327125589,109.44,73.24,0.9662,1.0729,0
2015-04-23,0.005778507250944198,0.0072651201431117585,0.0025131002581479933,0.0037664827954762004,0.02045061047129071,-0.012796079909590752,-0.013524921491618436,0.00490208725038066,110.19,74.44,0.955,1.0803,0
2015-04-24,-0.010296101252263767,-0.014141028756258223,0.0023178270115176147,0.013479256907201531,-0.004565059918753889,0.005778507250944198,0.0072651201431117585,0.0025131002581479933,108.87,74.56,0.9533,1.0876,0
2015-04-27,0.03994191784501577,0.019967385513869118,-0.004166475417977544,-0.002536233243579211,-0.007655051416021408,-0.010296101252263767,-0.014141028756258223,0.0023178270115176147,111.35,75.4,0.9534,1.0892,0
2015-04-28,0.016029936338970874,0.00863339559082732,0.0031737787470778045,-0.0019972771051639526,0.004089985251525263,0.03994191784501577,0.019967385513869118,-0.004166475417977544,112.13,75.21,0.9538,1.0979,0
2015-04-29,-0.006750562609730615,-0.007073873528086416,-0.004123130885593795,-0.006290188933596674,0.026184778995066882,0.016029936338970874,0.00863339559082732,0.0031737787470778045,111.7514,75.82,0.9358,1.1174,0
2015-04-30,-0.02493894834725241,-0.017818621497690756,-0.010070963099263253,-0.01585432784657037,0.019198226852750633,-0.006750562609730615,-0.007073873528086416,-0.004123130885593795,110.56,75.27,0.941,1.1162,0
2015-05-01,0.005037794029957521,-0.003442951977508102,0.010783061683794948,0.013107073371431355,-0.005377671234118697,-0.02493894834725241,-0.017818621497690756,-0.010070963099263253,109.64,74.82,0.934,1.1194,0
2015-05-04,0.01403422379400121,0.008979724042640136,0.002843334301143585,0.0016492582078138085,-0.005899722127188145,0.005037794029957521,-0.003442951977508102,0.010783061683794948,111.11,75.71,0.9357,1.1145,0
2015-05-05,0.005866930523293679,0.0028006319723532513,-0.01151790373359507,-0.016430127766931868,0.023392879574705372,0.01403422379400121,0.008979724042640136,0.002843334301143585,110.87,76.81,0.9262,1.1174,0
2015-05-06,-0.0012322860462652407,-5.245213862723475e-4,-0.004125299657648185,-0.0069107484600463565,0.002886004889135041,0.005866930523293679,0.0028006319723532513,-0.01151790373359507,110.71,76.79,0.915,1.1345,1
2015-05-07,-0.0124071070470535,-0.008253624868229004,0.003981679962354434,0.005979649696316258,-0.03023145877966371,-0.0012322860462652407,-5.245213862723475e-4,-0.004125299657648185,109.4,75.59,0.9196,1.1283,0
2015-05-08,0.010555826049330808,0.004837513281762185,0.013080164608789246,0.012405269250305828,0.010832208329360604,-0.0124071070470535,-0.008253624868229004,0.003981679962354434,110.5,77.35,0.9274,1.1241,0
2015-05-11,-0.011305170408111742,-0.0038681366912021176,-0.004784131522623802,-0.003871686252288953,-0.001960784941941185,0.010555826049330808,0.004837513281762185,0.013080164608789246,109.18,75.79,0.9344,1.1142,0
2015-05-12,0.015004311494314138,0.008507703817852708,-0.002995793866596763,-0.004535994817455702,0.01751017500680252,-0.011305170408111742,-0.0038681366912021176,-0.004784131522623802,109.57,75.975,0.9266,1.124,0
2015-05-13,0.03388103864477765,0.01774554248747151,1.9047619105272418e-4,0.0020391146188689646,-0.006287807899013398,0.015004311494314138,0.008507703817852708,-0.002995793866596763,111.15,76.1,0.9162,1.1372,0
2015-05-14,0.01827342329307191,0.005390848634876377,0.010373586145110636,0.014523648986049409,-0.0038891638715252697,0.03388103864477765,0.01774554248747151,1.9047619105272418e-4,112.29,75.665,0.9146,1.1368,0
2015-05-15,0.00524323950985206,0.002982406028120721,0.0010832451312401403,0,-4.8721072827362377e-4,0.01827342329307191,0.005390848634876377,0.010373586145110636,113.06,76.72,0.9174,1.1428,0
2015-05-18,0.009829509613797693,-8.508827914166517e-5,0.0031019435503729653,0.004370795521343673,-0.0039062549670649815,0.00524323950985206,0.002982406028120721,0.0010832451312401403,113.79,75.86,0.923,1.1354,0
2015-05-19,-0.03156311102306519,-0.01396706651932167,-3.285382424591532e-4,-0.0010909091990987108,-0.04043475704713417,0.009829509613797693,-8.508827914166517e-5,0.0031019435503729653,111.39,75.11,0.9367,1.1151,0
2015-05-20,-0.0011883542693786886,0.001638143229632405,-7.043741926784364e-4,6.36508318829776e-4,0.010641093568357185,-0.03156311102306519,-0.01396706651932167,-3.285382424591532e-4,111.91,75.2,0.9395,1.1079,0
2015-05-21,0.0017820022535688373,-0.003365408535135117,0.0029082059992457943,0.005167970158442614,0.0327247842876357,-0.0011883542693786886,0.001638143229632405,-7.043741926784364e-4,111.67,75.71,0.9346,1.1126,0
2015-05-22,-0.004759080963253393,-7.782438025198957e-4,-0.002391616418170095,-9.952500256025232e-4,-0.012270092591814219,0.0017820022535688373,-0.003365408535135117,0.0029082059992457943,110.84,75.94,0.9428,1.1033,0
2015-05-26,-0.01805103164556865,-0.01472729332645617,-0.010809895440366368,-0.011562927573379511,-0.028043900901514096,-0.004759080963253393,-7.782438025198957e-4,-0.002391616418170095,109.08,75.7399,0.9503,1.0876,0
2015-05-27,-0.003649639087549339,-1.755926255615492e-4,0.009447401396048605,0.015988712695771845,-0.010722594436645139,-0.01805103164556865,-0.01472729332645617,-0.010809895440366368,108.38,76.02,0.9508,1.0888,0
2015-05-28,0.0012180269471775418,0.0011408013171765319,-0.0011289868543240544,-0.0022556061352014822,0.004098366392282227,-0.003649639087549339,-1.755926255615492e-4,0.009447401396048605,108.01,76.2151,0.9458,1.0914,0
2015-05-29,5.597945943462967e-4,7.013852645938456e-4,-0.006232314790318938,-0.005979361898904578,0.03762671098562187,0.0012180269471775418,0.0011408013171765319,-0.0011289868543240544,107.66,75.2,0.9404,1.0994,0
2015-06-01,0.0018718175460255004,-8.768084735342185e-4,0.0020344924336779258,0.003356468883428221,0.002458816090028737,5.597945943462967e-4,7.013852645938456e-4,-0.006232314790318938,106.91,74.81,0.9467,1.0913,0
2015-06-02,0.0024257137424879005,0.004026968586460455,-9.930722212114773e-4,-0.003174749820598066,0.015594857957906605,0.0018718175460255004,-8.768084735342185e-4,0.0020344924336779258,107.96,74.31,0.9343,1.113,0
2015-06-03,-0.01648892319850459,-0.007189859994968906,0.0026460041897991005,0.002993606807694782,-0.024970697674107978,0.0024257137424879005,0.004026968586460455,-9.930722212114773e-4,106.92,73.48,0.9336,1.1285,0
2015-06-04,-0.021158225507345918,-0.007064670852191313,-0.008482458158234785,-0.007637789448118326,-0.0256102372471001,-0.01648892319850459,-0.007189859994968906,0.0026460041897991005,106.6,73.18,0.9342,1.1271,0
2015-06-05,-0.00441223533326518,-0.005331450339590482,-0.0017146943948809223,-0.002375949212384043,0.012133617011426345,-0.021158225507345918,-0.007064670852191313,-0.008482458158234785,106.09,73.0392,0.9436,1.1108,0
2015-06-08,-0.004431789463188007,0.002935814572507134,-0.00645641784641704,-0.010207454483010636,-0.00959361056581809,-0.00441223533326518,-0.005331450339590482,-0.0017146943948809223,106.7701,72.09,0.9332,1.1232,0
2015-06-09,-0.00381437207547064,0.002218377945117034,1.4392976252430856e-4,-0.0016651252690991214,0.025051410250901185,-0.004431789463188007,0.002935814572507134,-0.00645641784641704,107.26,71.8006,0.9295,1.1284,0
2015-06-10,0.00381437207547064,0.008473131010672041,0.011969337718225503,0.013609405454950263,0.021053409197832273,-0.00381437207547064,0.002218377945117034,1.4392976252430856e-4,108,72.14,0.9292,1.1307,0
2015-06-11,0,-0.004580698636842406,0.0032654249219019604,0.0014602539785633084,-0.0072939783625538546,0.00381437207547064,0.008473131010672041,0.011969337718225503,107.33,72.2077,0.9364,1.1236,0
2015-06-12,-0.0038780683715522457,-2.6491235971093374e-4,-0.00815982515070246,-0.0082418048951034,-0.01079500178689985,0,-0.004580698636842406,0.0032654249219019604,105.96,71.36,0.926,1.1278,0
2015-06-15,0.010203200148521052,0.004406069870404927,-0.003961535381642456,-0.004977886385236552,-0.00593767207121676,-0.0038780683715522457,-2.6491235971093374e-4,-0.00815982515070246,105.31,71.06,0.9351,1.1266,0
2015-06-16,-0.0070868431252106845,-0.003611543234037562,0.0054846924184692725,0.005437550838285787,0.005444210427845597,0.010203200148521052,0.004406069870404927,-0.003961535381642456,104.51,70.96,0.9325,1.1238,0
2015-06-17,0.00897660746713358,0.004666117547432513,0.0016158163386297275,0.002753558417182056,-0.002470967405007407,-0.0070868431252106845,-0.003611543234037562,0.0054846924184692725,104.84,70.02,0.9272,1.1244,0
2015-06-18,0.0018861998676125147,0.012829080260453374,0.010016620483871641,0.014468608558507512,0.00739466026679203,0.00897660746713358,0.004666117547432513,0.0016158163386297275,104.76,69.7,0.9196,1.1404,0
2015-06-19,-0.005669306523316209,-0.0017358101910893708,-0.00897248180334298,-0.007253635938699432,-0.016840417795247475,0.0018861998676125147,0.012829080260453374,0.010016620483871641,105.12,68.45,0.9206,1.1335,0
2015-06-22,0.006297250029036139,-0.012939505593124956,0.005110018216724299,0.00734397425575839,0.006968669316093301,-0.005669306523316209,-0.0017358101910893708,-0.00897248180334298,102.88,67.49,0.9188,1.1378,0
2015-06-23,-0.023500605171711264,-0.006621663712532033,7.548238316594791e-4,8.126778179899929e-4,0.0152599564700302,0.006297250029036139,-0.012939505593124956,0.005110018216724299,103.31,67.39,0.9336,1.119,0
2015-06-24,0.0051282163669195135,-0.002660991458416362,-0.007288937988292332,-0.0051581490774914585,-0.012782868257668056,-0.023500605171711264,-0.006621663712532033,7.548238316594791e-4,104.01,67.26,0.936,1.1178,0
2015-06-25,-0.0025608208616740846,-0.001333155776707784,-0.0032354788657036337,-0.0019980026626731373,-0.01144575819512239,0.0051282163669195135,-0.002660991458416362,-0.007288937988292332,104.82,65.6,0.9375,1.1196,0
2015-06-26,-0.0040788199082251175,0.0010666667678025377,3.3354775998351016e-4,-0.006658482209762617,0,-0.0025608208616740846,-0.001333155776707784,-0.0032354788657036337,104.56,65.6,0.9351,1.1156,0
2015-06-29,-0.005583091003511509,0.004520683141020498,-0.021331188948663815,-0.023894450379284393,-0.023804618585387516,-0.0040788199082251175,0.0010666667678025377,3.3354775998351016e-4,104.4,64.5,0.928,1.118,1
2015-06-30,1.2944146028015524e-4,-0.0062100980273429585,0.0020420077107292656,0.0035553929668088458,0.018787046593407908,-0.005583091003511509,0.004520683141020498,-0.021331188948663815,104.2,65.15,0.9346,1.1154,0
2015-07-01,-0.007274648864924682,-0.0034767139990634632,0.008126586590176288,0.007907385729321703,-0.04002586617584347,1.2944146028015524e-4,-0.0062100980273429585,0.0020420077107292656,104.7,67.46,0.9456,1.1084,0
2015-07-02,0.00260416813838793,-0.0019665689720413937,-0.00120513885732354,2.77945061315954e-4,-0.008940369831353046,-0.007274648864924682,-0.0034767139990634632,0.008126586590176288,104.74,67.05,0.9436,1.109,0
2015-07-06,0.001987620252552169,0.0026807271884319306,-0.0031401750482915602,-0.0023185727984733617,-0.06548984513511469,0.00260416813838793,-0.0019665689720413937,-0.00120513885732354,102.7,65.66,0.9432,1.1076,0
2015-07-07,-0.03638254504043692,-0.011668743834377437,0.006462837195522653,0.00250382659670656,0.0016906174779074412,0.001987620252552169,0.0026807271884319306,-0.0031401750482915602,100.6,62.8,0.9482,1.0952,1
2015-07-08,0.0013449901153328447,0.002974985290870258,-0.016871491478661405,-0.017565620287869343,-0.021628617726778376,-0.03638254504043692,-0.011668743834377437,0.006462837195522653,99.71,63.26,0.9458,1.1072,0
2015-07-09,0.020619287202735315,0.0024275129924786754,0.001319229175277492,-5.657175334734532e-4,0.018809331957496678,0.0013449901153328447,0.002974985290870258,-0.016871491478661405,99,61.67,0.9495,1.1025,0
2015-07-10,0.011129411111844512,0.0011667041933707267,0.013001056317846427,0.015163150872665732,-0.00226116546313726,0.020619287202735315,0.0024275129924786754,0.001319229175277492,99.6899,62.96,0.9411,1.115,1
2015-07-13,-0.007843177461025697,-0.00449479361559213,0.010929070532190721,0.017404555545202705,-0.009096140033844513,0.011129411111844512,0.0011667041933707267,0.013001056317846427,100.05,63.76,0.9492,1.102,0
2015-07-14,-0.00812345729623054,-0.0022549957690669586,0.004566217979581566,0.006551433805962681,0.011921798879173995,-0.007843177461025697,-0.00449479361559213,0.010929070532190721,99.29,63.16,0.9459,1.1015,0
2015-07-15,-0.018467116701264885,-0.005251256974421636,-4.2719829770376805e-4,0.0010877448498174402,-0.028041894637096387,-0.00812345729623054,-0.0022549957690669586,0.004566217979581566,98.95,62.06,0.9521,1.0965,0
2015-07-16,-0.004058060740949276,-0.0036376904428241374,0.007756009559084731,0.014034055451858762,-0.010501846810312632,-0.018467116701264885,-0.005251256974421636,-4.2719829770376805e-4,97.84,60.91,0.9562,1.0898,0
2015-07-17,-0.00815221906155017,-0.010164457275136485,9.417526711947843e-4,0.014632460780116041,-0.0035252680456849816,-0.004058060740949276,-0.0036376904428241374,0.007756009559084731,96.66,59.74,0.9608,1.0848,0
2015-07-20,-0.013736479727886497,-0.02752681382624722,7.057329329125395e-4,0.0034275201635241004,-0.0178151980100969,-0.00815221906155017,-0.010164457275136485,9.417526711947843e-4,94.35,58.56,0.963,1.085,0
2015-07-21,0.006891826037921156,-0.003126927264755608,-0.004052976941613551,-6.143314950328715e-4,0.013095425236745228,-0.013736479727886497,-0.02752681382624722,7.057329329125395e-4,94.49,60.45,0.959,1.0927,0
2015-07-22,-0.0013745706631667076,-0.0054241937244947636,-0.0022219604934177184,-0.01138934308534889,-0.034289073478632304,0.006891826037921156,-0.003126927264755608,-0.004052976941613551,94.6101,60.66,0.9613,1.0884,0
2015-07-23,-0.010432496594958263,-0.004494819407063311,-0.005457622164799503,-0.003736326737875828,-0.012315426590054024,-0.0013745706631667076,-0.0054241937244947636,-0.0022219604934177184,94.34,59.44,0.9581,1.0976,0
2015-07-24,0.0021451563463878998,0.009729187770319392,-0.010524398710805016,-0.009852296443011888,-0.006838696220341056,-0.010432496594958263,-0.004494819407063311,-0.005457622164799503,95.35,60.4199,0.962,1.0976,0
2015-07-27,-0.0076575382884431775,-0.004662013105811269,-0.005787611409485471,-0.008315304601014262,-0.02399104963529952,0.0021451563463878998,0.009729187770319392,-0.010524398710805016,95.24,59.32,0.9597,1.1112,0
2015-07-28,0.008350779217419557,0.0015246810653266607,0.012354441478916733,0.008585295152984784,0.012698583337127367,-0.0076575382884431775,-0.004662013105811269,-0.005787611409485471,95.34,60.12,0.9638,1.1055,0
2015-07-29,0.00896866998276069,0.001427280322223723,0.006951084929700535,0.0037722336809862256,0.024307834410242535,0.008350779217419557,0.0015246810653266607,0.012354441478916733,95.51,60.01,0.963,1.1026,0
2015-07-30,-0.005295590326830357,-0.008594399730434965,2.3719727808746427e-4,0.0047399811502106814,-0.008658062743114758,0.00896866998276069,0.001427280322223723,0.006951084929700535,95.38,59.96,0.9696,1.0914,0
2015-07-31,-0.0015962357110907988,0.006309772368317645,-0.0017565936104633195,-0.0011605589839875918,-0.03218958892073198,-0.005295590326830357,-0.008594399730434965,2.3719727808746427e-4,95.15,59.11,0.9636,1.1028,0
2015-08-03,-0.013226785241873706,-0.007941485548895955,-0.0034271060245760765,-0.003131293097554,-0.031934939248806415,-0.0015962357110907988,0.006309772368317645,-0.0017565936104633195,93.19,57.98,0.9682,1.0962,0
2015-08-04,0.003358055485247924,0.002015259066956432,-0.0019568076879963314,-0.0018834930901121538,0.00791560861266083,-0.013226785241873706,-0.007941485548895955,-0.0034271060245760765,92.3737,57.97,0.9732,1.0953,0
2015-08-05,0.0015353481974811345,-0.003649639087549339,0.00371942634694733,0.007601878937107287,-0.012562148668656459,0.003358055485247924,0.002015259066956432,-0.0019568076879963314,91.75,57.46,0.981,1.0868,0
2015-08-06,0.0020898649194593943,0.004416289819876518,-0.008364249982491856,-0.016076505928078966,-0.010702443292819552,0.0015353481974811345,-0.003649639087549339,0.00371942634694733,92.04,58.05,0.9808,1.0922,0
2015-08-07,0.010384309305716322,0.0024875634718020123,-0.0020659675352279194,-0.0012683458848359308,-0.02106771770352367,0.0020898649194593943,0.004416289819876518,-0.008364249982491856,92.8601,58.09,0.9824,1.0958,0
2015-08-10,0.031856302717856444,0.010172640844078984,0.012949649364032645,0.011357612623798197,0.022411803927377516,0.010384309305716322,0.0024875634718020123,-0.0020659675352279194,95.38,58.96,0.9848,1.0994,0
2015-08-11,0.003994679080378649,0.0050948312867094,-0.00939690665744397,-0.012899912770753197,-0.027231090363326604,0.031856302717856444,0.010172640844078984,0.012949649364032645,95.5699,58.24,0.9869,1.1042,0
2015-08-12,0.012545559063615208,0.013924807961060104,0.0012452705282743892,0.003444216220880314,-0.00345662286791093,0.003994679080378649,0.0050948312867094,-0.00939690665744397,96.59,60.56,0.9691,1.1198,1
2015-08-13,-0.008037463388515409,-0.008294162454232534,-0.0010535894849432736,-0.001629992210931519,-0.024536807554091045,0.012545559063615208,0.013924807961060104,0.0012452705282743892,95.81,59.44,0.976,1.1144,0
2015-08-14,-0.01050611432365356,-9.358476446852393e-5,0.0031574441387354213,0.0015395067564067944,-0.007122537233199111,-0.008037463388515409,-0.008294162454232534,-0.0010535894849432736,95.86,59.76,0.978,1.111,0
2015-08-17,0.006064461623894513,0.0026170685093100943,0.005715389915062374,0.008290576458271914,-0.007173631911137512,-0.01050611432365356,-9.358476446852393e-5,0.0031574441387354213,96.5,59.38,0.977,1.1078,0
2015-08-18,-0.029738208407617872,-1.8670649792795757e-4,-0.0029965063207217923,-0.005128447067304087,0.011453239013502703,0.006064461623894513,0.0026170685093100943,0.005715389915062374,96.33,57.71,0.9764,1.1028,0
2015-08-19,0.02567708635189847,0.013354552547761855,-0.007890813521532536,-0.006606657814806738,-0.04513138524460869,-0.029738208407617872,-1.8670649792795757e-4,-0.0029965063207217923,98.13,59.16,0.9702,1.1061,0
2015-08-20,0.013912115737724218,0.017261490737653595,-0.020714316044060155,-0.028085267524700086,-0.004477619421294765,0.02567708635189847,0.013354552547761855,-0.007890813521532536,99.59,60.11,0.9621,1.12,1
2015-08-21,-0.01257878220686015,0.006228300135600939,-0.03177241659829466,-0.04468950604674493,-0.01052641298698731,0.013912115737724218,0.017261490737653595,-0.020714316044060155,98.865,58.44,0.9488,1.1356,1
2015-08-24,-0.03181317353999713,-0.005413709874691364,-0.04200757112986242,-0.039236338275352445,-0.057558653989377984,-0.01257878220686015,0.006228300135600939,-0.03177241659829466,95.59,55.48,0.9347,1.158,1
2015-08-25,-0.011065119812472712,-0.012472281482725833,-0.012051216908419704,-0.003764949753830571,0.019033088431828826,-0.03181317353999713,-0.005413709874691364,-0.04200757112986242,94.44,51.82,0.9488,1.141,1
2015-08-26,-0.03086793416339928,-0.01374370201251196,0.03901937735119265,0.04913478338075272,0.0031372574751329374,-0.011065119812472712,-0.012472281482725833,-0.012051216908419704,94.78,51.34,0.9472,1.139,1
2015-08-27,0.017567073042449977,5.571030784752296e-4,0.022751336808727984,0.025016879471954745,0.08838083822292653,-0.03086793416339928,-0.01374370201251196,0.03901937735119265,96.74,54.68,0.9631,1.1239,1
2015-08-28,0.009817750668129399,0.008963697221062716,4.0160643110098704e-4,-1.893401501442682e-4,0.06453852113757153,0.017567073042449977,5.571030784752296e-4,0.022751336808727984,98.64,56.82,0.9622,1.1172,0
2015-08-31,0.0027874582508529144,0.001103346930615423,-0.008569032725101344,-0.012480512590907544,0.06567195114367852,0.009817750668129399,0.008963697221062716,4.0160643110098704e-4,97.65,58.02,0.9681,1.1194,0
2015-09-01,-0.0020898649194593943,0.003485922253025464,-0.029644358194556908,-0.03175179083824986,-0.07038735226891735,0.0027874582508529144,0.001103346930615423,-0.008569032725101344,96.67,55.1,0.9622,1.1263,1
2015-09-02,0.0055632966853287336,-0.005325510704105696,0.018803178086427508,0.027813454255551484,0.018729644500050213,-0.0020898649194593943,0.003485922253025464,-0.029644358194556908,98.04,56.46,0.969,1.1242,1
2015-09-03,6.932409289763797e-4,-0.007206905442702194,0.0012274332845692015,-0.0049206525065796924,0.01643152315935259,0.0055632966853287336,-0.005325510704105696,0.018803178086427508,97.1,55.41,0.9764,1.1104,1
2015-09-04,-0.007652211253279528,-0.0032508271790243626,-0.015763771720300745,-0.011968033874317996,-0.017094433359300165,6.932409289763797e-4,-0.007206905442702194,0.0012274332845692015,95.9989,56.4,0.9754,1.1117,0
2015-09-08,0.013869847864150131,2.790567898669494e-4,0.024972455247183056,0.027801018270256606,-0.003986716243821409,-0.007652211253279528,-0.0032508271790243626,-0.015763771720300745,97.06,57.05,0.978,1.1182,0
2015-09-09,-0.012474174225175716,-0.013012119001108324,-0.013768000868803476,-0.011297391578367844,-0.034544579439891976,0.013869847864150131,2.790567898669494e-4,0.024972455247183056,94.66,55.91,0.9767,1.1165,1
2015-09-10,0.0034806857278022463,0.0023528315404401923,0.005581028797339904,0.010821269110677711,0.02853454465500249,-0.012474174225175716,-0.013012119001108324,-0.013768000868803476,94.55,57.03,0.9735,1.1262,0
2015-09-11,-0.002783578693646316,-0.0020701992902187882,0.004533999972771596,0.005509132474752931,-0.018932276088022615,0.0034806857278022463,0.0023528315404401923,0.005581028797339904,93.82,57.163,0.9735,1.1338,0
2015-09-14,-0.01262288850304083,5.650249703004206e-4,-0.0038704468769390488,-0.003035767439111936,-0.017906814563799944,-0.002783578693646316,-0.0020701992902187882,0.004533999972771596,92.38,56.66,0.9687,1.1307,0
2015-09-15,7.054674013922124e-4,-0.0030171623868922026,0.012524566021402173,0.011712611464800737,0.012431099307836924,-0.01262288850304083,5.650249703004206e-4,-0.0038704468769390488,93.09,58.072,0.9755,1.126,1
2015-09-16,0.03192498742918426,0.01322658933167542,0.00847994243323491,0.0056185183854919885,0.052802107512412544,7.054674013922124e-4,-0.0030171623868922026,0.012524566021402173,93.89,59.09,0.9688,1.1304,0
2015-09-17,0.014242356715542748,0.010198493734164593,-0.0022008812405402978,3.7344786168258537e-4,-0.00849956081245562,0.03192498742918426,0.01322658933167542,0.00847994243323491,94.9037,59.0774,0.971,1.1312,1
2015-09-18,0.002689981447209,0.007352298536436486,-0.021972230059374986,-0.016754910024268987,-0.04087671258543768,0.014242356715542748,0.010198493734164593,-0.0022008812405402978,94.69,58.76,0.9614,1.1358,1
2015-09-21,0.0026827648551814853,-0.006246001751713415,0.0055130308086495106,0.0031275199638720608,0.028987536873252395,0.002689981447209,0.007352298536436486,-0.021972230059374986,93.56,59.34,0.9702,1.1204,0
2015-09-22,-0.0271571339689074,-0.00684174266438653,-0.013014478922437789,-0.01506368459314622,-0.008675396419270065,0.0026827648551814853,-0.006246001751713415,0.0055130308086495106,90.53,58.83,0.9733,1.1133,0
2015-09-23,-2.064906914451825e-4,0.003981302421052213,-0.0015483874061290592,7.681966961223807e-4,-0.03270046131093496,-0.0271571339689074,-0.00684174266438653,-0.013014478922437789,90.1,62.61,0.978,1.116,0
2015-09-24,0.02266405239886682,0.020758826910494577,-0.0034667460275956685,-0.0036542015852578658,0.010334229070014356,-2.064906914451825e-4,0.003981302421052213,-0.0015483874061290592,92.15,63.36,0.973,1.1252,0
2015-09-25,-0.002695419421672174,-0.006173419515461909,-3.110419931759978e-4,-0.008513983318244378,0.00887075076603594,0.02266405239886682,0.020758826910494577,-0.0034667460275956685,91.4,64.191,0.976,1.1192,1
2015-09-28,-0.03362935641927178,-0.012739025777429802,-0.026053262020644397,-0.028981821428119225,-0.023368761007829697,-0.002695419421672174,-0.006173419515461909,-3.110419931759978e-4,88.69,62.56,0.9735,1.1236,1
2015-09-29,0.0027944366422643085,-0.004066549042051726,9.042794307534407e-4,-0.005114074821102044,0.015867873469707305,-0.03362935641927178,-0.012739025777429802,-0.026053262020644397,88.53,63.54,0.971,1.1246,0
2015-09-30,-0.007684285104783584,-0.010426458260515581,0.01849026787608654,0.022564448230296463,0.004779797423761778,0.0027944366422643085,-0.004066549042051726,9.042794307534407e-4,87.86,62.96,0.9773,1.1162,0
2015-10-01,7.010165025951309e-4,-0.0012172856037517832,0.0028145541357087467,0.004706813945515087,-0.006835296605857355,-0.007684285104783584,-0.010426458260515581,0.01849026787608654,87.36,65.21,0.9744,1.12,0
2015-10-02,0.048556546600328154,0.02095385397534688,0.01482733232013711,0.01735969502490775,0.012947369962776012,7.010165025951309e-4,-0.0012172856037517832,0.0028145541357087467,87.94,67.46,0.9684,1.1276,1
2015-10-05,0.023095714794649336,-0.002020573795460834,0.017638396640420773,0.014223904551079691,0.015452104558921764,0.048556546600328154,0.02095385397534688,0.01482733232013711,88.25,66.99,0.9746,1.12,0
2015-10-06,0.012317821871349999,0.009971266808714851,-0.0034320934108498236,-0.004750602758598177,0.04815504188704711,0.023095714794649336,-0.002020573795460834,0.017638396640420773,90.18,68.06,0.9678,1.1266,0
2015-10-07,0.012804272245988013,-0.0014574606332891094,0.008157144928282456,0.005982071677547829,-0.01085925714335012,0.012317821871349999,0.009971266808714851,-0.0034320934108498236,91.36,67.24,0.9716,1.1249,0
2015-10-08,-0.019917137669036133,-0.005117905523099431,0.0089861320581556825,0.003968259175620936,0.02973961659246127,0.012804272245988013,-0.0014574606332891094,0.008157144928282456,91.81,67.74,0.9674,1.1282,0
2015-10-09,0.00904398929321859,0.01572688202617467,5.962140585014097e-4,0.004515954612414497,-0.0031220755925054355,-0.019917137669036133,-0.005117905523099431,0.0089861320581556825,94.7,68.54,0.9615,1.1363,0
2015-10-13,0.0031077062676270195,0.008889745609181432,-0.005378766889788444,-0.004044590003169368,-0.05992130447411537,0.00904398929321859,0.01572688202617467,5.962140585014097e-4,95.41,65.82,0.9594,1.1382,0
2015-10-14,0.017892110926119642,0.017282301900356956,-0.004805535603209066,-0.0016035470115323136,-6.642311768625397e-4,0.0031077062676270195,0.008889745609181432,-0.005378766889788444,96.53,67.6,0.9517,1.1437,0
2015-10-15,-0.0031472648266284153,-0.004579488408401389,0.015237820976614636,0.01629249521922116,0.005301536605379464,0.017892110926119642,0.017282301900356956,-0.004805535603209066,96.96,67.86,0.9489,1.1418,0
2015-10-16,-0.0031698755746329965,-0.007086574080663155,0.004536273248995748,0.00417072758062087,0.005930824633275211,-0.0031472648266284153,-0.004579488408401389,0.015237820976614636,98.11,67.23,0.9536,1.136,0
2015-10-19,-0.01468267679248525,-0.004186902023048056,0.00049183554011378305,0.005717990309527465,-0.025958196283698776,-0.0031698755746329965,-0.007086574080663155,0.004536273248995748,97.68,66.12,0.956,1.132,0
2015-10-20,0.005022734697641695,0.006318152274753963,-0.0012792759075894722,-0.005163205274492988,-0.006765925675301876,-0.01468267679248525,-0.004186902023048056,0.00049183554011378305,98.48,67.01,0.954,1.1359,0
2015-10-21,-0.013418005187701532,-0.00891033249719353,-0.006222856904444463,-0.006119629668441817,-0.02057685768875972,0.005022734697641695,0.006318152274753963,-0.0012792759075894722,96.91,65.16,0.957,1.1345,0
2015-10-22,0.008138002672844813,-3.580700065111131e-4,0.016508997753723165,0.02016364405456006,0.0055286941103172005,-0.013418005187701532,-0.00891033249719353,-0.006222856904444463,97.52,66.3,0.971,1.114,1
2015-10-23,2.5726781721502334e-4,-0.0017025856525618721,0.011193875515460583,0.02759849754963639,-0.016678635407351372,0.008138002672844813,-3.580700065111131e-4,0.016508997753723165,96.65,66.85,0.9769,1.1016,0
2015-10-26,0.0019274018173591756,-6.279998412104248e-4,-0.0025572376484346293,6.204848845090538e-4,-0.01838807113982943,2.5726781721502334e-4,-0.0017025856525618721,0.011193875515460583,96.29,65.86,0.9815,1.1051,0
2015-10-27,-0.0012845216923564884,0.0022410479550991624,-0.0020311449095382628,0.0020360295618448987,-0.013654542009391868,0.0019274018173591756,-6.279998412104248e-4,-0.0025572376484346293,95.19,65.38,0.9848,1.1052,0
2015-10-28,0.008950824156980008,-0.008091386409104118,0.01140779139920145,0.00827833877804629,0.061050171846261936,-0.0012845216923564884,0.0022410479550991624,-0.0020311449095382628,96.51,65.66,0.9848,1.1066,0
2015-10-29,-0.025474770509850142,-0.009614586535555247,-2.3933178679769185e-4,-0.001579917821839416,-0.004092775153752726,0.008950824156980008,-0.008091386409104118,0.01140779139920145,95.73,64.66,0.9915,1.0963,0
2015-10-30,-0.0044922705157666165,-0.003835270886909825,-0.0046063130245617145,-0.004490037036739558,0.012228413247674208,-0.025474770509850142,-0.009614586535555247,-2.3933178679769185e-4,94.96,65.2,0.9858,1.1042,0
2015-11-02,-0.006347053872306052,-0.006517072953683645,0.011761466618925631,0.011231143763750673,-0.004059545493878325,-0.0044922705157666165,-0.003835270886909825,-0.0046063130245617145,94.36,62.69,0.9853,1.1026,0
2015-11-03,-0.009803512041088869,-0.014937421125705619,0.002895182259138096,0.0034840205958825976,0.03530170095254537,-0.006347053872306052,-0.006517072953683645,0.011761466618925631,93.13,62.22,0.9922,1.0946,0
2015-11-04,-0.012234107688506857,-0.009485865916358804,-0.0029427141649387423,8.694518111784788e-5,-0.028544918489665783,-0.009803512041088869,-0.014937421125705619,0.002895182259138096,92.15,60.84,0.9933,1.0861,0
2015-11-05,-0.005552184348930567,-0.003118947757813295,-0.0010938578600026005,-0.002698821992431988,-0.025231478291138032,-0.012234107688506857,-0.009485865916358804,-0.0029427141649387423,91.71,58.6,0.9964,1.0869,0
2015-11-06,-0.016291687598185778,-0.014685111808008244,-5.235726814669661e-4,6.971677842289026e-4,-0.01741597485580959,-0.005552184348930567,-0.003118947757813295,-0.0010938578600026005,90.7501,59.9,1.0048,1.0746,0
2015-11-09,-0.013199219066729384,0.00287769982761521,-0.009375367629262499,-0.010684985173850414,-0.010597061371864669,-0.016291687598185778,-0.014685111808008244,-5.235726814669661e-4,88.2679,57.8263,1.0017,1.0767,0
2015-11-10,-0.011251876797434779,-0.002109503131492829,0.002304148484850721,-0.0025567569581452787,7.099751806927124e-4,-0.013199219066729384,0.00287769982761521,-0.009375367629262499,86.89,57.76,1.0076,1.0686,0
2015-11-12,-0.007809766354057057,-0.003172621994924185,-0.017997583030896713,-0.011006679553501542,-0.05394894106433057,-0.011251876797434779,-0.002109503131492829,0.002304148484850721,84.79,54.24,1.0014,1.0768,0
2015-11-13,-0.004292879067253619,-0.002796395438784849,-0.011291788690210858,-0.01983118893219249,-0.02196226099797327,-0.007809766354057057,-0.003172621994924185,-0.017997583030896713,82.99,52.1,1.0088,1.0722,0
2015-11-16,0.002866345301799633,0.0014473877183061035,0.015092407210433478,0.014282083132954426,0.024954035854796164,-0.004292879067253619,-0.002796395438784849,-0.011291788690210858,83.63,53.27,1.0079,1.0708,1
2015-11-17,-0.005726572557201326,-0.013297939224696798,-7.297672366490815e-4,6.280561868106105e-4,-0.028789867178667272,0.002866345301799633,0.0014473877183061035,0.015092407210433478,82.31,52.54,1.0169,1.0634,0
2015-11-18,-7.181328854408697e-4,8.79035071497114e-4,0.015741512879891673,0.01901265515043704,0.0030698412442884404,-0.005726572557201326,-0.013297939224696798,-7.297672366490815e-4,81.81,51.93,1.0198,1.0638,0
2015-11-19,0.005016133771116316,0.01097151643489358,-8.627301148607103e-4,7.037917067140853e-4,-0.006920442844573493,-7.181328854408697e-4,8.79035071497114e-4,0.015741512879891673,82.61,52.17,1.014,1.0746,0
2015-11-20,-0.007893833598731526,-0.004548761775043708,0.0036375859763007057,0.0067487876115643886,-0.0023174981403628614,0.005016133771116316,0.01097151643489358,-8.627301148607103e-4,82.45,54.14,1.0183,1.066,0
2015-11-23,-0.001441961316900997,-0.008083803456440108,-0.0011472825007174947,-0.0028867622723911524,0.006936443996657271,-0.007893833598731526,-0.004548761775043708,0.0036375859763007057,81.64,52.02,1.0205,1.0602,0
2015-11-24,0.0028818463748887524,0.006627704572755633,0.0013383683466150487,-8.764242454075699e-4,0.02278002833181958,-0.001441961316900997,-0.008083803456440108,-0.0011472825007174947,81.16,52.08,1.0161,1.0652,0
2015-11-25,7.191657987055677e-4,-0.004673815713552187,-1.4331096114528208e-4,8.764242454075699e-4,0.005241494590838336,0.0028818463748887524,0.006627704572755633,0.0013383683466150487,81.2,53.6,1.022,1.0616,0
2015-11-27,-0.005767860258684809,-0.011879772524407528,0.0011459130360114145,0.0014006830618820132,-0.02725376856632744,7.191657987055677e-4,-0.004673815713552187,-1.4331096114528208e-4,80.74,53.09,1.0305,1.0596,0
2015-11-30,0,0.006595485837204151,-0.004160197273279209,-0.0025401844342507474,-0.007704198352987746,-0.005767860258684809,-0.011879772524407528,0.0011459130360114145,80.12,52.45,1.0282,1.0562,0
2015-12-01,0.006486509229606696,0.003525958599133183,0.00949049734844909,0.009948594140539058,0.0015455953617804497,0,0.006595485837204151,-0.004160197273279209,80.91,52.11,1.0296,1.062,0
2015-12-02,-0.01156082240107592,-0.01566766049546242,-0.010257478834684086,-0.006184419345399483,-0.03696842520426502,0.006486509229606696,0.003525958599133183,0.00949049734844909,80.25,50.86,1.0274,1.0573,0
2015-12-03,0.00796240182154273,0.010570609664288355,-0.014101745249994302,-0.01709593981559543,0.022971307103166527,-0.01156082240107592,-0.01566766049546242,-0.010257478834684086,81.73,51.9,0.9996,1.0902,1
2015-12-04,0.029131722584697872,0.02196608875311412,0.01931519721152064,0.02310667266468336,-0.024575156685140875,0.00796240182154273,0.010570609664288355,-0.014101745249994302,85.01,54.95,0.9986,1.0884,1
2015-12-07,-0.01837507530499405,-0.013063227034052716,-0.006077009873568073,-0.004526470124072368,-0.06122672921044048,0.029131722584697872,0.02196608875311412,0.01931519721152064,82.21,53.11,1.0026,1.084,0
2015-12-08,-0.00931572484019183,0.0016544210868154607,-0.006742139673721503,8.724100332724305e-5,-0.0034188067487854745,-0.01837507530499405,-0.013063227034052716,-0.006077009873568073,81.61,52.81,0.994,1.0876,0
2015-12-09,-7.202016875940132e-4,-0.0019466620903081377,-0.007810076323922388,-0.015295656853463235,-0.01032711415584986,-0.00931572484019183,0.0016544210868154607,-0.006742139673721503,82.84,53.28,0.9866,1.0984,1
2015-12-10,-0.0036088094019914863,-8.772357889910154e-4,0.002577759750398201,0.004507498020196898,-0.01657255548178682,-7.202016875940132e-4,-0.0019466620903081377,-0.007810076323922388,82.52,52.28,0.9888,1.0948,0
2015-12-11,-0.010905233482262577,0.0054458950114621985,-0.01957144014915535,-0.023284873761070912,-0.026739561041898785,-0.0036088094019914863,-8.772357889910154e-4,0.002577759750398201,81.24,52.3172,0.9828,1.1002,0
2015-12-14,-0.01836944426746623,-0.012884512065603815,0.005039785359707061,0.0075533134940597435,0.008097210232619112,-0.010905233482262577,0.0054458950114621985,-0.01957144014915535,81.92,52.66,0.9823,1.1025,1
2015-12-15,0.004383202292726374,-0.002656044058116258,0.010443063063186209,0.006073073948304142,0.021277398447284934,-0.01836944426746623,-0.012884512065603815,0.005039785359707061,82.5916,54.46,0.9921,1.0911,1
2015-12-16,0.024168148119859456,0.012043029970212338,0.01452599017533629,0.014760089431908874,-0.03662758698491997,0.004383202292726374,-0.002656044058116258,0.010443063063186209,84.26,55.01,0.9852,1.0937,1
2015-12-17,-0.02490971285536281,-0.022141125877213952,-0.015355481061902765,-0.014671054129353323,-0.023010679334811268,0.024168148119859456,0.012043029970212338,0.01452599017533629,81.293,53.51,0.9987,1.0804,1
2015-12-18,0.02490971285536281,0.015207165774480558,-0.023909457460018935,-0.02241822447724573,-0.007476670343020242,-0.02490971285536281,-0.022141125877213952,-0.015355481061902765,82.93,53.71,0.994,1.0847,1
2015-12-21,0.015793580258141038,0.01081934624365033,0.008215336603380585,0.011046834540181294,0,0.02490971285536281,0.015207165774480558,-0.023909457460018935,84.11,53.27,0.9912,1.092,0
2015-12-22,-0.0042683557426874685,-0.0052488456431438735,0.00903330673089986,0.006552103501116235,0.01026607243059896,0.015793580258141038,0.01081934624365033,0.008215336603380585,83.94,53.53,0.9866,1.0978,0
2015-12-23,0.0042683557426874685,-0.002927973983268828,0.012307246572897057,0.007397867867381613,0.04449213154324694,-0.0042683557426874685,-0.0052488456431438735,0.00903330673089986,83.79,53.27,0.9938,1.0875,0
2015-12-24,0.0014234877848542382,0.007206887445619259,-0.001651688497912751,-1.7761989389519783e-4,0.0035461030067507338,0.0042683557426874685,-0.002927973983268828,0.012307246572897057,85.13,53.8,0.9872,1.0955,0
2015-12-28,-0.031060640674077877,-0.0075979325185464575,-0.002287717904961184,-5.330490531330057e-4,-0.03329142352984782,0.0014234877848542382,0.007206887445619259,-0.001651688497912751,85.11,53.11,0.9878,1.0983,0
2015-12-29,0.003661666485963,-6.846970483174175e-4,0.01061545074275383,0.01560671803885949,0.029745320523097085,-0.031060640674077877,-0.0075979325185464575,-0.002287717904961184,85.62,53.66,0.9924,1.0916,0
2015-12-30,-0.006600684031351722,-0.007661367402731045,-0.007112990578169942,-0.009052221588143006,-0.029745320523097085,0.003661666485963,-6.846970483174175e-4,0.01061545074275383,83.76,52.1,0.989,1.0912,0
2015-12-31,-0.002202571046726831,3.943217716706471e-4,-0.010053769408209234,-0.012526259819180652,0.006383970609923573,-0.006600684031351722,-0.007661367402731045,-0.007112990578169942,85.83,54.17,1.0017,1.0859,0
2016-01-04,-7.374604076293423e-6,0.013995824249175115,-0.014078130212453743,-0.021323540136886088,-0.0018198367169861562,-0.002202571046726831,3.943217716706471e-4,-0.010053769408209234,85.29,52.06,1.0042,1.0803,0
2016-01-05,0.011001211061973937,0.002814579428785713,0.0016899452304661722,-0.0017366669508112054,-0.02957701734368623,-7.374604076293423e-6,0.013995824249175115,-0.014078130212453743,85.71,51.55,1.0096,1.0743,0
2016-01-06,0.003640338930974263,0.014337508050288328,-0.012694458043061019,-0.0096521409369128,-0.05297338570531851,0.011001211061973937,0.002814579428785713,0.0016899452304661722,84.85,49.02,1.0084,1.0762,0
2016-01-07,0.019432061609172102,0.014040644282472314,-0.024284034969084267,-0.03181425352251743,-0.02099027589183544,0.003640338930974263,0.014337508050288328,-0.012694458043061019,84.82,47.51,1.0018,1.086,1
2016-01-08,-0.0238020612802905,-0.004437527935195362,-0.011037239283475664,-0.00823443948127256,-0.010152371464017929,0.019432061609172102,0.014040644282472314,-0.024284034969084267,85,47.56,0.9972,1.0885,1
2016-01-11,-0.006929060075538285,-0.008934571362727795,9.895061089117974e-4,0.003071904114836599,-0.057758834152192406,-0.0238020612802905,-0.004437527935195362,-0.011037239283475664,81.59,46.21,1,1.0878,1
2016-01-12,-0.004080225432830709,-0.005072994847005852,0.008035919543034176,0.011531075497643428,-0.008686265255960723,-0.006929060075538285,-0.008934571362727795,9.895061089117974e-4,80.63,45.46,1.003,1.0837,1
2016-01-13,0.025502292810935856,0.0048820275973087135,-0.025256904789898726,-0.03509808774884249,-0.008762378078985833,-0.004080225432830709,-0.005072994847005852,0.008035919543034176,81.89,46.89,1.0064,1.0862,1
2016-01-14,-0.02256932878534368,-0.016366977464205235,0.016283582824300424,0.02107180942108844,0.015284140325373397,0.025502292810935856,0.0048820275973087135,-0.025256904789898726,80.56,47.53,1.0072,1.0862,1
2016-01-15,-0.003671243867173324,0.010236690066810716,-0.021699908724940542,-0.03152864733004801,-0.048844336817675416,-0.02256932878534368,-0.016366977464205235,0.016283582824300424,79.97,47.11,0.9984,1.0964,1
2016-01-19,0.024079966842611267,-9.612612486806782e-4,0.0013302473560843353,0.0021792975440426687,-0.034725711373829515,-0.003671243867173324,0.010236690066810716,-0.021699908724940542,79.986,47.75,1.0032,1.0906,1
2016-01-20,0.0014337229895500236,0.01327939265586675,-0.012897880225841263,-0.0030721990369695362,-0.029888656401875657,0.024079966842611267,-9.612612486806782e-4,0.0013302473560843353,79.41,47.84,1.0032,1.0908,1
2016-01-21,-0.005768989895089671,0.001138196082281162,0.005586306626146786,9.920635734284033e-4,0.03809984623227036,0.0014337229895500236,0.01327939265586675,-0.012897880225841263,79.1299,48.05,1.0112,1.0833,1
2016-01-22,-0.002174701835688353,-0.004655811536194321,0.02030768868342303,0.02854264721696609,0.07968318942411301,-0.005768989895089671,0.001138196082281162,0.005586306626146786,80.2,47.92,1.0148,1.0814,0
2016-01-25,0.014409471220151904,0.010233176280029177,-0.015231942472402338,-0.014951734848264842,-0.08202237177728522,-0.002174701835688353,-0.004655811536194321,0.02030768868342303,82.71,47.15,1.0148,1.0832,0
2016-01-26,0.018005732071415093,0.011341922211102862,0.013550916651032807,0.008959062748338908,0.04912466827022621,0.014409471220151904,0.010233176280029177,-0.015231942472402338,84.61,47.7201,1.0189,1.0846,0
2016-01-27,-0.007333272180642947,0.0037212806921340658,-0.010942936888250543,-0.025230808773442526,0.02314152856169427,0.018005732071415093,0.011341922211102862,0.013550916651032807,84.94,48.07,1.0176,1.0867,1
2016-01-28,-0.011602792372801929,-0.010736227851936064,0.005195643116142179,0.014019382540451986,0.05509868087693803,-0.007333272180642947,0.0037212806921340658,-0.010942936888250543,83.48,47.33,1.0134,1.0952,1
2016-01-29,9.303324820297831e-4,0.003833453880682569,0.024084961195846688,0.020667305257533464,-0.00516797015844217,-0.011602792372801929,-0.010736227851936064,0.005195643116142179,83.97,48.05,1.0226,1.0832,1
2016-02-01,0.004282661792000653,0.01024012758335946,-3.614115742669455e-4,0.0026853377602149564,-0.06751358127636253,9.303324820297831e-4,0.003833453880682569,0.024084961195846688,83.92,48.56,1.0202,1.0888,0
2016-02-02,-9.406131780771432e-4,3.7013047521661235e-4,-0.01818658290882258,-0.021883135038388346,-0.051176601464843596,0.004282661792000653,0.01024012758335946,-3.614115742669455e-4,82.54,47.58,1.0181,1.0908,0
2016-02-03,0.023476778200490322,0.010674620547587388,0.005977053394268239,-0.0048084092448741345,0.08603851963106246,-9.406131780771432e-4,3.7013047521661235e-4,-0.01818658290882258,84.9399,49.13,1.007,1.1051,1
2016-02-04,0.015204162960434253,0.012009970578611195,0.0015669890905529726,-9.837194440098784e-5,-0.023836448154511025,0.023476778200490322,0.010674620547587388,0.005977053394268239,87.26,49.4,0.9926,1.1199,0
2016-02-05,0.012270092591814219,0.015703135723190265,-0.01923389552657273,-0.03534432068406712,-0.023295562603522058,0.015204162960434253,0.012009970578611195,0.0015669890905529726,87.92,48.33,0.9938,1.1131,1
2016-02-08,0.022111453607430942,0.013354167059624444,-0.013552447831350456,-0.015405460264028115,-0.030771658666753687,0.012270092591814219,0.015703135723190265,-0.01923389552657273,89.2,49.61,0.9885,1.117,1
2016-02-09,-0.00798407434822046,-0.002198672887838704,5.393016045474042e-5,-0.003109777565749816,-0.054710432201308556,0.022111453607430942,0.013354167059624444,-0.013552447831350456,89.85,49.61,0.972,1.13,1
2016-02-10,0.004000005333346213,0.007717982531669776,-8.632317773695775e-4,0.003834002934945957,-0.027263150758364052,-0.00798407434822046,-0.002198672887838704,5.393016045474042e-5,90.19,50.36,0.9779,1.1222,1
2016-02-11,0.0314367734235641,0.03939543142052049,-0.0130933878256414,-0.0014489756209332683,0.004049578322982583,0.004000005333346213,0.007717982531669776,-8.632317773695775e-4,92.54,50.49,0.9706,1.1362,0
2016-02-12,-0.0032289340291713486,-0.005890020869467882,0.020407214458757927,0.015110530606878392,0.04138487799947699,0.0314367734235641,0.03939543142052049,-0.0130933878256414,92.15,50.31,0.9768,1.1235,0
2016-02-16,-0.03466242455179458,-0.030800701839432065,0.01673745935057447,0.022296005555372922,-0.0024038473113945358,-0.0032289340291713486,-0.005890020869467882,0.020407214458757927,89.75,48.9601,0.9884,1.114,0
2016-02-17,-0.0022324056560680816,0.006167229102157279,0.0162027273273031,0.022395253541688476,0.05501679877966836,-0.03466242455179458,-0.030800701839432065,0.01673745935057447,90.86,49.46,0.9926,1.114,0
2016-02-18,0.013995563333234706,0.024041881762912,-0.0041042216740949655,-0.011480281118236846,-0.013761685072681384,-0.0022324056560680816,0.006167229102157279,0.0162027273273031,91.12,48.58,0.994,1.1092,0
2016-02-19,-0.0033145539129004753,-0.006020283583537456,-4.68640171039425e-4,0.0029562496894488532,-0.012783439625674742,0.013995563333234706,0.024041881762912,-0.0041042216740949655,90.84,48.12,0.9893,1.1127,0
2016-02-22,-0.018090945649039014,-0.01793500684711269,0.01437534450527167,0.016104979388711804,0.041242958534049023,-0.0033145539129004753,-0.006020283583537456,-4.68640171039425e-4,89.3225,47.8301,0.9986,1.1018,0
2016-02-23,0.011435380293260078,0.014868564921287408,-0.012710065186210429,-0.016597081165287797,-0.049463791678906244,-0.018090945649039014,-0.01793500684711269,0.01437534450527167,90.8801,48.27,0.992,1.1016,0
2016-02-24,-6.753571792730284e-4,0.003321554814662342,0.0045652704315743975,0.009503819145290748,0.012888286192352272,0.011435380293260078,0.014868564921287408,-0.012710065186210429,90.59,47.01,0.986,1.1021,1
2016-02-25,-0.00200870506108064,0.002632362578080638,0.01203904029910774,0.009800670364946917,0.024152985487996936,-6.753571792730284e-4,0.003321554814662342,0.0045652704315743975,89.34,46.71,0.9894,1.1026,0
2016-02-26,-0.03261736227068068,-0.006892764386980055,-0.002303971528355042,-0.0012560994936245962,-0.0022753138371358617,-0.00200870506108064,0.002632362578080638,0.01203904029910774,88.02,46.65,0.9967,1.0932,0
2016-02-29,0.0129821472337448,0.01298003377563095,-0.007873448624051704,-0.009032256811249084,0.024748169689194466,-0.03261736227068068,-0.006892764386980055,-0.002303971528355042,90.29,47.5101,0.996,1.0868,0
2016-03-01,-0.003416653158166749,-0.007360127976220099,0.023234890061116786,0.03159319842021979,0.016529301951210496,0.0129821472337448,0.01298003377563095,-0.007873448624051704,90.49,49.71,0.9994,1.0847,1
2016-03-02,0.006828484593554673,0.007697225569164523,0.004482392738257346,3.780361069498639e-4,0.016260520871780315,-0.003416653158166749,-0.007360127976220099,0.023234890061116786,90.34,50.07,0.9981,1.0845,0
2016-03-03,0.013538818230879102,0.017125851921674595,0.0039119363795112605,-0.0018916112705618104,-0.005390848634876377,0.006828484593554673,0.007697225569164523,0.004482392738257346,91.49,51.94,0.992,1.0948,0
2016-03-04,0.021145810842646995,-0.0015749992893976383,0.0032482975014920257,3.786086178685366e-4,0.04233436382656075,0.013538818230879102,0.017125851921674595,0.0039119363795112605,94.5,53.53,0.9926,1.101,0
2016-03-07,0.009951633785612923,0.004965253497902999,7.979652311105312e-4,-0.0061702222432264975,0.046567117681485026,0.021145810842646995,-0.0015749992893976383,0.0032482975014920257,96.39,55.68,0.9969,1.1004,0
2016-03-08,-0.019073251661458457,-0.00463346849154167,-0.010977828985833327,-0.008318640502731789,-0.046567117681485026,0.009951633785612923,0.004965253497902999,7.979652311105312e-4,94.74,53.78,0.9939,1.1028,0
2016-03-09,-0.0059940239402105355,-0.008327829608501425,0.004927356743785083,0.00641242566703859,0.05051579013690155,-0.019073251661458457,-0.00463346849154167,-0.010977828985833327,93.96,54.26,0.9957,1.1022,0
2016-03-10,0.019841920799004154,0.015928659327844485,8.021658908035079e-4,-0.0015275924299578136,-0.010896591224213381,-0.0059940239402105355,-0.008327829608501425,0.004927356743785083,94.22,54.68,0.9857,1.1162,1
2016-03-11,-0.006570325870100202,-0.017351313235309362,0.016008296118787513,0.017334083083230034,0.01482973297105028,0.019841920799004154,0.015928659327844485,8.021658908035079e-4,92.71,55.32,0.9813,1.118,1
2016-03-14,-0.012603815271367669,-0.012980627306815151,-0.0012831270575546228,0.0016888726100994234,-0.03089433547485676,-0.006570325870100202,-0.017351313235309362,0.016008296118787513,92.16,54.73,0.986,1.1107,0
2016-03-15,-6.677796575362827e-4,7.63261708597085e-4,-0.0016309589203586938,-3.7505860730302487e-4,-0.01838662625043952,-0.012603815271367669,-0.012980627306815151,-0.0012831270575546228,92.16,54.63,0.9852,1.1112,0
2016-03-16,0.02441559750757305,0.022050778168425822,0.005770527220779087,0.008869858815008236,0.04829912561303962,-6.677796575362827e-4,7.63261708597085e-4,-0.0016309589203586938,94.19,56.21,0.9879,1.1075,0
2016-03-17,0.016807118316381153,-0.0038218723822174283,0.006324015487723322,-5.578800702572551e-4,0.035700848799698814,0.02441559750757305,0.022050778168425822,0.005770527220779087,94.89,56.91,0.968,1.1316,0
2016-03-18,-0.011605546120307952,-0.002750804051935063,-0.0012224641506746181,-0.0013960633287952717,-0.006657181029179338,0.016807118316381153,-0.0038218723822174283,0.006324015487723322,93.59,56.7455,0.9682,1.1292,0
2016-03-21,0.005174655790017635,-0.007036383529449353,0.0014179198072943322,0.003904076347493124,0.010441480720419172,-0.011605546120307952,-0.002750804051935063,-0.0012224641506746181,94.69,57.9,0.9678,1.126,0
2016-03-22,0.007712120486338847,0.0029378457358095744,-5.37595008426095e-4,0.0030568316147094876,-0.004732616500099152,0.005174655790017635,-0.007036383529449353,0.0014179198072943322,95.69,58.25,0.9705,1.1228,0
2016-03-23,-0.04384753356042603,-0.022890114355467617,-0.00662140389107968,-0.008265661176192651,-0.04165251008083626,0.007712120486338847,0.0029378457358095744,-5.37595008426095e-4,92.26,55.99,0.9731,1.1174,0
2016-03-24,-0.00535885037905004,-0.0024040537035663334,-4.4298969542921895e-4,2.7973332272512863e-4,-0.004957868360786488,-0.04384753356042603,-0.022890114355467617,-0.00662140389107968,91.46,55.34,0.9766,1.1163,0
2016-03-28,0.002686368304583464,0.002318294087716666,5.906093291088155e-4,-0.0013994497782405801,-0.004982571344464226,-0.00535885037905004,-0.0024040537035663334,-4.4298969542921895e-4,91.08,54.63,0.9732,1.121,0
2016-03-29,0.009345862418237871,0.018355375979167476,0.009207627006773578,0.01593068793143182,-0.021202207650602656,0.002686368304583464,0.002318294087716666,5.906093291088155e-4,93.29,55.71,0.9744,1.1204,0
2016-03-30,-0.009345862418237871,-0.014076379291887875,0.004378077723242058,0.004858160707724046,-0.007168489478612816,0.009345862418237871,0.018355375979167476,0.009207627006773578,92.9,54.38,0.9636,1.133,0
2016-03-31,0.013992855709482832,0.004600843082123163,-0.0024298986539186274,-0.0014641291048897997,-0.00308801068857667,-0.009345862418237871,-0.014076379291887875,0.004378077723242058,94.04,54.29,0.9583,1.139,0
2016-04-01,-0.024097390269003593,-0.0060536485335669354,0.0067888923336854035,0.01056668603828026,-0.03897661923528517,0.013992855709482832,0.004600843082123163,-0.0024298986539186274,92.26,54.35,0.9588,1.1385,1
2016-04-04,-0.008170085683960604,-0.00669300593580946,-0.0032432199205238987,-0.0038129869165706154,-0.027075073660849824,-0.024097390269003593,-0.0060536485335669354,0.0067888923336854035,90.691,52.98,0.9597,1.1386,0
2016-04-05,0.013568729206068664,0.012916650219891856,-0.010038092279846644,-0.009688404089303937,0.005491501993675207,-0.008170085683960604,-0.00669300593580946,-0.0032432199205238987,91.5,52.54,0.9572,1.1374,0
2016-04-06,-0.004728141195946112,-0.006138126688785661,0.010861995202843922,0.01630644193348374,0.050197403866913515,0.013568729206068664,0.012916650219891856,-0.010038092279846644,91.19,52.18,0.9537,1.143,0
2016-04-07,0.010767817061736018,0.014179817293659802,-0.012038062374220004,-0.014471242299306297,-0.009419221916491693,-0.004728141195946112,-0.006138126688785661,0.010861995202843922,92.04,51.67,0.9552,1.1386,0
2016-04-08,0.00886885330984244,-0.0015187313077804632,0.002693109719289488,-7.336757482443446e-4,0.053236725416545116,0.010767817061736018,0.014179817293659802,-0.012038062374220004,93.14,51.87,0.9536,1.1406,0
2016-04-11,0.03182587171037632,0.013419642803849996,-0.0023499472284838063,-0.003676474729308765,0.02461965805317501,0.00886885330984244,-0.0015187313077804632,0.002693109719289488,95.14,52.8,0.9538,1.1412,0
2016-04-12,0.020369895913074476,1.6661113000893124e-4,0.009269715593443806,0.00834446178783299,0.03442022388647947,0.03182587171037632,0.013419642803849996,-0.0023499472284838063,96.39,52.64,0.9546,1.1395,0
2016-04-13,-0.003787883316936913,-0.010719472881113745,0.010050335853501124,0.012703192328982205,-0.012293299024638937,0.020369895913074476,1.6661113000893124e-4,0.009269715593443806,96.23,52.43,0.9651,1.1281,0
2016-04-14,6.259899856329021e-4,-0.014075185732102646,4.8075767418609416e-5,9.015913092724759e-5,-0.0028585059959636006,-0.003787883316936913,-0.010719472881113745,0.010050335853501124,95.28,53.96,0.9667,1.1262,0
2016-04-15,0.006935482714943486,0.006892764386980055,-0.0011063278263510057,-0.0025275333910741438,-0.022190973308478856,6.259899856329021e-4,-0.014075185732102646,4.8075767418609416e-5,94.71,54.68,0.967,1.1295,0
2016-04-18,-0.0031436681029672897,-0.0015276248409108462,0.007002090860025234,0.005318442247435051,-0.007835495523948577,0.006935482714943486,0.006892764386980055,-0.0011063278263510057,94.06,54.6925,0.9636,1.1322,0
2016-04-19,0.04674897957407298,0.015506799852643027,0.0031493083241764808,-0.006132222300482937,0.02620237239402412,-0.0031436681029672897,-0.0015276248409108462,0.007002090860025234,97.6,56.02,0.9599,1.1375,0
2016-04-20,-0.0024067400305649578,-0.005114242964324056,9.523810243674546e-4,8.137800530478856e-4,0.0301909722791458,0.04674897957407298,0.015506799852643027,0.0031493083241764808,98.19,57.1,0.9671,1.133,0
2016-04-21,0.006006024060211779,0.0037753306304120215,-0.005392906858948443,9.037914055554097e-5,-0.003724399090982544,-0.0024067400305649578,-0.005114242964324056,9.523810243674546e-4,98.62,58.17,0.9722,1.1301,0
2016-04-22,-0.003599284029646821,-0.012894704814810254,0,-0.015207687342106091,0.003724399090982544,0.006006024060211779,0.0037753306304120215,-0.005392906858948443,97.39,58.25,0.9774,1.1239,0
2016-04-25,6.007810333898966e-4,0.0028798935709861695,-0.0017242209358112603,0,-0.01970969481156315,-0.003599284029646821,-0.012894704814810254,0,97.78,58.26,0.9742,1.1274,0
2016-04-26,0.0077774846126077435,0.003967421740600052,0.0014849235119029913,-0.004875141882068945,0.0243457717290414,6.007810333898966e-4,0.0028798935709861695,-0.0017242209358112603,97.2601,57.98,0.9713,1.1318,0
2016-04-27,0.00594178812875068,0.0028602694691590713,0.0020560888970546642,-0.008054480427786892,0.0300706028480211,0.0077774846126077435,0.003967421740600052,0.0014849235119029913,98.79,58.81,0.971,1.1322,0
2016-04-28,0.022262196487470742,0.01872480123600795,-0.009117145686276196,-0.012157635953483847,0.007155665595412586,0.00594178812875068,0.0028602694691590713,0.0020560888970546642,101.25,59.9,0.9687,1.1325,0
2016-04-29,0.013231885805996324,0.019270621646636066,-0.005413517981737392,-0.005283031155524753,0.007104825623744482,0.022262196487470742,0.01872480123600795,-0.009117145686276196,103.65,60.15,0.9598,1.1441,0
2016-05-02,-0.01919983243845902,-0.0033213202389585916,0.007917009732690161,0.009414492431225163,-0.022372297754532866,0.013231885805996324,0.019270621646636066,-0.005413517981737392,103.98,59.7,0.9556,1.1516,0
2016-05-03,-0.0033452755142047153,-0.0022745744981262916,-0.00874127218571985,-0.009319907422877804,-0.028455338883043524,-0.01919983243845902,-0.0033213202389585916,0.007917009732690161,102.31,58.12,0.9541,1.1508,0
2016-05-04,-0.005865119452398204,-0.006118222780431282,-0.0055938079076254255,-0.0064522474534260965,0.004644690189324674,-0.0033452755142047153,-0.0022745744981262916,-0.00874127218571985,101.66,57.54,0.9574,1.1486,0
2016-05-05,-0.004716989878138733,-0.0011462257682008925,-1.9513147044669665e-4,-0.00028561908129631775,0.010143009965054794,-0.005865119452398204,-0.006118222780431282,-0.0055938079076254255,102.21,57.74,0.9686,1.1404,0
2016-05-06,0.016994256045370637,0.00905204957718908,0.003652393940678067,0.005318151185757181,0.005489492284771469,-0.004716989878138733,-0.0011462257682008925,-1.9513147044669665e-4,103.94,58.49,0.9697,1.1421,0
2016-05-09,-0.034998147427455883,-0.020752908187856356,8.260246819373762e-4,0.0028374179634305108,-0.025879447987820825,0.016994256045370637,0.00905204957718908,0.003652393940678067,100.4101,56.13,0.9698,1.1402,0
2016-05-10,0.008502632257944676,0.0027314506077269485,0.012357158738153018,0.013601823134532509,0.028612934883481156,-0.034998147427455883,-0.020752908187856356,8.260246819373762e-4,101.29,57.3066,0.9746,1.1386,0
2016-05-11,0.016568426347232545,0.009378925187909282,-0.009398791925717909,-0.009078634118614204,0.031350529884076384,0.008502632257944676,0.0027314506077269485,0.012357158738153018,102.67,58.51,0.9699,1.1444,0
2016-05-12,-0.018360006402436735,-0.007892181707640944,2.9051469724450385e-4,-0.004428746932456207,0.009653431700642479,0.016568426347232545,0.009378925187909282,-0.009398791925717909,101.024,57.23,0.9693,1.138,0
2016-05-13,0.0023880608363846534,0.004529179727429167,-0.008752365508949644,-0.003689866526241481,-0.007011422237804155,-0.018360006402436735,-0.007892181707640944,2.9051469724450385e-4,101.19,57.05,0.9756,1.1294,0
2016-05-16,0.0021503399090674336,7.391893893311519e-4,0.00981686456916453,0.012434221995502703,0.033725634708036356,0.0023880608363846534,0.004529179727429167,-0.008752365508949644,101.1011,56.86,0.9772,1.1328,0
2016-05-17,0.005571706184842817,0.0034423441909732233,-0.009377422165667504,-0.012623813426538177,0.013513719166722726,0.0021503399090674336,7.391893893311519e-4,0.00981686456916453,101.37,56.35,0.9761,1.1337,0
2016-05-18,-0.023953241022492744,-0.01749797038083223,2.928543558615715e-4,0.003596104944755929,-0.018628819833493182,0.005571706184842817,0.0034423441909732233,-0.009377422165667504,98.76,55.33,0.9822,1.1276,0
2016-05-19,-0.021446523207504065,-0.0019169068669295797,-0.003470952618176426,-0.005209085037336081,0.007662872745568983,-0.023953241022492744,-0.01749797038083223,2.928543558615715e-4,97.46,53.9038,0.9894,1.1214,0
2016-05-20,0.0012438158899850116,-0.0013356709557292845,0.006297465221214438,0.010954873934009512,-0.0033984739591113033,-0.021446523207504065,-0.0019169068669295797,-0.003470952618176426,98.44,53.7235,0.992,1.1207,0
2016-05-23,-0.004959712584724052,-0.0028442381563316133,-0.001363525899106044,-0.001315789663520306,-0.0076890596678218515,0.0012438158899850116,-0.0013356709557292845,0.006297465221214438,97.54,53.0633,0.9919,1.1192,0
2016-05-24,-0.012507980455667145,-0.017493157447517227,0.012879039254726443,0.019833975749919297,0.013628831055605861,-0.004959712584724052,-0.0028442381563316133,-0.001363525899106044,96.43,51.52,0.993,1.1145,0
2016-05-25,0.005647959789504053,-0.002731775644550183,0.006760183961434407,0.007165855192590165,0.017610518008635445,-0.012507980455667145,-0.017493157447517227,0.012879039254726443,95.46,51.18,0.9908,1.1154,0
2016-05-26,6.255865077342548e-4,-0.00342524739747585,2.8665615790401944e-4,0.002925047789372748,-0.006672251609067814,0.005647959789504053,-0.002731775644550183,0.006760183961434407,95.55,52.31,0.9898,1.1184,0
2016-05-27,-0.007306174932361742,-0.00826878096307393,0.004290010869508087,0.0051891417819751595,0.0025073143097835704,6.255865077342548e-4,-0.00342524739747585,2.8665615790401944e-4,94,51.66,0.9916,1.114,0
2016-05-31,-0.013196509729544115,0.003798347108132205,-0.0019043997376275712,0.0019050216674321163,-0.009224384065726898,-0.007306174932361742,-0.00826878096307393,0.004290010869508087,94.09,52.66,0.9934,1.1135,0
2016-06-01,-4.1501062065130156e-4,-0.0010344828508754844,0.002047083621724788,9.062485846111912e-5,0.005042027488248113,-0.013196509729544115,0.003798347108132205,-0.0019043997376275712,93.4699,52.59,0.9892,1.1165,0
2016-06-02,0.001276405815007653,-0.002331506604276612,0.003039083017180033,0.0020821082070412444,-0.005884842540245128,-4.1501062065130156e-4,-0.0010344828508754844,0.002047083621724788,92.1,51.41,0.9902,1.1157,0
2016-06-03,0.025689255029857527,0.027373271662138876,-0.0029915262462765213,-0.004713569278173679,-0.0033783815916272886,0.001276405815007653,-0.002331506604276612,0.003039083017180033,94.52,53.15,0.9781,1.133,0
2016-06-06,0.0032891704336317495,3.3641716044829906e-4,0.005075551061551664,0.0036277928414287786,0.01844142790272274,0.025689255029857527,0.027373271662138876,-0.0029915262462765213,95.8389,53.63,0.972,1.1354,0
2016-06-07,-0.003102701837510935,-8.412552023022712e-4,0.0015601733538472828,-0.002538072428471594,0.014839513862774378,0.0032891704336317495,3.3641716044829906e-4,0.005075551061551664,96.37,53.36,0.9663,1.135,0
2016-06-08,0.037204770376537244,0.014703690133664793,0.003254336087561427,0.0017229657402229037,0.017038951779170475,-0.003102701837510935,-8.412552023022712e-4,0.0015601733538472828,97.34,53.94,0.9594,1.14,0
2016-06-09,0.01592648588155221,0.005541096756332742,-0.0013664744734374068,-0.0016322092851073222,-0.01458696853188357,0.037204770376537244,0.014703690133664793,0.003254336087561427,96.679,53.93,0.9639,1.1329,0
2016-06-10,0.0012957184214594797,0.004033093248185793,-0.009522753473181211,-0.011408876544157565,-0.03151172836915972,0.01592648588155221,0.005541096756332742,-0.0013664744734374068,95.52,52.38,0.9632,1.1281,0
2016-06-13,0.005271543006151624,0.007365611497780478,-0.007741604180782957,-0.008388305626634285,-0.009310266151095536,0.0012957184214594797,0.004033093248185793,-0.009522753473181211,95.29,52.16,0.9662,1.1282,0
2016-06-14,-0.0017462749604666428,0.001059451629189745,-0.0019688354219340454,0,-0.002554279805096815,0.005271543006151624,0.007365611497780478,-0.007741604180782957,93.85,51.44,0.964,1.1206,0
2016-06-15,0.008177615665232452,0.007384898646363602,-0.0013949351693138823,-0.002873698385495338,-0.02241473152410478,-0.0017462749604666428,0.001059451629189745,-0.0019688354219340454,94.08,51.3,0.9647,1.1239,0
2016-06-16,-0.022353871974233996,-0.010566626804717316,0.0029799118465509977,0.0029662609810161555,-0.029192696642141414,0.008177615665232452,0.007384898646363602,-0.0013949351693138823,93.33,51.24,0.9662,1.1158,0
2016-06-17,0.017689140483577948,0.012747300446804388,-0.008918085570660317,-0.014450444897122772,0.04562194642320838,-0.022353871974233996,-0.010566626804717316,0.0029799118465509977,93.385,51.06,0.961,1.1256,0
2016-06-20,0.002918006155714359,-0.005988041844622316,0.006419405687197788,0.0062719606491157265,0.021214202444862718,0.017689140483577948,0.012747300446804388,-0.008918085570660317,94.9316,52.74,0.9616,1.1318,0
2016-06-21,-0.015859363240107616,-0.019422860118105234,0.002834564342367507,0.003167802891309357,-0.0016806726645186565,0.002918006155714359,-0.005988041844622316,0.006419405687197788,94.05,52.89,0.9596,1.1262,0
2016-06-22,0.0017746233583686433,4.964011022750014e-4,-0.00163249664142473,-0.0024215341999589413,-0.012695896302739929,-0.015859363240107616,-0.019422860118105234,0.002834564342367507,94.04,53.8585,0.9584,1.1286,0
2016-06-23,0.004716989878138733,-0.006555768054347766,0.012938520472626891,0.014166247738001125,0.02023677828735293,0.0017746233583686433,4.964011022750014e-4,-0.00163249664142473,92.78,54.4012,0.9566,1.1373,0
2016-06-24,0.0226819843099757,0.04795327931520266,-0.036569707146684394,-0.04206008097263769,-0.04962523728685353,0.004716989878138733,-0.006555768054347766,0.012938520472626891,94.53,52.78,0.9702,1.1126,1
2016-06-27,5.748778542913335e-4,0.005302952788837523,-0.018072182848167806,-0.02004812679298773,-0.018592833076616078,0.0226819843099757,0.04795327931520266,-0.036569707146684394,94.12,53.6,0.9787,1.1024,0
2016-06-28,0.001722653311446276,-0.010793755586448128,0.017875351826963204,0.02167686966801874,0.024714408817445577,5.748778542913335e-4,0.005302952788837523,-0.018072182848167806,94.03,55.03,0.9812,1.1054,0
2016-06-29,0.025948418058041156,0.004140792666031068,0.016884215081882203,0.017555131292361636,0.027516783408000123,0.001722653311446276,-0.010793755586448128,0.017875351826963204,96.9,56.53,0.9794,1.1117,0
2016-06-30,0.028616912670764272,0.0049938671418630065,0.013553338625078126,0.011503517081018266,-0.018836173343694362,0.025948418058041156,0.004140792666031068,0.016884215081882203,98.92,57.61,0.9792,1.1032,0
2016-07-01,0.046828636656902844,0.015223143951297757,0.0020982363444366214,0.005008822270410995,0.01798763701785555,0.028616912670764272,0.0049938671418630065,0.013553338625078126,101.94,58.12,0.973,1.1145,0
2016-07-05,0.012876819696999053,0.008220924227373416,-0.007219212382824303,-0.006125309174629834,-0.05227671049648741,0.046828636656902844,0.015223143951297757,0.0020982363444366214,103.33,57.97,0.9768,1.108,0
2016-07-06,0.007647246036397437,0.005852923909055896,0.00597987765152741,0.008158769529631016,0.013327607312962009,0.012876819696999053,0.008220924227373416,-0.007219212382824303,104.51,58.42,0.9778,1.1077,0
2016-07-07,-0.02052406573339649,-0.0037696701947025346,-6.202438234099716e-4,0.0029503985997543225,-0.046057801621579575,0.007647246036397437,0.005852923909055896,0.00597987765152741,104.83,58.55,0.9781,1.1065,0
2016-07-08,0.02508449927692835,0.0059940239402100914,0.014780694498625735,0.015348373652757985,9.237875945635743e-4,-0.02052406573339649,-0.0037696701947025346,-6.202438234099716e-4,105.8,59.49,0.9843,1.1038,0
2016-07-11,0.004539730369159223,-0.009468528458658199,0.003520717168010279,0.0056954454911117836,-0.016760168857465008,0.02508449927692835,0.0059940239402100914,0.014780694498625735,105.96,59.86,0.983,1.1045,0
2016-07-12,-0.009608164939618025,-0.016690451398332584,0.007237104074637735,0.005035529028911689,0.04946063016839952,0.004539730369159223,-0.009468528458658199,0.003520717168010279,104.71,60.45,0.9869,1.1074,0
2016-07-13,0.014628255803616597,0.009159652250075645,-1.39577081670339e-4,-0.0024246790200628254,-0.040114767750162095,-0.009608164939618025,-0.016690451398332584,0.007237104074637735,105.4399,61.938,0.9834,1.1112,0
2016-07-14,-0.0065310455709970405,-0.007745002532860035,0.005567943115244667,0.006810062161330066,0.011100946559446268,0.014628255803616597,0.009159652250075645,-1.39577081670339e-4,105.88,62.5,0.9806,1.1109,0
2016-07-15,-0.008447881466687956,-0.0038556919151977453,-0.0013427482049861439,-0.0016087231997490292,0.010979067282411936,-0.0065310455709970405,-0.007745002532860035,0.005567943115244667,104.5,62.21,0.9834,1.1059,0
2016-07-18,4.5229208675490185e-4,0.0015755478286791913,0.002683695854652335,0.006597153284134016,-0.015589494997194198,-0.008447881466687956,-0.0038556919151977453,-0.0013427482049861439,105.51,62.22,0.9822,1.1076,0
2016-07-19,-0.008777357841773803,0.0013372666692932356,-0.0010171059591579379,-0.0036498015323429556,-0.011152531950475275,4.5229208675490185e-4,0.0015755478286791913,0.002683695854652335,104.98,63.15,0.985,1.1014,0
2016-07-20,-0.027541361453238267,-0.014410383965672402,0.004154363434290431,0.011615150311027556,0.0027998151747468114,-0.008777357841773803,0.0013372666692932356,-0.0010171059591579379,104.11,64.51,0.9872,1.1007,0
2016-07-21,0.024461276882673744,0.01511762536091421,-0.003784387016066759,-0.002294591069439633,-0.022621134234401374,-0.027541361453238267,-0.014410383965672402,0.004154363434290431,106,65.84,0.9869,1.1016,0
2016-07-22,-0.011375510463766947,-0.007490671729157405,0.004475106082047375,0.004144078584174871,-0.006695386082984811,0.024461276882673744,0.01511762536091421,-0.003784387016066759,103.96,65.89,0.9888,1.0968,0
2016-07-25,-0.005736651977433116,-0.006989147662594952,-0.0027195849807259975,8.79855704232213e-5,-0.028225718064629035,-0.011375510463766947,-0.007490671729157405,0.004475106082047375,104,65.97,0.9869,1.098,0
2016-07-26,0.005736651977433116,0.004215220779869355,4.614674747331904e-4,0.0011431084999413699,-0.004948055617369551,-0.005736651977433116,-0.006989147662594952,-0.0027195849807259975,104.98,66.19,0.9924,1.0984,0
2016-07-27,0.03725871128262925,0.015982704506609657,-0.0010616937318745912,0.006918624611514268,-0.01801850550267803,0.005736651977433116,0.004215220779869355,4.614674747331904e-4,109.28,67.36,0.9936,1.0988,0
2016-07-28,-0.007730201973746187,-0.0028941316301764886,0.0011539616780549267,0.0034849312147136047,-0.02350644767534149,0.03725871128262925,0.015982704506609657,-0.0010616937318745912,109.24,67.0912,0.9806,1.1094,0
2016-07-29,0.0067276956241206776,0.010286873754320247,0.0016133124797272913,0.002171930830778379,0.009264090959798299,-0.007730201973746187,-0.0028941316301764886,0.0011539616780549267,110.12,68.21,0.969,1.1168,0
2016-08-01,0.003904104263134922,0.0018590245477883016,-8.293784744877186e-4,0.005279797611483339,-0.0365194468277128,0.0067276956241206776,0.010286873754320247,0.0016133124797272913,111.23,68.88,0.9671,1.1176,0
2016-08-02,0.008060146128635814,0.00809284157945278,-0.006427916418927815,-0.007625686866637338,-0.008537938738035766,0.003904104263134922,0.0018590245477883016,-8.293784744877186e-4,112.23,68.78,0.9643,1.1225,0
2016-08-03,-0.00964997953103186,-0.004770707724799372,0.0029184927949135187,0.003300046416497615,0.03785941104342205,0.008060146128635814,0.00809284157945278,-0.006427916418927815,111.9,68.54,0.9716,1.117,0
2016-08-04,-0.0023142708607388762,0.0016954381373261995,0.0010633626374740857,0.0028570211200431572,0.01536128516148727,-0.00964997953103186,-0.004770707724799372,0.0029184927949135187,111.425,67.7773,0.9738,1.1134,0
2016-08-05,-0.03314093761605452,-0.0180255055341787,0.008145653544079146,0.00955051354808134,0.0020304575503820033,-0.0023142708607388762,0.0016954381373261995,0.0010633626374740857,110.09,66.94,0.9796,1.108,0
2016-08-08,0.001554001866734378,-8.627789860273793e-4,-0.00059601588083513235,-0.001113824387952711,0.024049255232669875,-0.03314093761605452,-0.0180255055341787,0.008145653544079146,110.58,66.664,0.9838,1.1078,0
2016-08-09,0.006706241280083347,0.004072049479524331,0.00059601588083513235,0.002311941775606563,-0.0029747171167429087,0.001554001866734378,-8.627789860273793e-4,-0.00059601588083513235,111.05,66.65,0.9826,1.111,0
2016-08-10,0.015640542673096114,0.004678006347939245,-0.0024780885518858042,-0.0025691544490351603,-0.030244240675779466,0.006706241280083347,0.004072049479524331,0.00059601588083513235,113.3,69.6399,0.9759,1.1171,0
2016-08-11,-0.011535867848964099,-0.0069469115969971185,0.00462995624120488,0.004278264418990929,0.04405116612188298,0.015640542673096114,0.004678006347939245,-0.0024780885518858042,109.43,66.2692,0.9722,1.1168,0
2016-08-12,-0.011846648977747787,-0.0021170666941969785,-8.69346443532315e-4,6.828269299115064e-4,0.028007624986903235,-0.011535867848964099,-0.0069469115969971185,0.00462995624120488,108.01,65.96,0.9738,1.1172,0
2016-08-15,0.005683301270078989,0.003447738879901685,0.0028796728847311215,0.004257137123318877,0.024460297570160883,-0.011846648977747787,-0.0021170666941969785,-8.69346443532315e-4,106.89,66.65,0.9714,1.1199,0
2016-08-16,-0.0015467907182986629,0.004915932025554071,-0.005171044585230433,-0.005537820329311494,0.01476041558312069,0.005683301270078989,0.003447738879901685,0.0028796728847311215,107.439,67.494,0.9622,1.1277,0
2016-08-17,-0.006211200092640645,2.3349029175623315e-4,0.0018793120833784371,0.0017924975991494563,0.006389798098770605,-0.0015467907182986629,0.004915932025554071,-0.005171044585230433,107.31,66.84,0.964,1.1263,0
2016-08-18,0.0036278868502601647,0.004735849851353002,0.002241384192021023,2.5580899734478635e-4,0.027816957302765122,-0.006211200092640645,2.3349029175623315e-4,0.0018793120833784371,108.7,68.46,0.9576,1.1334,0
2016-08-19,-0.021438729596507056,-0.0088688927371229909,-0.0014631918476979422,-2.5580899734478635e-4,0.0035335725813112617,0.0036278868502601647,0.004735849851353002,0.002241384192021023,107.16,68.21,0.9594,1.1326,0
2016-08-22,-0.021908437038326234,-0.001485826275307467,-4.575926053806967e-5,7.672307609629669e-4,-0.033172024012467105,-0.021438729596507056,-0.0088688927371229909,-0.0014631918476979422,105.91,66.431,0.9625,1.1314,0
2016-08-23,-5.403945011273059e-4,-1.5653126744030743e-4,0.0020114292495891917,0.001787919253684045,0.010951661533798784,-0.021908437038326234,-0.001485826275307467,-4.575926053806967e-5,106.14,67.15,0.9622,1.1308,0
2016-08-24,-0.01854935891113163,-0.011176818436202218,-0.005127981568199047,-0.00648577115658977,-0.02471966240260226,-5.403945011273059e-4,-1.5653126744030743e-4,0.0020114292495891917,103.6601,65.71,0.9673,1.1256,0
2016-08-25,0.001100715576185518,-8.710457057841126e-4,-6.887843229499424e-4,-0.0016280368618852847,0.01194318284417406,-0.01854935891113163,-0.011176818436202218,-0.005127981568199047,103.06,66.2,0.9684,1.1274,0
2016-08-26,0.00493828164058252,-0.0014269861308413567,-0.0018851013651568493,0.0014567893231500761,0,0.001100715576185518,-8.710457057841126e-4,-6.887843229499424e-4,103.09,66.1,0.9718,1.1237,0
2016-08-29,0.009804000096620857,0.001981375722515999,0.004912210038212628,0.0013691598921328207,-0.00917437627604123,0.00493828164058252,-0.0014269861308413567,-0.0018851013651568493,103.44,66.94,0.978,1.1182,0
2016-08-30,-0.01199578179596461,-0.010106320849536665,-0.001650014124468413,-0.0032548208605751583,-0.011121523343861295,0.009804000096620857,0.001981375722515999,0.004912210038212628,101.16,65.3,0.9822,1.115,0
2016-08-31,0.0021917816993437533,-0.00200152182426816,-0.0028480886540478423,-0.0010300430095266933,-0.03509131981127034,-0.01199578179596461,-0.010106320849536665,-0.001650014124468413,100.71,64.72,0.983,1.1146,0
2016-09-01,0.011969675009118053,0.004078863574821234,4.600133404686346e-5,0.0025731208982229248,-0.02938507215974351,0.0021917816993437533,-0.00200152182426816,-0.0028480886540478423,100.62,64.165,0.9792,1.1194,0
2016-09-02,0.02720893376740685,0.01016446454689568,0.0044978963291884,0.003249810437355727,0.01773445493976844,0.011969675009118053,0.004078863574821234,4.600133404686346e-5,102.2301,64.8556,0.9804,1.1158,0
2016-09-06,0.032620029121929406,0.016766296856928875,0.0030178349378280345,0.006213579169139116,0.014542185499774263,0.02720893376740685,0.01016446454689568,0.0044978963291884,105.57,67.1399,0.9718,1.1237,0
2016-09-07,-0.013849926439938542,-0.0034243943495271267,-9.131586162869354e-5,5.937990588860131e-4,0.01243440219842773,0.032620029121929406,0.016766296856928875,0.0030178349378280345,104.629,66.29,0.9702,1.1238,0
2016-09-08,-0.007778105067965946,-0.005315419378106867,-0.0022856107956998883,-0.005868611357289666,0.040974074210305744,-0.013849926439938542,-0.0034243943495271267,-9.131586162869354e-5,103.99,65.95,0.9726,1.1256,0
2016-09-09,-0.02749586129229975,-0.006605355462359519,-0.024225923648376835,-0.025486239721164594,-0.03434212190655428,-0.007778105067965946,-0.005315419378106867,-0.0022856107956998883,102.2,64.95,0.977,1.1214,1
2016-09-12,0.002191400967831658,-0.001263124822555639,0.014245387771744333,0.0177794024661031,0.004710324300183366,-0.02749586129229975,-0.006605355462359519,-0.024225923648376835,101.32,63.79,0.9736,1.123,1
2016-09-13,-0.013437450242459015,-0.006657708668888596,-0.014479848864001,-0.008980286583812891,-0.025703461672062833,0.002191400967831658,-0.001263124822555639,0.014245387771744333,99.4597,62.95,0.974,1.1242,0
2016-09-14,0.005934735519814716,0.003413649962815235,-3.752521269229092e-4,0.004759235392544525,-0.027372187875918108,-0.013437450242459015,-0.006657708668888596,-0.014479848864001,99.44,62.9802,0.9708,1.1271,0
2016-09-15,0.0010752689208066712,-0.006440093814729764,0.009943363207431055,0.015419185048387796,0.0049431637975194676,0.005934735519814716,0.003413649962815235,-3.752521269229092e-4,99.25,63.39,0.9714,1.1246,0
2016-09-16,-0.011348406039219494,-0.0024757429887820592,-0.008911758501858102,-0.002979613152380267,-0.013902905168991175,0.0010752689208066712,-0.006440093814729764,0.009943363207431055,97.55,64.577,0.9794,1.116,0
2016-09-19,0.019909185983477684,0.0020768439448390907,1.8745020908728094e-4,-0.004357677678022753,-0.0020020026706730754,-0.011348406039219494,-0.0024757429887820592,-0.008911758501858102,98.25,65.84,0.9798,1.1179,0
2016-09-20,0.003722418549799489,9.570905181064404e-4,4.685706253937383e-5,0.0018821119423648724,0.008977616407098044,0.019909185983477684,0.0020768439448390907,1.8745020908728094e-4,99,65.58,0.9781,1.1172,0
2016-09-21,0.03032119371496167,0.014483257401858296,0.011182671747168804,0.009781068835160944,0.03224509941685616,0.003722418549799489,9.570905181064404e-4,4.685706253937383e-5,101.49,66.09,0.9758,1.1165,0
2016-09-22,0.0025713565209293243,0.002354419546242603,0.0062817758531670265,0.007924506146987476,0.012422519998557036,0.03032119371496167,0.014483257401858296,0.011182671747168804,101.49,66.7372,0.9678,1.1229,0
2016-09-23,-0.011363758650314804,6.269101372948782e-4,-0.005494392472592757,-0.0064021783834373736,-0.03282147891125087,0.0025713565209293243,0.002354419546242603,0.0062817758531670265,101.17,67.6196,0.9702,1.1223,0
2016-09-26,-0.013598535909598919,-7.836990996725746e-4,-0.008135228373299164,-0.008401627898753539,0.02327942177804765,-0.011363758650314804,6.269101372948782e-4,-0.005494392472592757,99.59,66.56,0.9668,1.127,0
2016-09-27,-0.013252248013918333,-0.007317969471840158,0.006188800842479303,0.009837257077472294,-0.027212563524884548,-0.013598535909598919,-7.836990996725746e-4,-0.008135228373299164,98.41,67.18,0.9718,1.1208,0
2016-09-28,0.0010666667678025377,-0.0031640589598866953,0.004951306938568045,0.00168634104043619,0.048086186667637865,-0.013252248013918333,-0.007317969471840158,0.006188800842479303,98.76,68.81,0.9724,1.12,0
2016-09-29,-0.004808986024447126,-0.0011891079129160431,-0.009088442415282394,-0.007271529461247539,0.020446808977683695,0.0010666667678025377,-0.0031640589598866953,0.004951306938568045,98.62,68.6301,0.9655,1.1244,0
2016-09-30,0.004808986024447126,-0.0034166335727316977,0.007517785650385633,0.007440007264695403,0.005504601055329239,-0.004808986024447126,-0.0011891079129160431,-0.009088442415282394,98.8,69.3956,0.9694,1.1238,0
2016-10-03,-0.018832948333092236,-0.0025502085864550494,-0.002406962835819648,-0.0014329669076555973,0.015433806129841354,0.004808986024447126,-0.0034166335727316977,0.007517785650385633,96.63,68.32,0.974,1.121,0
2016-10-04,-0.051836625017597004,-0.03532788511223384,-0.005110822814565985,-0.001519500545612118,-9.013069560128706e-4,-0.018832948333092236,-0.0025502085864550494,-0.002406962835819648,94.79,67.02,0.978,1.1212,0
2016-10-05,-0.005737250390143611,-0.0015718720920023799,0.004415428613946837,0.0035419163356458228,0.023173942565136052,-0.051836625017597004,-0.03532788511223384,-0.005110822814565985,93.65,64.9301,0.977,1.1196,0
2016-10-06,-0.025052286010786684,-0.00931632091786927,6.953942006191483e-4,-5.05220623747249e-4,0.013998478806379833,-0.005737250390143611,-0.0015718720920023799,0.004415428613946837,92.5,64.31,0.9798,1.1158,0
2016-10-07,0.00997953688713693,6.683375353206955e-4,-0.0034353127884090284,-0.002192243711033548,-0.015762147693876294,-0.025052286010786684,-0.00931632091786927,6.953942006191483e-4,92.72,64.26,0.9806,1.1156,0
2016-10-11,-0.001753873586096688,-0.001588031592872241,-0.007515147279307577,-0.008051232101045969,0.02182539710493403,0.00997953688713693,6.683375353206955e-4,-0.0034353127884090284,91.01,62.16,0.9878,1.1062,1
2016-10-12,0.004670177781884721,0.001588031592872241,0.0013110457466227743,-8.512812295817795e-4,-0.013037994338129799,-0.001753873586096688,-0.001588031592872241,-0.007515147279307577,90.53,62.27,0.9902,1.1014,0
2016-10-13,-0.00233236257335534,0.0024189860400474217,-0.003280842837907194,-0.0035833158382834185,0.005235614053944904,0.004670177781884721,0.001588031592872241,0.0013110457466227743,89.96,61.36,0.987,1.1038,0
2016-10-14,-0.003508775529679653,-0.005597575081802475,5.1627438783175e-4,0.0011958658638802078,-0.004361105909012508,-0.00233236257335534,0.0024189860400474217,-0.003280842837907194,89.88,62.28,0.9902,1.0985,0
2016-10-17,0,0.002677377770716305,-0.0034782643763247023,-0.002735512049473421,-0.006137678189207296,-0.003508775529679653,-0.005597575081802475,5.1627438783175e-4,89.87,61.35,0.988,1.1,0
2016-10-18,0.010222904442475311,0.006164117810134151,0.0062428328264001465,0.008863190797604226,0.007011422237804155,0,0.002677377770716305,-0.0034782643763247023,90.81,61.44,0.9886,1.0997,0
2016-10-19,0.0031610602549090316,0.005713591496657955,0.002663615210659387,-8.4850027627148e-5,0.018174450922097574,0.010222904442475311,0.006164117810134151,0.0062428328264001465,90.739,61.1,0.9894,1.0966,0
2016-10-20,-0.008708327891784773,-0.003059750164679187,-0.0018684609322283663,-0.0011886569577512773,-0.019922703115626827,0.0031610602549090316,0.005713591496657955,0.002663615210659387,89.64,60.64,0.9916,1.0934,0
2016-10-21,5.829204478677852e-4,7.451256709360976e-4,4.6744262992959307e-4,0.003731031208528357,0.004364913084700994,-0.008708327891784773,-0.003059750164679187,-0.0018684609322283663,89.58,59.72,0.9951,1.0866,0
2016-10-24,0.00407095648002187,-0.0022370447209763,0.004243716584008794,0.01194697029857128,-0.004364913084700994,5.829204478677852e-4,7.451256709360976e-4,4.6744262992959307e-4,90.3,60.87,0.992,1.0888,0
2016-10-25,0.009047744047270267,0.007519764393939532,-0.0033561771119900996,-0.003183115436871553,-0.01676263334117456,0.00407095648002187,-0.0022370447209763,0.004243716584008794,92.62,60.83,0.994,1.089,0
2016-10-26,-0.007957218746903028,-0.005613818094992951,-0.0020097690857285855,-0.006819069232038011,-0.013435043103269262,0.009047744047270267,0.007519764393939532,-0.0033561771119900996,92.55,59.44,0.9927,1.0916,0
2016-10-27,6.956763716337022e-5,0.0018196861927748387,-0.0026703536516476944,-0.004572017108204207,0.010762435721793029,-0.007957218746903028,-0.005613818094992951,-0.0020097690857285855,92.75,58.8,0.994,1.0904,0
2016-10-28,0.008658062743114314,0.004699295510614654,-0.002959763500554047,-0.006299501550703468,-0.0180022863494802,6.956763716337022e-5,0.0018196861927748387,-0.0026703536516476944,94.21,59.42,0.9932,1.0934,0
2016-10-31,0.005730674708985362,0.0029566381590937496,4.704886025042043e-5,-9.398095441612853e-4,-0.04457562458870434,0.008658062743114314,0.004699295510614654,-0.002959763500554047,94.06,59.4301,0.989,1.0962,0
2016-11-01,0.02594618194458498,0.006457700129747224,-0.0072717290868338225,-0.007550443420595521,0.0037914737362623185,0.005730674708985362,0.0029566381590937496,4.704886025042043e-5,95.34,60.81,0.979,1.1042,1
2016-11-02,0.008317209021268646,0.007387296654498776,-0.006036857311706001,-0.008041895560388035,-0.027819539855127307,0.02594618194458498,0.006457700129747224,-0.0072717290868338225,95.32,60.39,0.9701,1.1119,0
2016-11-03,-0.008317209021268646,0.005323881252749629,-0.004587602426107118,-0.009859173348129247,-0.019646997383796716,0.008317209021268646,0.007387296654498776,-0.006036857311706001,95.55,59.295,0.9746,1.1094,0
2016-11-04,0.0022246950221109785,7.237927052079485e-4,-0.001102245337198049,-0.0035133984318447276,-0.009970172319849535,-0.008317209021268646,0.005323881252749629,-0.004587602426107118,95.86,60.0001,0.9682,1.1121,0
2016-11-07,-0.010050335853501124,-0.018171993518124374,0.021817322568264963,0.023479339449748338,0.017875351826963204,0.0022246950221109785,7.237927052079485e-4,-0.001102245337198049,96.09,62.72,0.9758,1.1038,1
2016-11-08,0.00671143458798662,-0.0041839348945851285,0.0044937584398665464,0.006510774305745315,-0.005923018303122252,-0.010050335853501124,-0.018171993518124374,0.021817322568264963,96.24,63.59,0.9757,1.1034,0
2016-11-09,0.0033389012655145045,-6.578947605717644e-4,0.0105462196083419,0.004600451119325832,0.0176648361798053,0.00671143458798662,-0.0041839348945851285,0.0044937584398665464,95.99,65.13,0.9812,1.0952,1
2016-11-10,0.006644542718668767,-0.01500173175756725,0.0024925007134317667,-0.016281422207028662,-0.02362314576343616,0.0033389012655145045,-6.578947605717644e-4,0.0105462196083419,93.41,66.26,0.9878,1.0882,1
2016-11-14,-0.09486877613350764,-0.030868218652110535,-0.0015224565234550624,-0.009723142839424881,-0.01707726081819283,0.006644542718668767,-0.01500173175756725,0.0024925007134317667,89.18,66.75,0.9978,1.0723,0
2016-11-15,0.013261194941383891,0.008661032574086569,0.007772476868626477,0.013775396520040672,0.04652001563489305,-0.09486877613350764,-0.030868218652110535,-0.0015224565234550624,90.03,67.7601,1.0015,1.0726,0
2016-11-16,-0.006608615220356384,-0.0029928621253771936,-0.0018800876797886446,0.005919461371768797,-0.010695289116747997,0.013261194941383891,0.008661032574086569,0.007772476868626477,90.63,68.88,1.0019,1.0699,0
2016-11-17,-0.015184014770496468,-0.0051515525622400915,0.005127512035256743,0.007244246961838563,-0.009823261702943231,-0.006608615220356384,-0.0029928621253771936,-0.0018800876797886446,89.75,69.95,1.0048,1.0656,0
2016-11-18,-0.007371040744589941,-0.008819009258689725,-0.002240052137854498,-0.003743410871316577,0.018582441792824866,-0.015184014770496468,-0.0051515525622400915,0.005127512035256743,88.25,69.69,1.0094,1.06,0
2016-11-21,6.101713907997741e-4,0.0037273046229380213,0.007523117666118573,0.01034521225044216,0.042680731114880466,-0.007371040744589941,-0.008819009258689725,-0.002240052137854498,89.84,69.99,1.0112,1.0597,0
2016-11-22,0.003082140496327934,-3.461405365126069e-4,0.0019513086762374954,0.0030323473370446052,-0.013084298814440398,6.101713907997741e-4,0.0037273046229380213,0.007523117666118573,90.23,71.31,1.01,1.0618,0
2016-11-23,-0.01734863833461331,-0.020019025989975958,5.438723846902249e-4,-0.004045176593106881,0.0037558729598052842,0.003082140496327934,-3.461405365126069e-4,0.0019513086762374954,89.23,70.9,1.0156,1.056,0
2016-11-25,0.006851474949101988,-0.005667242654209481,0.003708565600015312,0.003203779824914932,-0.032383782182114906,-0.01734863833461331,-0.020019025989975958,5.438723846902249e-4,87.03,71.21,1.0136,1.0595,0
2016-11-28,0.008652711586863315,0.010511999983296327,-0.0047058910374122576,-0.0022753138371358617,0.010592299322945475,0.006851474949101988,-0.005667242654209481,0.003708565600015312,88.73,72.61,1.0158,1.0576,0
2016-11-29,5.536928376717043e-4,-0.004668172479608046,0.001948390928800059,0.0034530711870388586,-0.03707741778289941,0.008652711586863315,0.010511999983296327,-0.0047058910374122576,88.28,73.19,1.0132,1.0626,0
2016-11-30,-0.00796570947630082,-0.013510115718943894,-0.0024020496944627823,-0.012180830694234146,0.08294413751685381,5.536928376717043e-4,-0.004668172479608046,0.001948390928800059,87.44,73.76,1.0187,1.0578,0
2016-12-01,0.0012391575315482406,-0.001880962532270658,-0.003682240778386081,-0.017427577620448886,0.035942772851468074,-0.00796570947630082,-0.013510115718943894,-0.0024020496944627823,87.87,72.14,1.0126,1.0634,0
2016-12-02,0.010471299867295336,0.005364819734118953,5.008537384156853e-4,0.0019898782358662714,0.013152315851505225,0.0012391575315482406,-0.001880962532270658,-0.003682240778386081,89.3,71.22,1.011,1.0666,0
2016-12-05,0.003059041847082611,-0.005364819734118953,0.005990759498091691,0.0077486397167607635,-0.011388646964008764,0.010471299867295336,0.005364819734118953,5.008537384156853e-4,89.83,71.68,1.0103,1.0723,0
2016-12-06,-0.0014365842337387136,-9.866799024447204e-4,0.0031624151045130944,0.00239849352605237,-0.005300365765841253,0.003059041847082611,-0.005364819734118953,0.005990759498091691,89.66,70.51,1.0093,1.0717,0
2016-12-07,0.024384451121770567,0.0035832699811342295,0.012995925682076859,0.012583060089564668,-0.0178735767992948,-0.0014365842337387136,-9.866799024447204e-4,0.0031624151045130944,90.39,70.392,1.0065,1.0758,1
2016-12-08,-0.00646262891772853,-0.0023276644350085363,0.0024458044432380532,0.0017726759379703694,0.019643488765753503,0.024384451121770567,0.0035832699811342295,0.012995925682076859,90.113,70.89,1.0154,1.0625,0
2016-12-09,-0.009788104872021197,-0.010542062762093352,0.0060222473112956365,0.007812867901586529,0.011428695823622714,-0.00646262891772853,-0.0023276644350085363,0.0024458044432380532,87.77,70.49,1.0184,1.0541,0
2016-12-12,0.012662213192418115,0.0037971295962080376,-0.0011485114788403195,-0.004529069219666226,0.015611765472113515,-0.009788104872021197,-0.010542062762093352,0.0060222473112956365,89.4,69.35,1.0157,1.0606,0
2016-12-13,-0.00963282584081071,-0.003344333573076952,0.006651860389745856,0.012530445463675655,0.00942191124161873,0.012662213192418115,0.0037971295962080376,-0.0011485114788403195,89.84,69.97,1.0118,1.0635,0
2016-12-14,-0.005459522204898981,-0.014775898158156053,-0.00828855816514551,-0.002077534299412598,-0.035578589890347345,-0.00963282584081071,-0.003344333573076952,0.006651860389745856,88.6317,69.35,1.0099,1.0656,0
2016-12-15,-0.049246472641871986,-0.013785664959288013,0.004108777787708462,0.0015793195585578346,0.003527340517968547,-0.005459522204898981,-0.014775898158156053,-0.00828855816514551,86.03,67.26,1.0334,1.0375,0
2016-12-16,0.006369448285480139,0.006592716204212756,-0.007834498410742796,-0.006666691358188537,0.016587023674797585,-0.049246472641871986,-0.013785664959288013,0.004108777787708462,88.73,66.48,1.0258,1.0456,0
2016-12-19,-0.006369448285480139,0.0049852392759142106,0.002175023606415749,0.004088620156060152,-0.004338401598598551,0.006369448285480139,0.006592716204212756,-0.007834498410742796,88.01,65.22,1.0226,1.0444,0
2016-12-20,0.003546419668183809,-0.007394432435272158,0.003850158541010451,0.003823142954588299,0.010380716054561034,-0.006369448285480139,0.0049852392759142106,0.002175023606415749,88.16,64.015,1.0282,1.039,0
2016-12-21,-0.006746422398854701,5.56483041628475e-4,-0.0027865643791464834,-7.468570116051509e-4,-0.015611765472113515,0.003546419668183809,-0.007394432435272158,0.003850158541010451,87.76,62.91,1.0262,1.0425,0
2016-12-22,-0.009014871096215238,-0.0024136662293479105,-0.0017289154256783235,-0.002826504500445637,0.00174672533494169,-0.006746422398854701,5.56483041628475e-4,-0.0027865643791464834,86.91,62.84,1.0246,1.0452,0
2016-12-23,-0.005188079081777985,0.003155162231437636,0.0014631229194623785,6.657789859776386e-4,0.008688151957637835,-0.009014871096215238,-0.0024136662293479105,-0.0017289154256783235,85.6,63.11,1.0268,1.0449,0
2016-12-27,0.013561718992187277,0.005820146689358374,0.0024779870195708043,0.005144812609487737,0.01459879942115272,-0.005188079081777985,0.003155162231437636,0.0014631229194623785,86.67,64.63,1.0284,1.0458,0
2016-12-28,0.004569403241625025,0.00275963747944008,-0.008298802814695527,-0.007810592262132765,0.0017035779247840388,0.013561718992187277,0.005820146689358374,0.0024779870195708043,86.4,63.91,1.0313,1.0389,0
2016-12-29,0.008810853721610723,0.013050607312001361,-2.228412265488089e-4,-0.001419091185183241,-0.0025564564413014246,0.004569403241625025,0.00275963747944008,-0.008298802814695527,86.27,64.78,1.023,1.0486,0
2016-12-30,-0.013380256963235748,-0.0061846490904233775,-0.0036616991882461036,-0.010327981303735356,0,0.008810853721610723,0.013050607312001361,-2.228412265488089e-4,86.41,65.21,1.016,1.0552,0
2017-01-03,0.022201990292383567,0.007815379656552324,0.007620867152671629,0.008906873436564489,-0.02418079819721486,-0.013380256963235748,-0.0061846490904233775,-0.0036616991882461036,89.99,68.33,1.0266,1.0416,0
2017-01-04,0.008744590388751305,0.003524153107474781,0.0059315830589250496,0.00542278056858958,0.012163486193197404,0.022201990292383567,0.007815379656552324,0.007620867152671629,90.55,70.67,1.0228,1.0476,0
2017-01-05,0.01051664502492633,0.015395936044221514,-7.947371163146144e-4,0.005641763906668373,0.0103093696588612,0.008744590388751305,0.003524153107474781,0.0059315830589250496,92.994,70.64,1.0107,1.0598,0
2017-01-06,-0.008032171697264001,-0.007399846542202049,0.0035713536338839447,0.008731521700807932,-0.0017108644036292198,0.01051664502492633,0.015395936044221514,-7.947371163146144e-4,92.94,72.55,1.015,1.056,0
2017-01-09,0.0055675986691023915,0.00819895868239584,-0.0033063710770182553,0.003275201486650836,-0.0321906872720521,-0.008032171697264001,-0.007399846542202049,0.0035713536338839447,93.85,72.66,1.0148,1.0576,0
2017-01-10,0.012871768276697448,0.004251179903472568,0,0.0022047124432864607,-0.021448543407483367,0.0055675986691023915,0.00819895868239584,-0.0033063710770182553,93.7,73.38,1.0158,1.0572,0
2017-01-11,-0.0036607728496811376,0.003088464841910721,0.002822120225618896,0.002688064177138294,0.026739561041898785,0.012871768276697448,0.004251179903472568,0,93.37,72.42,1.0203,1.0501,0
2017-01-12,0.0033562197789547277,0.0036058259903635204,-0.0025130626280684965,-0.0015467907182982188,0.014840953317508898,-0.0036607728496811376,0.003088464841910721,0.002822120225618896,93.68,72.84,1.0066,1.0666,0
2017-01-13,9.13381095621002e-4,0.002630196150694708,0.0022928710605158997,0.0034160260953486343,-0.011329097205968974,0.0033562197789547277,0.0036058259903635204,-0.0025130626280684965,94.44,72.01,1.0098,1.0625,0
2017-01-17,0.02167453904027239,0.01425739181586927,-0.003529674963924201,-0.0030087438838783953,0.001751313932734977,9.13381095621002e-4,0.002630196150694708,0.0022928710605158997,93.31,71.84,1.0028,1.0695,0
2017-01-18,-0.00537475166673973,-0.00849519672107224,0.002207506415210503,0.0020339265849127486,-0.023905520853554574,0.02167453904027239,0.01425739181586927,-0.003529674963924201,92.21,71.83,1.0028,1.0682,0
2017-01-19,-0.004260560316932338,-8.709284647361315e-4,-0.003711399126115289,-4.877652320107728e-4,8.956561279442887e-4,-0.00537475166673973,-0.00849519672107224,0.002207506415210503,91.7834,72.2,1.0094,1.063,0
2017-01-23,0.009635311983672068,0.008848079931604858,0.0010618060547216146,0.003004102450042012,0.01333945969392758,-0.004260560316932338,-8.709284647361315e-4,-0.003711399126115289,94.05,74.26,0.999,1.074,0
2017-01-24,-0.003579956090716596,-0.004501003011259996,0.006391206328323129,0.00670628296138176,0.004407234987407804,0.009635311983672068,0.008848079931604858,0.0010618060547216146,95.61,75.42,0.9998,1.0749,0
2017-01-25,-0.006807337399567626,-0.008275668991309715,0.008618291635304587,0.010015708099836651,-0.005291017634415418,-0.003579956090716596,-0.004501003011259996,0.006391206328323129,94.16,70.4,0.9996,1.0743,0
2017-01-26,-0.010678787971130976,-0.009315472935952585,-0.001045979611599357,0.0010358979371689614,0.019265044152938504,-0.006807337399567626,-0.008275668991309715,0.008618291635304587,93.75,69.43,1.0011,1.067,0
2017-01-27,0.017486125370698602,0.0020286666273880982,-0.0015710236702748404,0.0019096122925876813,-0.011338978880517825,-0.010678787971130976,-0.009315472935952585,-0.001045979611599357,94.42,70.57,0.9992,1.069,0
2017-01-30,0.001194743272342702,0.0042205285545966476,-0.0062209961429555705,-0.007820644760443862,-0.010582109330536937,0.017486125370698602,0.0020286666273880982,-0.0015710236702748404,94.81,71.02,0.9976,1.0681,0
2017-01-31,0.025347658285034047,0.013768080852745612,-8.789663361508104e-5,-0.002004892607895492,0.003539826705123872,0.001194743272342702,0.0042205285545966476,-0.0062209961429555705,95.49,72.25,0.9888,1.0794,0
2017-02-01,-0.0023310033864758495,-0.0030335884585985795,3.954740247085198e-4,0.006880027138582712,0.0140353181163837,0.025347658285034047,0.013768080852745612,-8.789663361508104e-5,95.93,73.2,0.993,1.0758,0
2017-02-02,-0.0035067248092097714,0.005540180375615655,6.587760180272184e-4,-8.773679525928557e-4,0.0026098318423710687,-0.0023310033864758495,-0.0030335884585985795,3.954740247085198e-4,95.92,72.73,0.9894,1.0802,0
2017-02-03,-5.856515540747509e-4,0.0025003246202599527,0.006869270738387279,0.002868527863374659,0.0026030383461619344,-0.0035067248092097714,0.005540180375615655,6.587760180272184e-4,96.19,71.86,0.991,1.0792,0
2017-02-06,0.016846172425855066,0.013428761008564827,-0.001789338640507232,0.001192795656510981,-0.013961832381768513,-5.856515540747509e-4,0.0025003246202599527,0.006869270738387279,97.15,74.09,0.9934,1.0731,0
2017-02-07,-0.002306806097915004,-0.0020411641718576234,4.368052067871275e-5,0.003649060054201847,-0.0168369063743512,0.016846172425855066,0.013428761008564827,-0.001789338640507232,96.44,73,0.997,1.069,0
2017-02-08,0.002882677118724697,0.006195648929775643,0.0013095291932065933,0.001661458509496505,0.003568246426518318,-0.002306806097915004,-0.0020411641718576234,4.368052067871275e-5,97.49,73.91,0.9934,1.0708,0
2017-02-09,-0.0046162805578147115,-0.007643998490735271,0.005915118151421872,0.0036297680505787966,0.01062897517705963,0.002882677118724697,0.006195648929775643,0.0013095291932065933,97.36,73.98,1.0013,1.0658,0
2017-02-10,0.015495288511771399,0.0026395349311121308,0.00393846130266251,0.003302668725066127,0.013129291441792645,-0.0046162805578147115,-0.007643998490735271,0.005915118151421872,96.89,75.16,1.0028,1.065,0
2017-02-13,-0.007430728675041021,-0.0068259650703996755,0.005427772436346956,0.00563646395946904,-0.01577596259416758,0.015495288511771399,0.0026395349311121308,0.00393846130266251,95.72,74.42,1.0054,1.0603,0
2017-02-14,0.006291127412107578,0.0011123947581008764,0.0039873999708444074,0.0033511312193512666,0.005286355923148189,-0.007430728675041021,-0.0068259650703996755,0.005427772436346956,95.94,75.04,1.0072,1.0577,0
2017-02-15,0.0022779053129937665,0.004437245952694013,0.005206789109506005,0.00589560314442128,-0.0017590154051796425,0.006291127412107578,0.0011123947581008764,0.0039873999708444074,96.78,75.76,1.0062,1.0597,0
2017-02-16,0.005106394074574361,0.005349649747240726,-8.51716259647084e-4,-3.094298779231508e-4,0.004391750580979181,0.0022779053129937665,0.004437245952694013,0.005206789109506005,97.09,75.91,0.9992,1.066,0
2017-02-17,-0.003401363823490655,-0.0033932845589799143,0.001575105155259493,0.004323329516364716,-0.0017543864148934496,0.005106394074574361,0.005349649747240726,-8.51716259647084e-4,96.3,74.79,1.0022,1.0614,0
2017-02-21,-0.0017050302510837057,5.946566033445677e-4,0.005937504189995835,0.004918168677834345,0.013083483620862424,-0.003401363823490655,-0.0033932845589799143,0.001575105155259493,96.1,74.7,1.0083,1.0551,0
2017-02-22,0.003973891122274864,0.0013578886920546651,-8.883813008919716e-4,3.832151800109429e-4,-0.015720847786948156,-0.0017050302510837057,5.946566033445677e-4,0.005937504189995835,96.21,73.77,1.0109,1.0555,0
2017-02-23,0.006775858787254396,0.008697542689866111,6.769335171341595e-4,-0.0037618561886709756,0.014853920987962344,0.003973891122274864,0.0013578886920546651,-8.883813008919716e-4,96.66,74.05,1.0062,1.0586,0
2017-02-24,0.010078472767727664,0.006369448285480139,0.001268016569579089,0.0019210825441779988,-0.0060896229943741,0.006775858787254396,0.008697542689866111,6.769335171341595e-4,98.25,73.95,1.0055,1.058,0
2017-02-27,-0.007268692891624351,-0.004857224188174136,0.0015616759531384972,0.0012275588468009246,8.72219854685774e-4,0.010078472767727664,0.006369448285480139,0.001268016569579089,98.17,74.87,1.0051,1.0624,0
2017-02-28,0.005595985504120993,9.230124422865416e-4,-0.002702818487319014,-0.0030717271887334974,-0.0017452011410306056,-0.007268692891624351,-0.004857224188174136,0.0015616759531384972,98.25,73.87,1.0022,1.0618,0
2017-03-01,0.0038986404156573506,-0.0014268330927960093,0.013900486287940161,0.010862188952689422,-0.004376374599798893,0.005595985504120993,9.230124422865416e-4,-0.002702818487319014,97.2,74.4,1.0072,1.0564,0
2017-03-02,-0.03564733873023762,-0.012508614751135738,-0.006317351832949569,-0.005033951595882158,-0.020381742319340646,0.0038986404156573506,-0.0014268330927960093,0.013900486287940161,94.57,73.64,1.012,1.0514,0
2017-03-03,0.010315277711832938,-5.95516628258963e-4,6.293398432974939e-4,0.0018334611705999038,0.010685765080461262,-0.03564733873023762,-0.012508614751135738,-0.006317351832949569,95.46,74.22,1.0118,1.0552,0
2017-03-06,-0.00916386710679129,-0.00674553213131901,-0.002982380972690102,-0.0022158557299611914,-8.861320916575544e-4,0.010315277711832938,-5.95516628258963e-4,6.293398432974939e-4,93.64,73.95,1.0114,1.0586,0
2017-03-07,-0.01682662270974644,-0.008086065563672307,-0.002991302182033806,-0.0016842753943322464,-8.869180182280445e-4,-0.00916386710679129,-0.00674553213131901,-0.002982380972690102,91.96,74.02,1.013,1.0582,0
2017-03-08,-0.014142840329128603,-0.00623810721571072,-0.0018582655909096246,0.0017607660051472962,-0.05470826273802265,-0.01682662270974644,-0.008086065563672307,-0.002991302182033806,90.76,73.78,1.0146,1.0547,0
2017-03-09,-0.016153507091221986,-0.005140951504762903,0.0012673737491271098,7.645844855996842e-4,-0.013207739167778065,-0.014142840329128603,-0.00623810721571072,-0.0018582655909096246,89.66,71.72,1.0131,1.0586,0
2017-03-10,0.004813487031547936,0.002181596920925344,0.003498054351910973,0.004194796983546745,-0.023055776299925945,-0.016153507091221986,-0.005140951504762903,0.0012673737491271098,90.2,71.51,1.0104,1.0667,0
2017-03-13,-0.004210532536343514,1.743223224153212e-4,5.047318719144656e-4,0.001673004192502603,-9.722898189390428e-4,0.004813487031547936,0.002181596920925344,0.003498054351910973,90.11,72.32,1.0068,1.067,0
2017-03-14,-0.004833846270316577,-0.005418172828425938,-0.003833924352434792,-0.002434386900214136,-0.00879341279238588,-0.004210532536343514,1.743223224153212e-4,5.047318719144656e-4,89.89,71.08,1.0078,1.0645,0
2017-03-15,0.026301575894422502,0.01849251812216668,0.008616213859427901,0.006150594582260638,0.01847403050310925,-0.004833846270316577,-0.005418172828425938,-0.003833924352434792,91.45,73.36,1.008,1.063,0
2017-03-16,-0.0011806376814149644,0.004120531197106203,-0.001968875654351443,-6.815342356114584e-4,-0.0019286409064056542,0.026301575894422502,0.01849251812216668,0.008616213859427901,91.82,73.48,0.9953,1.0738,0
2017-03-17,0.004126147911172051,0.0022248853949378145,-0.006098733967064618,-0.002427001570539211,-0.0028999536997895703,-0.0011806376814149644,0.004120531197106203,-0.001968875654351443,92.27,74.48,0.9978,1.0742,0
2017-03-20,0.0011757790890118969,0.004898658084571572,-0.0010975096078436053,9.108160022455181e-4,-0.005289862132709544,0.004126147911172051,0.0022248853949378145,-0.006098733967064618,92.97,74.94,0.9966,1.0754,0
2017-03-21,0.00644218919080064,0.008263337215610456,-0.012922602784031234,-0.015289648819471147,-0.016237387966457906,0.0011757790890118969,0.004898658084571572,-0.0010975096078436053,92.95,75.33,0.9936,1.081,1
2017-03-22,0,0.002443443942242496,0.002350378210705273,0.0067562637040419204,9.886308269395627e-4,0.00644218919080064,0.008263337215610456,-0.012922602784031234,92.16,75.48,0.99,1.08,0
2017-03-23,0.0029146042200807187,-0.0013473686248870465,-0.001067668953250056,-0.0025282526395837834,-0.010929070532190277,0,0.002443443942242496,0.002350378210705273,92.13,77.01,0.9924,1.0787,0
2017-03-24,0.009846589836759012,0.0015997982614672779,-7.266665561589392e-4,0.0020690455291108023,0.007960241038388549,0.0029146042200807187,-0.0013473686248870465,-0.001067668953250056,92.42,77.49,0.991,1.0806,0
2017-03-27,0.019407001778825705,0.005621055951374743,-0.0010267819846232484,0.0016063031717115095,-0.004967720101934692,0.009846589836759012,0.0015997982614672779,-7.266665561589392e-4,92.82,76.19,0.983,1.0882,0
2017-03-28,0.002258611914422559,-0.004107814805108134,0.007250426268705645,0.006095721404955512,0.010896591224213381,0.019407001778825705,0.005621055951374743,-0.0010267819846232484,91.28,75.74,0.985,1.0852,0
2017-03-29,0.004501977215453312,0.0024331932967829317,9.34460417147065e-4,0.004623146663269573,0.02144331675363942,0.002258611914422559,-0.004107814805108134,0.007250426268705645,91.42,75.79,0.9966,1.0756,0
2017-03-30,-0.00563064550682757,-0.0072330004148968285,0.00317911379807434,0.0016621339577618244,0.019102777640710666,0.004501977215453312,0.0024331932967829317,9.34460417147065e-4,91,76.07,0.9969,1.0726,0
2017-03-31,0.004507049883001102,0.0021080154524026895,-0.0023303614130529837,-6.796300053935056e-4,0.006600684031352166,-0.00563064550682757,-0.0072330004148968285,0.00317911379807434,90.91,76.43,0.9998,1.0698,0
2017-04-03,5.619556202960396e-4,0.005292573365768938,-0.0017407183795548065,-6.045035698667434e-4,-0.0084946239914232,0.004507049883001102,0.0021080154524026895,-0.0023303614130529837,91.59,76.92,1.0029,1.0655,0
2017-04-04,0.005043440222588291,0.0022596988315717326,6.371997411918073e-4,0.0015860431556342647,0.015052024537582032,5.619556202960396e-4,0.005292573365768938,-0.0017407183795548065,92.06,77.2,1.0022,1.0664,0
2017-04-05,-5.591277752596824e-4,0,-0.0029770787096845552,-0.0040834902478064095,-0.002805050927608743,0.005043440222588291,0.0022596988315717326,6.371997411918073e-4,91.99,77.35,1.005,1.0661,0
2017-04-06,-0.0028003378703194137,-0.00368509629757785,0.0028071984748407885,5.302829562543465e-4,0.01671348097374059,-5.591277752596824e-4,0,-0.0029770787096845552,91.59,77.23,1.0046,1.0651,0
2017-04-07,-0.014120539618017958,0.002346631985326475,-0.0010198879007452533,-5.302829562543465e-4,0.009165967014080234,-0.0028003378703194137,-0.00368509629757785,0.0028071984748407885,91.33,76.53,1.0066,1.0616,0
2017-04-10,-0.002848193323887749,0,5.950610113112376e-4,3.7880223188668793e-4,0.016289952979268385,-0.014120539618017958,0.002346631985326475,-0.0010198879007452533,90.12,75.54,1.0077,1.0606,0
2017-04-11,0.019209630238193665,0.01437797467623625,-0.0011904763310752742,-0.004326875084734283,0.002689378581971269,-0.002848193323887749,0,5.950610113112376e-4,92.63,76.95,1.0072,1.0614,0
2017-04-12,0.007803830016527957,0.006825403743310865,-0.004391488436375823,-0.00404010154291079,-0.005386009429570571,0.019209630238193665,0.01437797467623625,-0.0011904763310752742,92.97,76.73,1.0054,1.0611,0
2017-04-13,0.005537112707457492,0.004742057778404529,-0.0065160774131687305,-0.003979800140426981,0.0017985616359150747,0.007803830016527957,0.006825403743310865,-0.004391488436375823,93.2,76.19,1.0047,1.063,0
2017-04-17,-0.006092513999157667,-0.002940698083900628,0.008820815949369454,0.008248099303465928,-0.00630916919326463,0.005537112707457492,0.004742057778404529,-0.0065160774131687305,94.24,75.57,1.0022,1.066,0
2017-04-18,-0.006129860375536644,0.004733543483042446,-0.002988645380553656,-0.001522302014183019,-0.0018099552452399692,-0.006092513999157667,-0.002940698083900628,0.008820815949369454,93.49,74.07,0.9978,1.0706,0
2017-04-19,-0.010112445725885433,-0.00891439147974804,-0.0018403206495030133,0.0015983563169923443,-0.03878602503515616,-0.006129860375536644,0.004733543483042446,-0.002988645380553656,92.4,74.43,0.9986,1.0707,0
2017-04-20,-0.006230549750636083,0.0018876446985487405,0.008106192261307044,0.008330857027799787,-0.007561472700576832,-0.010112445725885433,-0.00891439147974804,-0.0018403206495030133,93.65,76.92,0.996,1.0758,0
2017-04-21,-0.0028449521322313487,0.002865683379217998,-0.0031919674708609236,-2.262870083198365e-4,-0.021093783059799254,-0.006230549750636083,0.0018876446985487405,0.008106192261307044,93.12,76.04,0.9987,1.0694,0
2017-04-24,-0.0017108644036296639,-0.006809165321723931,0.010937874011880844,0.011997744396645693,-0.006806054468999623,-0.0028449521322313487,0.002865683379217998,-0.0031919674708609236,92.06,76.45,0.9964,1.0846,0
2017-04-25,-0.017271586508660786,-0.01017673119167739,0.005801748385312777,0.0072041605350410265,0.010674531246919639,-0.0017108644036296639,-0.006809165321723931,0.010937874011880844,91.51,76.51,0.9925,1.0941,0
2017-04-26,-0.00699303549097019,0.004894447532601376,-6.289967709207644e-4,-0.0014070428507153565,-0.009699397088713368,-0.017271586508660786,-0.01017673119167739,0.005801748385312777,90.9,77.74,0.9957,1.0872,0
2017-04-27,-0.011764841579586793,-0.003730883571536836,8.385744726204791e-4,0.005984723614765208,-0.0019512201312616995,-0.00699303549097019,0.004894447532601376,-6.289967709207644e-4,90.41,78.03,0.9948,1.0864,0
2017-04-28,-0.004150613726312979,0.0031514373403487284,-0.0021817580190885977,0.0017663948068236124,0,-0.011764841579586793,-0.003730883571536836,8.385744726204791e-4,90.71,79.17,0.9944,1.0895,0
2017-05-01,-0.01919675027067802,-0.009149955701858836,0.002516991009154701,0.00885836167091636,-0.008827914123565428,-0.004150613726312979,0.0031514373403487284,-0.0021817580190885977,89.11,78.16,0.9955,1.0912,0
2017-05-02,-0.004248868304002507,-1.6714023104213993e-4,3.7700283198649487e-4,0.0016749812749763393,-0.022920784191014842,-0.01919675027067802,-0.009149955701858836,0.002516991009154701,88.88,78.54,0.9913,1.091,0
2017-05-03,-0.020898117637616842,-0.014055695779453536,-0.0012152961160518672,-0.0032067661034620443,0.0010075567602996216,-0.004248868304002507,-1.6714023104213993e-4,3.7700283198649487e-4,86.21,76.48,0.9913,1.092,0
2017-05-04,-0.0106151480684602,-0.010137668284454726,0.0011734139306334157,3.649235525653438e-4,-0.048488094993293984,-0.020898117637616842,-0.014055695779453536,-0.0012152961160518672,86.42,76.78,0.989,1.0967,0
2017-05-05,0.005009403086666531,0.0018819509403922297,0.003929278139889192,0.003641929875826122,0.020921265160639635,-0.0106151480684602,-0.010137668284454726,0.0011734139306334157,87.41,77.97,0.9876,1.0996,0
2017-05-08,-0.005637346592386461,-0.0022245046818598624,-1.6688918596852176e-4,0.0021788083279838943,0.0010346612407761135,0.005009403086666531,0.0018819509403922297,0.003929278139889192,88.09,77.55,0.9979,1.0928,0
2017-05-09,-0.008832864998508771,-0.00601376382856067,-9.183887099268873e-4,0.0034762491553612662,-0.010395104000339828,-0.005637346592386461,-0.0022245046818598624,-1.6688918596852176e-4,86.74,76.3,1.0074,1.0875,0
2017-05-10,0.0037950709685512507,-8.617346724282271e-5,0.0017942463764955008,5.782018085342955e-4,0.02985296314968089,-0.008832864998508771,-0.00601376382856067,-9.183887099268873e-4,87.18,76.41,1.0088,1.0873,0
2017-05-11,0.0069204428445739374,0.003956313752552454,-0.0020448624757145595,-7.951137070030256e-4,0.008080852053938603,0.0037950709685512507,-8.617346724282271e-5,0.0017942463764955008,87.89,76.77,1.0061,1.0869,0
2017-05-12,0.007495350518567534,0.002828613723301565,-0.0016723810236163317,0.0022391572792361814,0.0010055305020189031,0.0069204428445739374,0.003956313752552454,-0.0020448624757145595,88.03,77.06,1.0008,1.0926,0
2017-05-15,0.011753924370243585,0.0026499139325792953,0.005508276320814964,0.0031695747612792147,0.02186965888996717,0.007495350518567534,0.002828613723301565,-0.0016723810236163317,89.1,76.25,0.9964,1.0979,0
2017-05-16,0.011617373091716399,0.004344314511735448,-9.159416103114992e-4,0.004162785025173754,-0.005917177028088805,0.011753924370243585,0.0026499139325792953,0.005508276320814964,90.14,75.98,0.9878,1.1072,0
2017-05-17,0.0036407807206555454,0.018026094569867368,-0.017903398983584395,-0.025754987339488444,0.007881814202253423,0.011617373091716399,0.004344314511735448,-9.159416103114992e-4,90.41,74.84,0.9808,1.1134,1
2017-05-18,-0.017104876405536817,-0.008214631273043338,0.004020403646380899,0.00870747827772167,0.006845992507990228,0.0036407807206555454,0.018026094569867368,-0.017903398983584395,89.23,72.97,0.9763,1.113,0
2017-05-19,0.014071813722424054,0.0049536224883057756,0.00648314134036454,0.004216654739185088,0.021215839150272586,-0.017104876405536817,-0.008214631273043338,0.004020403646380899,89.9,72.71,0.9754,1.119,0
2017-05-22,0.01746506302215156,0.004178861074966456,0.0050645735360461686,0.00838034091101747,0.00570886422032002,0.014071813722424054,0.0049536224883057756,0.00648314134036454,90.74,73.89,0.9736,1.1236,0
2017-05-23,-0.0035885205973316125,-0.006358789832926703,0.0022103143056311225,0.0010066873648035823,0.009442940800282518,0.01746506302215156,0.004178861074966456,0.0050645735360461686,90.35,74.17,0.974,1.1198,0
2017-05-24,0.006569148735469543,0.003937177860831476,0.0023301304596881067,0.0045891375534878875,-0.0037664827954770885,-0.0035885205973316125,-0.006358789832926703,0.0022103143056311225,90.77,73.2,0.9769,1.1175,0
2017-05-25,-0.0029806281381379307,-0.0010874567134635527,0.004768133087791782,0.008477343733851228,-0.054276886854438544,0.006569148735469543,0.003937177860831476,0.0023301304596881067,90.73,73.78,0.972,1.1218,0
2017-05-26,0.01068893787396874,0.008832654706989018,-2.0683806721510933e-4,0.0017718563053668035,0.02362314576343616,-0.0029806281381379307,-0.0010874567134635527,0.004768133087791782,91.81,75.8,0.9753,1.117,0
2017-05-30,0.004714210262726226,-0.0033239186328835046,-8.691873645867432e-4,8.49377174507282e-4,-0.0038986404156573506,0.01068893787396874,0.008832654706989018,-2.0683806721510933e-4,89.96,77.38,0.9744,1.1183,0
2017-05-31,-0.005305052229692908,0.003987378600825764,-2.484780730886982e-4,-3.5381948499146887e-4,-0.02772454801485491,0.004714210262726226,-0.0033239186328835046,-8.691873645867432e-4,90.87,78.35,0.9684,1.1236,0
2017-06-01,-0.001182732249049856,8.28706436752924e-4,0.007920833491443346,0.003885145988236083,-0.0050327232546103495,-0.005305052229692908,0.003987378600825764,-2.484780730886982e-4,89.19,79.14,0.9712,1.1214,0
2017-06-02,0.012933748784568433,0.0073453885333147895,0.0033228754960772378,0.011356588932335931,-0.005058179727352563,-0.001182732249049856,8.28706436752924e-4,0.007920833491443346,91.16,80.42,0.9642,1.127,0
2017-06-05,0.0017508028983526103,9.862744285964453e-4,-7.374631602656834e-4,-2.091393921670459e-4,-0.006103782938017499,0.012933748784568433,0.0073453885333147895,0.0033228754960772378,91.28,80.97,0.9657,1.125,0
2017-06-06,0.007551589763961086,0.011191555768903072,-0.0032019731790686734,-0.003981981579295635,0.01719819829722047,0.0017508028983526103,9.862744285964453e-4,-7.374631602656834e-4,91.8,81.8,0.9628,1.1266,0
2017-06-07,-0.005803846819800285,-0.005294249792231476,0.0018485432585357842,0.003912258727602591,-0.05250820090995978,0.007551589763961086,0.011191555768903072,-0.0032019731790686734,90.4,79.95,0.9657,1.1236,0
2017-06-08,-0.00994451014833908,-0.006554714168644615,4.923683014297353e-4,0.0010453326851740385,-0.003176286418420826,-0.005803846819800285,-0.005294249792231476,0.0018485432585357842,89.71,81.94,0.9675,1.1217,0
2017-06-09,-0.01123275186296846,-0.009166421174633399,-0.0015189148838681277,-0.025323165878209153,0.0063425159764700645,-0.00994451014833908,-0.006554714168644615,4.923683014297353e-4,89.9,84.38,0.97,1.119,1
2017-06-12,-0.015578505587688252,-0.0014943962930535903,-2.0543583284027278e-4,-0.005372313340199497,0.003156236181437677,-0.01123275186296846,-0.009166421174633399,-0.0015189148838681277,90.35,85.95,0.9688,1.1204,0
2017-06-13,-0.005449604767564953,9.965122897384049e-4,0.004877958474383881,0.00808330879381991,0.008368249670516636,-0.015578505587688252,-0.0014943962930535903,-2.0543583284027278e-4,88.84,85.31,0.9692,1.1194,0
2017-06-14,0,-0.005493147395804421,-0.0012684385587435898,-0.004355438679805701,-0.03930404995902981,-0.005449604767564953,9.965122897384049e-4,0.004877958474383881,89.31,82.73,0.9662,1.1277,0
2017-06-15,-0.0048691514338101705,-0.00418165700923101,-0.0019261906326368816,-0.004446364181422524,-0.005431843882361953,0,-0.005493147395804421,-0.0012684385587435898,88.24,83.13,0.9749,1.1152,0
2017-06-16,-0.005506284943021633,1.676024473882265e-4,-0.004646294413659824,-0.0070686964843602595,0.006514681021193791,-0.0048691514338101705,-0.00418165700923101,-0.0019261906326368816,88.78,83.26,0.9739,1.1194,0
2017-06-19,-0.012345835822299644,-0.007654493360532477,0.008290628238444064,0.016582699361449293,-0.013072081567352622,-0.005506284943021633,1.676024473882265e-4,-0.004646294413659824,88.49,82.15,0.9745,1.116,0
2017-06-20,-0.0012430082395971098,-0.0021131828158749144,-0.0067668968615786085,-0.007862237626682145,-0.01881627179947598,-0.012345835822299644,-0.007654493360532477,0.008290628238444064,88.12,83.46,0.9759,1.1124,0
2017-06-21,-0.0012445552322044584,0.0028728367878354533,-2.4693390527907866e-4,0.009853703434210104,-0.027181741422352523,-0.0012430082395971098,-0.0021131828158749144,-0.0067668968615786085,88.72,84.94,0.9744,1.1143,0
2017-06-22,0.008062059170928393,0.0033692754245331358,-4.528705896786889e-4,-2.842524180595163e-4,0.00800461678261355,-0.0012445552322044584,0.0028728367878354533,-2.4693390527907866e-4,88.41,84.69,0.9728,1.1148,0
2017-06-23,0.007997581846416857,0.004279427550438086,0.001193489451708274,0.0038306069398421627,0.00907035696996461,0.008062059170928393,0.0033692754245331358,-4.528705896786889e-4,88.76,82.14,0.9692,1.1196,0
2017-06-26,-0.007997581846416857,-0.008999598148326626,6.578677100881336e-4,-0.004683849312425714,0.007869630271418071,0.007997581846416857,0.004279427550438086,0.001193489451708274,87.81,82.95,0.9706,1.1196,0
2017-06-27,0.0073846489433782025,0.0037947509381872635,-0.008088855956508212,-0.01830566891227292,0.01885801863439651,-0.007997581846416857,-0.008999598148326626,6.578677100881336e-4,88,82.11,0.9638,1.13,0
2017-06-28,0.007938972995111815,7.572252265406476e-4,0.008910582450011972,0.014314216713565031,0.010929070532190277,0.0073846489433782025,0.0037947509381872635,-0.008088855956508212,88.03,82.06,0.9608,1.1364,0
2017-06-29,-0.012240054894502084,-0.004889985294192378,-0.008827711811031591,-0.017507021109326892,0.0010863662122209128,0.007938972995111815,7.572252265406476e-4,0.008910582450011972,88.01,81.15,0.9569,1.142,1
2017-06-30,-6.159532070322271e-4,-0.0025387167735217986,0.0018627760741898314,3.633324895542245e-4,0.031001948339279828,-0.012240054894502084,-0.004889985294192378,-0.008827711811031591,88.35,80.69,0.9586,1.1411,0
2017-07-03,-0.028118066108771433,-0.016488349279078385,0.0016941802775427561,-0.010590611348413326,0.012552466071119817,-6.159532070322271e-4,-0.0025387167735217986,0.0018627760741898314,86.77,81.19,0.9632,1.1367,0
2017-07-05,-0.006995259049798808,0.0036971797412901353,0.0023093746087807787,0.009791105545750689,-0.03922071315328113,-0.028118066108771433,-0.016488349279078385,0.0016941802775427561,87.09,80.47,0.9652,1.1336,0
2017-07-06,-0.0012771393817674337,-4.2920297667414786e-4,-0.00918652492155303,-0.009057106687195393,0.0064655397646418145,-0.006995259049798808,0.0036971797412901353,0.0023093746087807787,87.05,79.72,0.9634,1.1409,0
2017-07-07,-0.027860564552622424,-0.010269777423293824,0.0064642001912780245,0.010728072239999165,-0.02281467776617152,-0.0012771393817674337,-4.2920297667414786e-4,-0.00918652492155303,86.59,80.14,0.9644,1.1396,0
2017-07-10,0.005242475964850168,0.0016468042724984144,0.0010733158229863093,0.00651185283492417,0.003291281084072839,-0.027860564552622424,-0.010269777423293824,0.0064642001912780245,86.24,80.56,0.9658,1.1396,0
2017-07-11,0.011049836186585171,0.0012981956905653291,-7.429420846927215e-4,0.002808687165629209,0.015217684970886491,0.005242475964850168,0.0016468042724984144,0.0010733158229863093,86.14,81.59,0.9672,1.143,0
2017-07-12,0.005157974040268076,0.003539826705123872,0.00748666598491976,0.011796383440369596,0.006451635281488954,0.011049836186585171,0.0012981956905653291,-7.429420846927215e-4,87.69,82.48,0.9648,1.1411,0
2017-07-13,-0.012293910905717187,-0.0018115165618102225,0.0016788489499006687,0.0022008457287956418,0.014893892338734283,0.005157974040268076,0.003539826705123872,0.00748666598491976,86.64,82.04,0.9685,1.1385,0
2017-07-14,0.014862955350159357,0.008168926289980227,0.004653259549440847,0.007840961303687166,0.012591981697359866,-0.012293910905717187,-0.0018115165618102225,0.0016788489499006687,88.16,82.08,0.9654,1.1452,0
2017-07-17,0.00957555991957193,0.004443312445790326,-1.22177197813933e-4,4.924202554565937e-4,-0.014706147389695445,0.014862955350159357,0.008168926289980227,0.004653259549440847,88.64,82.82,0.9627,1.147,0
2017-07-18,0.009484737559367407,0.006966893090341486,5.293267494668186e-4,0.006658980902169098,0.009478743954543845,0.00957555991957193,0.004443312445790326,-1.22177197813933e-4,88.69,82.77,0.9526,1.1578,0
2017-07-19,0.001257861801070792,-2.540327715934154e-4,0.005399383867495722,0.005851228730705316,0.015600940442479505,0.009484737559367407,0.006966893090341486,5.293267494668186e-4,88.1,82.11,0.9548,1.1518,0
2017-07-20,0.0012562815722616527,0.0013540963477289836,4.452630161200233e-4,0.001318757782654778,-0.008290202920473444,0.001257861801070792,-2.540327715934154e-4,0.005399383867495722,88.56,80.96,0.9507,1.1634,0
2017-07-21,0.0106151480684602,0.008589526495068611,-8.907243797136033e-4,-4.162619735419426e-4,-0.028497970741450107,0.0012562815722616527,0.0013540963477289836,4.452630161200233e-4,89.43,80.86,0.9468,1.1655,0
2017-07-24,-0.0012430082395971098,4.1916419274912187e-4,-2.4306258981265927e-4,0.004569379315682021,0.01698554636574423,0.0106151480684602,0.008589526495068611,-8.907243797136033e-4,89.03,81.38,0.9456,1.1642,0
2017-07-25,6.216972534716092e-4,-0.0032741497578117063,0.002427971409647789,-0.002559049707225647,0.03211047497077635,-0.0012430082395971098,4.1916419274912187e-4,-2.4306258981265927e-4,88.68,82.03,0.9496,1.1656,0
2017-07-26,0.011124960226654768,0.00804024431856476,4.041628776985107e-5,0.0032495620948340687,0.015174798019235158,6.216972534716092e-4,-0.0032741497578117063,0.002427971409647789,89.01,83.07,0.958,1.1632,0
2017-07-27,-0.0055470096006007275,-7.510327052226984e-4,-9.299881389202014e-4,-0.006301305342730323,0.00999009307508647,0.011124960226654768,0.00804024431856476,4.041628776985107e-5,88.59,83.94,0.9656,1.1656,0
2017-07-28,0.008615437905615142,0.007485064886567194,-0.0011738278249717737,-8.339124875202941e-4,0.010875045388875293,-0.0055470096006007275,-7.510327052226984e-4,-9.299881389202014e-4,89.45,84.25,0.9685,1.1754,0
2017-07-31,0.0067175825132159694,4.970179028758182e-4,-5.671690315711686e-4,-0.004249840931535687,0.010758049966550498,0.008615437905615142,0.007485064886567194,-0.0011738278249717737,89.99,84.78,0.965,1.1826,0
2017-08-01,-0.007943824236460006,-8.285004616412905e-4,0.0022263159633757468,0.0023013364876325326,-0.018655425661501468,0.0067175825132159694,4.970179028758182e-4,-5.671690315711686e-4,90.18,85.46,0.9655,1.1799,0
2017-08-02,-0.00677134012317282,-0.00207425919632076,4.85083686446508e-4,0.0027129507787782003,0.0049431637975194676,-0.007943824236460006,-8.285004616412905e-4,0.0022263159633757468,90.52,85.59,0.9684,1.1861,0
2017-08-03,0.0030835670439879337,0.0015768292407809525,-0.0019417481829107075,-0.003897826331237475,-0.011904902506318482,-0.00677134012317282,-0.00207425919632076,4.85083686446508e-4,92.12,84.66,0.969,1.188,0
2017-08-04,-0.021787354184907404,-0.007825547761118656,0.0018204993194697039,0.0018115946983510156,0.010918222603873318,0.0030835670439879337,0.0015768292407809525,-0.0019417481829107075,92.33,83.86,0.9721,1.1754,0
2017-08-07,-0.002520480225335131,-0.0011707644755931668,0.0018575356657519748,0.00631486085867472,-0.002965894413378134,-0.021787354184907404,-0.007825547761118656,0.0018204993194697039,92.51,84.71,0.9728,1.1788,0
2017-08-08,0.013162208195326208,0.002924345151249952,-0.0024640006003444626,-0.001730882835986769,-0.003968259175620492,-0.002520480225335131,-0.0011707644755931668,0.0018575356657519748,92.85,85.99,0.9766,1.1724,0
2017-08-09,0.027028672387919173,0.012024857752789053,-4.044407595937827e-5,-0.00131747756809375,0.008906540816203012,0.013162208195326208,0.002924345151249952,-0.0024640006003444626,92.96,85.29,0.9649,1.1748,0
2017-08-10,0.012048338516174706,0.007391623667080793,-0.014215835825368117,-0.021673652175743463,-0.023929357145899832,0.027028672387919173,0.012024857752789053,-4.044407595937827e-5,93.7,86.12,0.9647,1.1751,0
2017-08-11,-5.989817489657767e-4,0.004734702722512196,0.0014757729988410517,0.007558401398905623,0.008040244318565648,0.012048338516174706,0.007391623667080793,-0.014215835825368117,94.25,85.73,0.962,1.1811,0
2017-08-14,-0.0017991009350470932,-0.007110487234085028,0.009864344447078288,0.012796035171525055,-0.027398974188114433,-5.989817489657767e-4,0.004734702722512196,0.0014757729988410517,92.53,85.73,0.9714,1.1786,0
2017-08-15,-0.024302532619032036,-0.007739849259568388,-1.2169151216667728e-4,6.945409363785515e-4,0.0030816665374082675,-0.0017991009350470932,-0.007110487234085028,0.009864344447078288,91.93,84.97,0.9718,1.1736,0
2017-08-16,0.025502292810935856,0.007329660156642603,0.0017428315283911644,0.0017342448243802266,-0.018634079544892934,-0.024302532619032036,-0.007739849259568388,-1.2169151216667728e-4,93.4,87.59,0.9744,1.1703,0
2017-08-17,-0.0024009615375377713,0.00507449116418357,-0.01571364699885347,-0.02065827465527903,0.005211059212752112,0.025502292810935856,0.007329660156642603,0.0017428315283911644,93.06,88.13,0.9633,1.1736,1
2017-08-18,-6.011421882265999e-4,-0.001552351306467692,-0.0015644301255761661,-7.078142990870617e-4,0.03573631929613175,-0.0024009615375377713,0.00507449116418357,-0.01571364699885347,93.56,88.4,0.9642,1.1748,0
2017-08-21,-0.0018055978423383579,0.0037541870584085757,7.825209929590571e-4,-0.0012753296329668373,-0.02642430167051346,-6.011421882265999e-4,-0.001552351306467692,-0.0015644301255761661,93.75,89.63,0.9629,1.1814,0
2017-08-22,-6.025911601446055e-4,-0.004490353301625838,0.010402682170764344,0.015127817078539607,0.006160183751457993,-0.0018055978423383579,0.0037541870584085757,7.825209929590571e-4,93.27,88.76,0.9668,1.1762,0
2017-08-23,0.004810592560349658,0.0037569465947511205,-0.0035918405963117905,-0.0035678095840614432,0.011196045705085034,-6.025911601446055e-4,-0.004490353301625838,0.010402682170764344,93.3,89.44,0.9667,1.1802,0
2017-08-24,-0.007224594939630791,-0.0031025498433816523,-0.0023334367357854546,-0.0029477842794083386,-0.017356229456543026,0.004810592560349658,0.0037569465947511205,-0.0035918405963117905,93.33,89.17,0.9646,1.1801,0
2017-08-25,0.005423333569990696,0.003673023759672489,0.0023334367357854546,-0.0021108929875932603,0.004111002706522537,-0.007224594939630791,-0.0031025498433816523,-0.0023334367357854546,93,88.89,0.9574,1.1874,0
2017-08-28,0.02375408600810669,0.01576236004754339,4.0888925240345486e-5,0.0030944535558541375,-0.022822567343645073,0.005423333569990696,0.003673023759672489,0.0023334367357854546,94.33,89.74,0.9554,1.1973,0
2017-08-29,-0.0047943383449866595,-0.0021677179216208486,0.0011442116405069314,0.003924596809736336,-0.007372334602323782,0.02375408600810669,0.01576236004754339,4.0888925240345486e-5,94.92,90.3,0.948,1.2025,0
2017-08-30,0.001855752627657914,-4.8235389632100834e-4,0.004726407364334939,0.011682213381071449,-0.008492620045653876,-0.0047943383449866595,-0.0021677179216208486,0.0011442116405069314,94.53,89.34,0.9583,1.1927,0
2017-08-31,0.011702883710917433,0.011671728951331062,0.0059979916394139465,0.010658515893534393,0.02630346279190121,0.001855752627657914,-4.8235389632100834e-4,0.004726407364334939,95.37,89.61,0.961,1.1894,0
2017-09-01,0.004643072763828915,0.0019056699430803903,0.001413199516482777,-0.0013689256073421419,0.004145083655168413,0.011702883710917433,0.011671728951331062,0.0059979916394139465,96.19,93.76,0.9626,1.1878,0
2017-09-05,0.01151423198737822,0.011044605801183494,-0.007207968036535561,-0.009013098959345989,0.025524611831578614,0.004643072763828915,0.0019056699430803903,0.001413199516482777,96.23,92.15,0.9577,1.1911,0
2017-09-06,-0.002292264614035755,-0.005112686639339614,0.003407987719111105,0.0030363697332811412,0.012024192966801461,0.01151423198737822,0.011044605801183494,-0.007207968036535561,95.77,90.04,0.9537,1.1943,0
2017-09-07,0.014241197677567818,0.010355470274676648,-1.2151406540272802e-4,0.0023399873030989227,-9.96512289738849e-4,-0.002292264614035755,-0.005112686639339614,0.003407987719111105,96.98,91.6,0.9498,1.2028,0
2017-09-08,-0.006241155010491273,-0.0012495120719799857,-0.0011753978453246106,-0.008699309211391615,-0.03036670577593048,0.014241197677567818,0.010355470274676648,-1.2151406540272802e-4,96.38,89.45,0.9456,1.2041,0
2017-09-11,-0.013753798471491496,-0.014007153784685755,0.010609430078683424,0.011445243524143223,0.009207226168460814,-0.006241155010491273,-0.0012495120719799857,-0.0011753978453246106,94.5,89.49,0.9533,1.1964,0
2017-09-12,0.006900544920921625,0.002927796354525114,0.003364983345822914,0.002396522767047493,0.005078731079015686,-0.013753798471491496,-0.014007153784685755,0.010609430078683424,94.48,91.41,0.9596,1.1968,0
2017-09-13,-0.007477745514147038,-0.0075346353201828364,4.7978890209066094e-4,0.0013668673533269171,0.020060853285080782,0.006900544920921625,0.002927796354525114,0.003364983345822914,93.5,89.67,0.9639,1.1898,0
2017-09-14,0,0.004369073955621694,-3.1983368920940336e-4,-0.005890831474537173,0.005940611530121043,-0.007477745514147038,-0.0075346353201828364,4.7978890209066094e-4,93.75,88.62,0.966,1.1886,0
2017-09-15,-0.008698228224905069,-0.005006168824666091,-0.003605195380576909,0.0034291234480043897,0.0068864020296333095,0,0.004369073955621694,-3.1983368920940336e-4,92.45,88.09,0.9594,1.1959,0
2017-09-18,-0.021784788500170738,-0.00936418863956412,0.0021246324963257734,-0.0034978260003315498,-0.0029455102297566427,-0.008698228224905069,-0.005006168824666091,-0.003605195380576909,91.7,89.68,0.963,1.1938,0
2017-09-19,0.0059347355198142715,0.0020885219255228904,0.0010006204681269892,0.0017161493829256358,-0.005917177028088805,-0.021784788500170738,-0.00936418863956412,0.0021246324963257734,90.85,86.99,0.9628,1.198,0
2017-09-20,-0.010110106930294904,-0.008056762884947943,3.599784051839805e-4,-0.0030911925696726072,0.012776586578981952,0.0059347355198142715,0.0020885219255228904,0.0010006204681269892,89.96,87.19,0.9617,1.1998,0
2017-09-21,-0.00960968356026104,-0.007633004985076575,-0.002682952855747267,-0.006141974382184223,9.760859730554294e-4,-0.010110106930294904,-0.008056762884947943,3.599784051839805e-4,89.52,87.28,0.9692,1.1946,0
2017-09-22,0,0.004554334482415712,2.0046909835969018e-4,-9.695963083871106e-4,-9.760859730554294e-4,-0.00960968356026104,-0.007633004985076575,-0.002682952855747267,89.03,88.04,0.9694,1.1969,0
2017-09-25,0.010207233622857359,0.010412977004590651,-0.0020466728656494126,-0.010588006408829287,0.029824240310713623,0,0.004554334482415712,2.0046909835969018e-4,89.83,87.13,0.9682,1.1852,0
2017-09-26,-0.018692133012152112,-0.011224731249993347,6.023975604341203e-4,0.002587685466751921,-0.005703437513869591,0.010207233622857359,0.010412977004590651,-0.0020466728656494126,88.5,87.57,0.9706,1.1772,0
2017-09-27,-0.004881034705914278,-0.009464822614753565,0.0038867678606617773,0.008969917250464476,0.0028557849013579606,-0.018692133012152112,-0.011224731249993347,6.023975604341203e-4,88.03,88.79,0.9745,1.1747,0
2017-09-28,0.005489492284771469,0.001883779581598688,0.0011990409110405054,-3.4617648422674563e-4,-0.008591938296882873,-0.004881034705914278,-0.009464822614753565,0.0038867678606617773,88.23,89.04,0.971,1.1776,0
2017-09-29,-0.011009285508369437,-0.005168394129333009,0.0035089154388758814,0.0071759088027363305,0,0.005489492284771469,0.001883779581598688,0.0011990409110405054,87.24,89.65,0.9688,1.1813,0
2017-10-02,-0.004932192489318865,-0.006684572033292646,0.00432926899989905,8.933787489011635e-4,-0.021318636836106464,-0.011009285508369437,-0.005168394129333009,0.0035089154388758814,87.22,87.13,0.9737,1.1745,0
2017-10-03,0.0030854698961539917,4.966887519328722e-4,0.0021378526690236654,0.00212714939369274,-0.002942621054197847,-0.004932192489318865,-0.006684572033292646,0.00432926899989905,87.05,87.82,0.9734,1.1759,0
2017-10-04,-0.0018501392881615786,0.002809919204215028,0.0011857240233528188,9.591669685757864e-4,-0.009871748479154174,0.0030854698961539917,4.966887519328722e-4,0.0021378526690236654,87.43,88.46,0.9756,1.176,0
2017-10-05,6.170935092466578e-4,-0.0053788039813307265,0.005907622238185084,0.009744872509124036,0.016724442941194795,-0.0018501392881615786,0.002809919204215028,0.0011857240233528188,87.25,89.95,0.9792,1.1706,0
2017-10-06,0.009822055635458682,0.0047183565041741815,-0.0011394221612688327,0.0013553810695148272,-0.027697121610670283,6.170935092466578e-4,-0.0053788039813307265,0.005907622238185084,87.3,88.16,0.9777,1.1732,0
2017-10-10,0.019958328039666018,0.01076029931195066,9.823376494786373e-4,-4.064214646470887e-4,0.030619676053272205,0.009822055635458682,0.0047183565041741815,-0.0011394221612688327,89.12,89.43,0.9744,1.1804,0
2017-10-11,0.0059701669865037665,0.003181209094195836,0.0015697358218966784,0.0029765953515834553,0.007751976804317717,0.019958328039666018,0.01076029931195066,9.823376494786373e-4,89.08,91.86,0.9732,1.1847,0
2017-10-12,0,8.140671240841613e-4,-0.0014911904815591015,-0.0018254966024127128,-0.012627656867801651,0.0059701669865037665,0.003181209094195836,0.0015697358218966784,89.59,93.01,0.976,1.184,0
2017-10-13,0.010068192836921508,0.0075392517945802595,0.0012166645273277155,0.0038499253928696575,0.013592442277900574,0,8.140671240841613e-4,-0.0014911904815591015,90.24,94.49,0.9745,1.1837,0
2017-10-16,-0.010068192836921508,-0.006888474906729947,0.001332706374737036,0.003432151153372587,0.008641436395341096,0.010068192836921508,0.0075392517945802595,0.0012166645273277155,88.83,93.2,0.9735,1.181,0
2017-10-17,-0.010772096981911172,-0.006854372001359188,7.048320442155642e-4,0.0012756388315482425,0.0028639637714289456,-0.010068192836921508,-0.006888474906729947,0.001332706374737036,89.28,93.68,0.9804,1.1754,0
2017-10-18,-0.0024096397201534003,-0.003773589383638587,9.781099784085256e-4,-0.001208459361568437,-9.537435153097462e-4,-0.010772096981911172,-0.006854372001359188,7.048320442155642e-4,88,91.52,0.9817,1.1775,0
2017-10-19,0.013776797713375366,0.00590020559488913,2.7369944062449747e-4,-0.0037015891778935384,-0.012482159181518071,-0.0024096397201534003,-0.003773589383638587,9.781099784085256e-4,88.25,91.86,0.9751,1.1842,0
2017-10-20,-0.011367157993221966,-0.006393464401338811,0.005147213547738616,0.0026934229467210358,0.007699749301302905,0.013776797713375366,0.00590020559488913,2.7369944062449747e-4,88.29,93.13,0.9844,1.177,0
2017-10-23,0.003603607503298356,0.001561152282888223,-0.003896969196564015,-0.006544128600000754,-9.592326874598989e-4,-0.011367157993221966,-0.006393464401338811,0.005147213547738616,88.54,91.51,0.9862,1.1762,0
2017-10-24,-0.007824295107528467,-0.0038662492120149494,0.0017555156945743278,0.0016907318131647031,0.011450506787995085,0.003603607503298356,0.001561152282888223,-0.003896969196564015,88.25,92.27,0.989,1.1766,0
2017-10-25,-0.0012091899901389702,1.6482610882828652e-4,-0.004962401508997516,-0.0037912170520275623,-0.00570886422032002,-0.007824295107528467,-0.0038662492120149494,0.0017555156945743278,88.21,91.86,0.9888,1.1802,0
2017-10-26,-0.00972652044988953,-0.008440963722538442,0.0012918128276666607,-0.0031930459548581425,0.008551120989250371,-0.0012091899901389702,1.6482610882828652e-4,-0.004962401508997516,87.63,92.98,0.995,1.17,0
2017-10-27,0.0036585406661333586,0.004725789170675121,0.008142955013660469,0.028707538115861908,0.025223196129353642,-0.00972652044988953,-0.008440963722538442,0.0012918128276666607,87.5,92.8,0.999,1.158,0
2017-10-30,6.084575788571911e-4,0.0019005914079643915,-0.003732072908561257,0.002245559361150562,0.002763705121617832,0.0036585406661333586,0.004725789170675121,0.008142955013660469,87.79,92.41,0.9969,1.1626,0
2017-10-31,-0.0073260400920731605,-0.003804801943201319,0.0015567234122570994,0.0037533379590968252,0.005504601055329239,6.084575788571911e-4,0.0019005914079643915,-0.003732072908561257,87.71,93.81,0.9968,1.1648,0
2017-11-01,0.024812165462771762,0.00363967644744978,0.0013213121773132386,-3.286770777330972e-4,-0.0027485129533491026,-0.0073260400920731605,-0.003804801943201319,0.0015567234122570994,89.09,95.75,1.0014,1.1618,0
2017-11-02,-0.0017947955760231338,6.603384474361818e-4,3.8828920267253153e-4,-0.0019084603206227513,0.0082229791804318,0.024812165462771762,0.00363967644744978,0.0013213121773132386,88.3,95.02,0.9977,1.1672,0
2017-11-03,-0.015083242211328507,-0.004714453957554987,0.0033330780411375827,0.009571333066192622,0.01714069931142337,-0.0017947955760231338,6.603384474361818e-4,3.8828920267253153e-4,87.85,95.32,1.0002,1.1616,0
2017-11-06,0.022837530991333566,0.00850296120669114,0.0015464917058620742,0.0033869634410157445,0.029089755006838303,-0.015083242211328507,-0.004714453957554987,0.0033330780411375827,89.06,95.42,0.999,1.16,0
2017-11-07,-0.017381318607169405,-0.0036234907471115463,-6.956253178946881e-4,5.850424322622061e-4,-0.0017391308731271593,0.022837530991333566,0.00850296120669114,0.0015464917058620742,88.04,95.07,0.9996,1.1577,0
2017-11-08,0.003018414606807962,0.0034590711479243197,0.0016995639302885834,0.004021018453705949,-0.006986927986679881,-0.017381318607169405,-0.0036234907471115463,-6.956253178946881e-4,88.8,96.84,0.9997,1.1591,0
2017-11-09,0,0.0041024015526520685,-0.003634399299001778,-0.005256509718579494,0.0043725474126090624,0.003018414606807962,0.0034590711479243197,0.0016995639302885834,89.48,96.62,0.9958,1.1648,0
2017-11-13,0.001204819422850445,-0.006736798400168276,6.195547148806213e-4,0.0011705034500657518,-0.007005282588408601,0,0.0041024015526520685,-0.003634399299001778,88.98,94.31,0.9975,1.1656,0
2017-11-14,-6.022282627058395e-4,0.002058715265763844,-0.0023253120581081532,-0.0036460747469240218,-0.022213263410731265,0.001204819422850445,-0.006736798400168276,6.195547148806213e-4,88.34,94.13,0.9914,1.1764,0
2017-11-15,-0.0024125464053841306,-0.001234720492708341,-0.00501780619901826,-0.0047074294187181565,-0.0036003639251780406,-6.022282627058395e-4,0.002058715265763844,-0.0023253120581081532,88.96,94.05,0.9902,1.1794,0
2017-11-16,0.006020487781583039,-8.236893048607641e-5,0.008465083748649072,0.012698376601793626,-0.001805054641729864,-0.0024125464053841306,-0.001234720492708341,-0.00501780619901826,88.97,94.4001,0.9926,1.1772,0
2017-11-17,0.011933315835012781,0.01195461711038348,-0.00294300088501398,-0.003825088134928656,0.024978997206865916,0.006020487781583039,-8.236893048607641e-5,0.008465083748649072,90.8,95.14,0.9882,1.1799,0
2017-11-20,-0.020372184480877298,-0.012696242952952908,0.0017048981191027934,-7.797778028493241e-4,-0.006186497857498807,0.011933315835012781,0.01195461711038348,-0.00294300088501398,88.21,94.69,0.9923,1.1741,0
2017-11-21,6.051437401008997e-4,0.001647311137691787,0.006521468635607874,0.01079763505162834,0.010582109330536937,-0.020372184480877298,-0.012696242952952908,0.0017048981191027934,88.94,95.56,0.9916,1.1741,0
2017-11-22,0.01142869582362227,0.009175127853414011,-8.850409428120543e-4,0.0012211190822943863,0.017391742711869274,6.051437401008997e-4,0.001647311137691787,0.006521468635607874,89.65,95.99,0.9838,1.1789,0
2017-11-24,-0.005998818229253189,-0.0025311301531276698,0.002307160909595929,0.0036544358670154153,0.01624661643696035,0.01142869582362227,0.009175127853414011,-8.850409428120543e-4,89.76,95.15,0.9788,1.1936,0
2017-11-27,6.015037775339849e-4,0.004160723930196397,-4.994333456354028e-4,-4.480716989672118e-4,-0.017109057197619126,-0.005998818229253189,-0.0025311301531276698,0.002307160909595929,90.34,96.06,0.9804,1.1911,0
2017-11-28,-0.011490903576802047,-1.6283992871013453e-4,0.01009375803644108,0.0025577096877205108,-8.631852068110568e-4,6.015037775339849e-4,0.004160723930196397,-4.994333456354028e-4,90.51,98.16,0.9831,1.1878,0
2017-11-29,-0.017178336535084604,-0.00628958577382388,-6.088511927497819e-4,-0.017587826526562544,-0.00954454100356994,-0.011490903576802047,-1.6283992871013453e-4,0.01009375803644108,89.68,96.79,0.9837,1.1858,0
2017-11-30,-0.00745345065458114,-0.007732209289422087,0.008716798921057034,0.008349292863599977,0,-0.017178336535084604,-0.00628958577382388,-6.088511927497819e-4,89.95,96.21,0.9838,1.1898,0
2017-12-01,6.232471376566018e-4,0.004038078749280416,-0.0020775499946221743,-0.004263021570430681,0.017286515157185267,-0.00745345065458114,-0.007732209289422087,0.008716798921057034,89.65,97.44,0.9762,1.191,1
2017-12-04,-0.006250020345171414,-0.0033776857914844527,-0.0012107455130188072,-0.011588671358867764,-0.015544354437800223,6.232471376566018e-4,0.004038078749280416,-0.0020775499946221743,88.39,94.71,0.9858,1.1848,0
2017-12-05,-0.013889112160667239,-0.007122183315313002,-0.003603060807256142,6.546216520755266e-4,0.004342169219289094,-0.006250020345171414,-0.0033776857914844527,-0.0012107455130188072,87.41,93.88,0.9868,1.182,0
2017-12-06,-0.008298802814695083,-0.0020799541589031634,1.8995877951599738e-4,0.004505247410085289,-0.029905482778904702,-0.013889112160667239,-0.007122183315313002,-0.003603060807256142,86.12,94.85,0.9904,1.1788,0
2017-12-07,-0.015504186535965303,-0.013246337213978165,0.0031480559270988806,0.003381897083852614,0.011540296738866473,-0.008298802814695083,-0.0020799541589031634,1.8995877951599738e-4,85.38,96.8512,0.9921,1.179,0
2017-12-08,0.006489315439750065,-8.439886910505123e-5,0.005438285241103458,0.0044052934679159605,0.014023016820749135,-0.015504186535965303,-0.013246337213978165,0.0031480559270988806,84.75,96.07,0.9928,1.1761,0
2017-12-11,-0.007140569126069973,-0.0039748033218858225,0.0030085389922174244,0.00772701848471069,0.00952800625165473,0.006489315439750065,-8.439886910505123e-5,0.005438285241103458,84.75,96.41,0.99,1.1802,0
2017-12-12,-6.516780940959421e-4,0.0011856369952596424,0.0017633049645597865,-0.0013479253621477838,-0.013889112160667239,-0.007140569126069973,-0.0039748033218858225,0.0030085389922174244,83.96,96.71,0.9926,1.1725,0
2017-12-13,0.020645894623546823,0.0085960414697972,-1.1245853103503123e-4,0.0019250519291942325,-0.009661910911736626,-6.516780940959421e-4,0.0011856369952596424,0.0017633049645597865,84.68,97.07,0.9894,1.1762,0
2017-12-14,-0.008980175807584256,-0.002015960363560332,-0.004094594477505709,-7.054221602684763e-4,0.008787402766804231,0.020645894623546823,0.0085960414697972,-1.1245853103503123e-4,84.2194,98.736,0.99,1.1778,0
2017-12-15,0.008980175807584256,0.002099870579678864,0.0031944706497126774,0.011290905520561445,0.0026212334798740855,-0.008980175807584256,-0.002015960363560332,-0.004094594477505709,85.18,97.7807,0.9903,1.1778,0
2017-12-18,0.004460026507529413,0.0046042524099192406,0.006321204493508148,0.006260098220470134,-0.00174672533494169,0.008980175807584256,0.002099870579678864,0.0031944706497126774,86.77,97.22,0.9856,1.1804,0
2017-12-19,0,7.514089270266311e-4,-0.0038478109375486014,-0.00594299024254763,0.0061002367821396675,0.004460026507529413,0.0046042524099192406,0.006321204493508148,87.2,97.88,0.9857,1.1822,0
2017-12-20,0.002539683904760892,0.0026671127662361016,-5.241482710793832e-4,-0.0010785776511150758,0.008650572976008686,0,7.514089270266311e-4,-0.0038478109375486014,87.59,98.11,0.9859,1.1881,0
2017-12-21,-0.002539683904760892,0.0014140156234185852,0.002057575406523071,1.2695188540590152e-4,0.0025806465934916645,0.002539683904760892,0.0026671127662361016,-5.241482710793832e-4,87.3531,99.08,0.989,1.1872,0
2017-12-22,0.012320484388040676,0.00522280979963341,-2.6163823057512303e-4,-0.0011431475905103738,0.0017167386190544143,-0.002539683904760892,0.0014140156234185852,0.002057575406523071,87.5,99.23,0.9898,1.1839,0
2017-12-26,0.012170535620255496,0.006839464673848994,-0.0011969330024461655,-0.005415923270561507,0.024567097455173492,0.012320484388040676,0.00522280979963341,-2.6163823057512303e-4,87.9,100.2,0.9891,1.1867,0
2017-12-27,0.009262184152464048,0.0037704962702553857,4.864268304176633e-4,1.2777103448069482e-4,-0.002513616740316138,0.012170535620255496,0.006839464673848994,-0.0011969330024461655,87.76,101.4723,0.987,1.1902,0
2017-12-28,0.008567983871052842,0.005059583178017135,0.0020553455543659283,0.0012130112892840827,0.0041858579326783385,0.009262184152464048,0.0037704962702553857,4.864268304176633e-4,88.29,102.14,0.9774,1.1952,0
2017-12-29,0.006680862990832814,0.006490895000236918,-0.003777611882960663,-0.006208218602032467,0.0033361165220102684,0.008567983871052842,0.005059583178017135,0.0020553455543659283,88.47,101.55,0.9738,1.2022,0
2018-01-02,0.013826490178243223,0.012058023910357818,0.007131818963322267,0.01737513878039021,0.004983399017548074,0.006680862990832814,0.006490895000236918,-0.003777611882960663,90.05,104.45,0.9718,1.205,0
2018-01-03,-0.002390915663772919,-0.0026403183718866075,0.00630519112831518,0.00966979781356514,0.022122983367801385,0.013826490178243223,0.012058023910357818,0.007131818963322267,91.3,103.43,0.9762,1.203,0
2018-01-04,0.0035842332278148703,0.005114283162700239,0.0042060274520840935,0.0017481430436827594,0.002428167927154945,-0.002390915663772919,-0.0026403183718866075,0.00630519112831518,91.96,104.87,0.9753,1.2064,0
2018-01-05,0,-0.001036724045166082,0.0066418606458498175,0.009992945397518938,-0.0048622462080345485,0.0035842332278148703,0.005114283162700239,0.0042060274520840935,92.39,104.4,0.9752,1.2039,0
2018-01-08,-0.005081463631780192,-1.5959144623689525e-4,0.0018270184495312591,0.0038832606508139023,0.005670327060088187,0,-0.001036724045166082,0.0066418606458498175,92.74,105,0.9762,1.1973,0
2018-01-09,-0.007519963246223504,-0.004639266039576206,0.002260876870136208,6.151764020234651e-5,0.015230755345705838,-0.005081463631780192,-1.5959144623689525e-4,0.0018270184495312591,92.1,105.3,0.9832,1.1922,0
2018-01-10,-0.001208459361568437,0.0024023073692909236,-0.0015310031058906048,-0.002340334873705885,0.008712926406923671,-0.007519963246223504,-0.004639266039576206,0.002260876870136208,92.53,103.51,0.978,1.1958,0
2018-01-11,6.044122275268293e-4,0.003273848095188825,0.007269587117652243,0.006820931597807167,0.001576044455465997,-0.001208459361568437,0.0024023073692909236,-0.0015310031058906048,93.75,103.5,0.9748,1.2035,0
2018-01-12,0.01618255272172986,0.012044519616056348,0.006497748657519509,0.007322016969848022,0.013297028143489431,6.044122275268293e-4,0.003273848095188825,0.007269587117652243,94.81,107.13,0.9713,1.213,0
2018-01-16,-0.0017851834553526125,0.0016526978145012805,-0.003424105419774115,-0.0028614064758016866,-0.008583743691391366,0.01618255272172986,0.012044519616056348,0.006497748657519509,95.22,104.74,0.9618,1.2244,1
2018-01-17,-0.011380775726951509,-0.008132372797150289,0.009486578026182357,0.010733555643109405,0.001566171032744812,-0.0017851834553526125,0.0016526978145012805,-0.003424105419774115,95.3,106.68,0.9616,1.2229,1
2018-01-18,-0.004830927269665608,-0.0022222231367168277,-0.0016823270187042993,1.809354366981708e-4,-0.001566171032744812,-0.011380775726951509,-0.008132372797150289,0.009486578026182357,95.33,105.21,0.9586,1.2238,0
2018-01-19,0.004228336109521003,0.00443951894536454,0.004539369782103009,0.0031310237524690976,-0.0031397200046678897,-0.004830927269665608,-0.0022222231367168277,-0.0016823270187042993,96.52,105.43,0.9612,1.2238,0
2018-01-22,-6.029544952044219e-4,0.0018176794035316135,0.00809807302417287,0.01064412369637413,0.004705891037412702,0.004228336109521003,0.00443951894536454,0.004539369782103009,94.9,104.7892,0.9636,1.223,0
2018-01-23,0.0024096397201534003,0.004962007581847061,0.002120217056313045,0.008233911993479559,0.014757549378964008,-6.029544952044219e-4,0.0018176794035316135,0.00809807302417287,95.82,104.46,0.9598,1.2277,0
2018-01-24,0.029640581286293877,0.012104321773902527,-3.883700862621353e-4,-0.006510439662432255,0.01909183609518772,0.0024096397201534003,0.004962007581847061,0.002120217056313045,96.81,106.34,0.9452,1.239,0
2018-01-25,-0.01530341813988656,-0.00669784435392895,4.2366897964551953e-4,-3.56336860879658e-4,-0.012176710575255267,0.029640581286293877,0.012104321773902527,-3.883700862621353e-4,96.63,104.63,0.9357,1.2488,0
2018-01-26,0.006503126672425363,7.811279884757383e-4,0.011511322451985606,0.015208970361093144,0.013688426660577235,-0.01530341813988656,-0.00669784435392895,4.2366897964551953e-4,96.48,104.09,0.9342,1.2422,0
2018-01-29,-0.013048820975059439,-0.0056377880125149105,-0.006651986857385772,-0.004867616566360589,-0.009867252733253729,0.006503126672425363,7.811279884757383e-4,0.011511322451985606,95.9095,103.63,0.938,1.2352,0
2018-01-30,-0.0041878613404748855,-0.0043281594223403275,-0.010310097683174924,-0.008264509849893464,-0.016147986407982096,-0.013048820975059439,-0.0056377880125149105,-0.006651986857385772,94.71,100.74,0.9355,1.239,1
2018-01-31,0.013694765979888501,0.006681101684367974,4.967533721709216e-4,0.004140792666031956,0.006182399908317482,-0.0041878613404748855,-0.0043281594223403275,-0.010310097683174924,95.35,98.02,0.9321,1.2428,0
2018-02-01,-0.005931215489964892,0.003284845750487264,-0.001135799085685285,-0.008536926401961686,0.019832839232918342,0.013694765979888501,0.006681101684367974,4.967533721709216e-4,95.93,99.02,0.9288,1.2482,0
2018-02-02,-0.03819803579017833,-0.013204624778945906,-0.022010475115656014,-0.02014681607699842,-0.015220994010355593,-0.005931215489964892,0.003284845750487264,-0.001135799085685285,94.15,99.53,0.932,1.2446,1
2018-02-05,0.006161448944048686,0.0025286461517826098,-0.042722207446439064,-0.04022480131050976,-0.02092288645405871,-0.03819803579017833,-0.013204624778945906,-0.022010475115656014,94.33,97.98,0.9366,1.2418,1
2018-02-06,-0.006161448944048686,-0.01055188496499504,0.01951061776701568,0.026153848488494447,-0.005496676579902271,0.006161448944048686,0.0025286461517826098,-0.042722207446439064,94.13,96.37,0.9368,1.2381,1
2018-02-07,-0.01619973121410867,-0.004716801326059006,-0.005439655738067373,-0.013022632258356204,-0.026327807060149144,-0.006161448944048686,-0.01055188496499504,0.01951061776701568,93.31,93.86,0.9438,1.2281,1
2018-02-08,0.0031357818106840796,0.001521399981172955,-0.03823043142460314,-0.0431106735928779,-0.022895521777695382,-0.01619973121410867,-0.004716801326059006,-0.005439655738067373,92.7,91.5,0.9386,1.2238,1
2018-02-09,-0.003764119877225802,-0.0016816820780061192,0.014909836428346424,0.017122046455641637,-0.019207271057121833,0.0031357818106840796,0.001521399981172955,-0.03823043142460314,91.76,93.12,0.9393,1.2226,1
2018-02-12,0.012492354839187758,0.004797322705003992,0.014577738983792443,0.017589430210545487,0.0025263171331109113,-0.003764119877225802,-0.0016816820780061192,0.014909836428346424,92.5506,94.05,0.9392,1.2267,1
2018-02-13,0.0024798524797824406,0.005647260981635149,0.00248428629292885,0.005148178120843561,-0.0016835020811138968,0.012492354839187758,0.004797322705003992,0.014577738983792443,92.76,94.1799,0.9335,1.2363,1
2018-02-14,0.01901314558025824,0.016908900361455537,0.013405977580397632,0.018550645186248715,0.025781053660174358,0.0024798524797824406,0.005647260981635149,0.00248428629292885,95.1,95.65,0.9319,1.2396,1
2018-02-15,-6.077180375427815e-4,0.0011690894126070717,0.01267939289527753,0.01839384339349337,0.012240054894502084,0.01901314558025824,0.016908900361455537,0.013405977580397632,95.5,97.17,0.9232,1.2482,1
2018-02-16,-0.011002555980434536,-0.003276900802314131,2.9296517586008264e-4,-0.004475904163867561,0.004046950080197398,-6.077180375427815e-4,0.0011690894126070717,0.01267939289527753,95.77,99.85,0.9258,1.2442,1
2018-02-20,-0.013614071654921567,-0.013532857983753921,-0.006280897032465482,0.0019984866606117535,8.074283846006836e-4,-0.011002555980434536,-0.003276900802314131,2.9296517586008264e-4,95.25,98.57,0.9354,1.2348,1
2018-02-21,0.00186741417479519,-0.00460501012276282,-0.004986620361869143,-0.002847537594024452,-0.008103772063107417,-0.013614071654921567,-0.013532857983753921,-0.006280897032465482,94.22,97.3,0.9375,1.2314,1
2018-02-22,0.0068175039387239345,0.005080182381644427,0.0012952171299094317,-1.2135185986572594e-4,0.024116924478312374,0.00186741417479519,-0.00460501012276282,-0.004986620361869143,94.94,99,0.9345,1.2326,1
2018-02-23,-0.00495357050066092,-0.0012676281209405005,0.01581365161894155,0.020242755059286743,0.014195821988192137,0.0068175039387239345,0.005080182381644427,0.0012952171299094317,94.82,99.72,0.9356,1.2298,1
2018-02-26,0.006188138558701706,0.0024545718804693806,0.011545340960707584,0.01317324186055746,0.0070230487650251305,-0.00495357050066092,-0.0012676281209405005,0.01581365161894155,95.12,101.3,0.9388,1.2296,0
2018-02-27,-0.01241480873896128,-0.010493776239010266,-0.012565117426691863,-0.012459932670234153,-0.01646450363594365,0.006188138558701706,0.0024545718804693806,0.011545340960707584,93.6,98.95,0.9398,1.2239,1
2018-02-28,-0.0012500001627606672,-0.001039459574662338,-0.01018174632423463,-0.0064381742504036055,-0.022383028769132896,-0.01241480873896128,-0.010493776239010266,-0.012565117426691863,93.53,99.4202,0.943,1.2211,1
2018-03-01,0.005612736904957227,-0.002242512552780518,-0.014647522471224583,-0.016461525207777328,-0.001618123330410448,-0.0012500001627606672,-0.001039459574662338,-0.01018174632423463,91.97,94.1,0.9461,1.2216,1
2018-03-02,0.0012430082395971098,0.005357655452925769,0.005141782631097769,0.009138563311327452,0.001618123330410448,0.005612736904957227,-0.002242512552780518,-0.014647522471224583,92,94.69,0.9378,1.2314,1
2018-03-05,-0.00560574498179367,-0.001676178705891651,0.0114916186922418,0.011024016741959741,0.01762866165185928,0.0012430082395971098,0.005357655452925769,0.005141782631097769,91.51,93.63,0.9397,1.233,1
2018-03-06,0.01917782252733735,0.010726732704616992,0.0025317862607439068,0.00422154802411967,-0.0015898254540998025,-0.00560574498179367,-0.001676178705891651,0.0114916186922418,92.2,93.85,0.9385,1.2415,0
2018-03-07,-0.01668249995993598,-0.006422222271805111,-3.6652861166164286e-4,0.0023113175904292405,-0.017656959528169924,0.01917782252733735,0.010726732704616992,0.0025317862607439068,90.65,92.48,0.9426,1.2397,0
2018-03-08,0.00186741417479519,-0.0023891068144923366,0.00482739381001096,0.005490140417226286,-0.016326893287428756,-0.01668249995993598,-0.006422222271805111,-3.6652861166164286e-4,90.61,92.82,0.9499,1.2314,0
2018-03-09,0.005581409838195661,9.563277745110454e-4,0.017252720103487107,0.01924145422191703,0.02599658990538778,0.00186741417479519,-0.0023891068144923366,0.00482739381001096,91.73,94.74,0.9493,1.2326,1
2018-03-12,-0.0024767814518984466,0,-0.0012558533378808079,0.00529894109379736,-0.008051573287548575,0.005581409838195661,9.563277745110454e-4,0.017252720103487107,91.7479,93.05,0.9489,1.2318,0
2018-03-13,6.197707046853296e-4,0.0019099162259719193,-0.0064837054454329746,-0.013707956341866279,-0.010564909320216476,-0.0024767814518984466,0,-0.0012558533378808079,91.89,94.25,0.9437,1.2398,1
2018-03-14,-6.197707046853296e-4,-6.36233519156093e-4,-0.0051447524803514,-1.7472844332289128e-4,0.0032626456348161526,6.197707046853296e-4,0.0019099162259719193,-0.0064837054454329746,91.62,94.13,0.9461,1.2362,1
2018-03-15,-0.01059530011545462,-0.006384698464669825,-0.0010903144819902622,-8.741004606545033e-4,0.004874095758245378,-6.197707046853296e-4,-6.36233519156093e-4,-0.0051447524803514,90.768,94.13,0.9502,1.2321,0
2018-03-16,-0.0025094116054256155,-0.0024048107781791117,-0.002913330538357961,-0.002977669693924767,0.01687464710055142,-0.01059530011545462,-0.006384698464669825,-0.0010903144819902622,90.38,94.62,0.9532,1.228,0
2018-03-19,-6.283380665417226e-4,0.0021645897737014863,-0.013622638101741913,-0.02318807312646065,0,-0.0025094116054256155,-0.0024048107781791117,-0.002913330538357961,90.72,94.09,0.9509,1.2329,1
2018-03-20,-0.007571014082144778,-0.004494750323430274,0.0016991729856510318,0.0032860373108896113,0.02050545033084994,-6.283380665417226e-4,0.0021645897737014863,-0.013622638101741913,89.82,93.43,0.9549,1.2271,0
2018-03-21,0.025016939421993456,0.017305747097593027,-0.0019210172518864255,-0.00436381718888601,0.028474413165718193,-0.007571014082144778,-0.004494750323430274,0.0016991729856510318,91.32,94.19,0.954,1.2268,1
2018-03-22,-0.013055827351415417,-0.003961028707434089,-0.02531496351557294,-0.024992202154911602,-0.0176047409288147,0.025016939421993456,0.017305747097593027,-0.0019210172518864255,90.43,93.71,0.9491,1.231,1
2018-03-23,0.008102256850754497,0.012855573552101873,-0.02154495664992684,-0.02670477075863875,0.025163355902741102,-0.013055827351415417,-0.003961028707434089,-0.02531496351557294,90.24,92.79,0.9465,1.236,1
2018-03-26,0.009882724042063362,0.005236637079069517,0.0269914696032858,0.03648479981227837,-0.005285025514053743,0.008102256850754497,0.012855573552101873,-0.02154495664992684,90.67,92.77,0.9442,1.244,1
2018-03-27,-0.010503649240529267,-0.006177444674923649,-0.017158169507277776,-0.03289526228259021,-0.009889772505181416,0.009882724042063362,0.005236637079069517,0.0269914696032858,89.8,92.42,0.9474,1.241,1
2018-03-28,-0.01375881617142749,-0.013901179544940412,-0.0029590936796815015,-0.011570324758939599,-0.0030627895305457287,-0.010503649240529267,-0.006177444674923649,-0.017158169507277776,89.15,91.95,0.9538,1.2351,1
2018-03-29,0.003771217543079075,4.770992456908374e-4,0.012696640788724345,0.01814908975383478,0.0038270234233017675,-0.01375881617142749,-0.013901179544940412,-0.0029590936796815015,88.65,90.53,0.956,1.2297,1
2018-04-02,0.01556209432747524,0.01161838795386494,-0.021821003337583633,-0.02927594710113901,-0.027101929777791245,0.003771217543079075,4.770992456908374e-4,0.012696640788724345,89,89.03,0.9558,1.2288,1
2018-04-03,-0.012117594288062694,-0.0075722084482006125,0.01273558429891164,0.01119044833012417,0.005479465764625768,0.01556209432747524,0.01161838795386494,-0.021821003337583633,88.21,88.73,0.959,1.2261,1
2018-04-04,-0.006586192852856776,0.00118694375952888,0.010642253284503411,0.01564700692587273,7.80335583880909e-4,-0.012117594288062694,-0.0075722084482006125,0.01273558429891164,87.27,88.25,0.9595,1.2292,1
2018-04-05,0.005647959789504053,-0.005153628849633662,0.00786096262689373,0.005680592072624613,7.797271350211687e-4,-0.006586192852856776,0.00118694375952888,0.010642253284503411,86.83,86.2,0.9633,1.223,0
2018-04-06,-0.001879111107275122,0.004679020392694078,-0.022537881032226537,-0.025341749471296637,-0.02525785414872539,0.005647959789504053,-0.005153628849633662,0.00786096262689373,87.15,85.85,0.9602,1.2274,1
2018-04-09,0.008739131773438213,0.0033963936128511563,0.004916279682407598,0.006998374408811792,0.020570345565628312,-0.001879111107275122,0.004679020392694078,-0.022537881032226537,88.8,88.57,0.9574,1.232,1
2018-04-10,0.00395735510470141,0.002362763956575087,0.01577529626044516,0.02182315238852439,0.03689888238778316,0.008739131773438213,0.0033963936128511563,0.004916279682407598,88.53,90.64,0.9574,1.2338,1
2018-04-11,0.004706065417506622,0.007757747639881352,-0.005256104819663321,-0.005785577119962859,0.014981553615617038,0.00395735510470141,0.002362763956575087,0.01577529626044516,88.74,91.72,0.9578,1.2384,0
2018-04-12,-0.0105296730078841,-0.011698794752361685,0.008193517491371871,0.011969506294079224,0.005190964566969658,0.004706065417506622,0.007757747639881352,-0.005256104819663321,88.4,91.79,0.9625,1.232,0
2018-04-13,0.009296627228969179,0.006533655706143726,-0.0029374126717085502,-0.005191927108762151,0.0022164767108923122,-0.0105296730078841,-0.011698794752361685,0.008193517491371871,88.54,93.83,0.9631,1.2322,1
2018-04-16,0.0018489989859471478,0.0014113221724754155,0.008188146709599664,0.007593332160449329,-0.012625492625627732,0.009296627228969179,0.006533655706143726,-0.0029374126717085502,88.34,95.62,0.9596,1.2373,0
2018-04-17,0.005526572248841788,9.397760892140283e-4,0.010641564925984781,0.021296819505538522,0.0022396425935045094,0.0018489989859471478,0.0014113221724754155,0.008188146709599664,89.12,96.51,0.9666,1.2345,0
2018-04-18,0.024199608016358898,7.824726533822712e-4,7.399460177044404e-4,0.002044867495491154,0.03444825778507132,0.005526572248841788,9.397760892140283e-4,0.010641564925984781,89.58,98.7,0.967,1.238,0
2018-04-19,0.004770432421791426,-0.0019573308265066203,-0.0055629871990481305,-0.009235013574061313,-0.007956642338094788,0.024199608016358898,7.824726533822712e-4,7.399460177044404e-4,89.05,98.36,0.9714,1.2336,0
2018-04-20,-0.00776355048992361,-0.007630922448171873,-0.008515457618885947,-0.01595339602013368,-0.0014534886279831127,0.004770432421791426,-0.0019573308265066203,-0.0055629871990481305,88.21,98.11,0.9744,1.2282,1
2018-04-23,-0.029199154692262308,-0.008007971436282624,-1.500431376832978e-4,-0.002529382267130842,0.01228783079369311,-0.00776355048992361,-0.007630922448171873,-0.008515457618885947,87.6958,93.56,0.9776,1.2216,0
2018-04-24,0.006460567002944284,0.004844162738535829,-0.013558889622037107,-0.021414896716318133,-0.017391742711869274,-0.029199154692262308,-0.008007971436282624,-1.500431376832978e-4,88.68,92.76,0.9804,1.2226,1
2018-04-25,-0.010790917104165132,-0.006517269928812297,0.002468621295062867,0.0011983224921081614,0.002919710103335138,0.006460567002944284,0.004844162738535829,-0.013558889622037107,86.67,92.82,0.9828,1.2178,1
2018-04-26,-0.0015511093539553045,-0.0035146613382659453,0.010114438794501801,0.020834086902842053,0.0036376904428241374,-0.010790917104165132,-0.006517269928812297,0.002468621295062867,86.43,93.87,0.988,1.2113,0
2018-04-27,3.1041440572110446e-4,0.0042320500741466205,9.383152301403186e-4,6.171315920378007e-4,-0.002909092960683868,-0.0015511093539553045,-0.0035146613382659453,0.010114438794501801,86.97,92.59,0.9884,1.2108,0
2018-04-30,-0.012492354839187758,-0.007277412261067262,-0.007720301211432634,-0.0071201118060972846,0.005085372383279552,3.1041440572110446e-4,0.0042320500741466205,9.383152301403186e-4,85.98,92,0.9911,1.2074,1
2018-05-01,-0.010107477078053151,-0.00708822943603149,0.0017752936729316104,0.011367971180908043,-0.01386377549978457,-0.012492354839187758,-0.007277412261067262,-0.007720301211432634,85.03,89.88,0.9954,1.2,0
2018-05-02,0.011991308090426589,-4.8512290731483887e-4,-0.006740151988815057,-0.005914989519201441,0.004398834072483648,-0.010107477078053151,-0.00708822943603149,0.0017752936729316104,85.18,91.51,0.9975,1.1968,0
2018-05-03,0.003131853483794078,0.005082090557420926,-0.002206079020303342,-1.2360175530190531e-4,0.010913167603665563,0.011991308090426589,-4.8512290731483887e-4,-0.006740151988815057,85.83,91.51,0.9978,1.197,1
2018-05-04,0.005612736904957227,0.0020898649194593943,0.012863373494290897,0.01879627994869537,0.0193485075710651,0.003131853483794078,0.005082090557420926,-0.002206079020303342,86.48,92.17,1.0005,1.1946,1
2018-05-07,-0.00186741417479519,2.408574536953978e-4,0.0033774941102562295,0.008275242777830094,7.094714735336183e-4,0.005612736904957227,0.0020898649194593943,0.012863373494290897,86.62,92.39,1.0023,1.1927,0
2018-05-08,6.228589425907316e-4,1.6053941277061057e-4,0,-0.001023141132255212,-0.002840911001603441,-0.00186741417479519,2.408574536953978e-4,0.0033774941102562295,86.89,92.54,1.0016,1.1863,0
2018-05-09,0,-0.002089025345925144,0.00961940231364622,0.010840052246727794,0.021808813708414476,6.228589425907316e-4,1.6053941277061057e-4,0,86.91,92.987,1.0042,1.1852,0
2018-05-10,0.012991212712330835,0.006813380531708546,0.00930720265555518,0.010311202468164637,0.002779709920497364,0,-0.002089025345925144,0.00961940231364622,88.02,95.07,1.0036,1.1896,0
2018-05-11,-0.0018455864974145086,-0.0014389641942536002,0.003046600627633289,-9.437301632360118e-4,-0.011165503296771462,0.012991212712330835,0.006813380531708546,0.00930720265555518,87.77,94.34,0.9996,1.1951,0
2018-05-14,-0.009901070982711868,-0.004088345908606961,4.763387958091059e-4,0.0017098556684871369,0.009081445578241087,-0.0018455864974145086,-0.0014389641942536002,0.003046600627633289,86.61,94.91,0.9976,1.1976,0
2018-05-15,-0.01377604754411843,-0.01627764004426613,-0.006910775923429924,-0.011136896104482652,0.0013898542890542487,-0.009901070982711868,-0.004088345908606961,4.763387958091059e-4,85.3912,93.44,0.9998,1.1864,0
2018-05-16,0.005031457155367125,-0.0015524781481497385,0.004196273688030772,0.006590494390375845,0.004158010148664015,-0.01377604754411843,-0.01627764004426613,-0.006910775923429924,84.77,93.89,1.0004,1.1788,0
2018-05-17,0.004381853646554745,5.722460814236996e-4,-8.45199866576607e-4,-0.0038540262937081238,0.0020725396019720677,0.005031457155367125,-0.0015524781481497385,0.004196273688030772,84.75,92.99,1.0014,1.1798,0
2018-05-18,0,4.0854680471902327e-4,-0.0025030380793902296,-0.005181821654704599,-0.0041493835468116025,0.004381853646554745,5.722460814236996e-4,-8.45199866576607e-4,84.25,92.02,0.997,1.1775,0
2018-05-21,0.00436273674219656,5.716852620070156e-4,0.007490396688153211,0.005597585031940078,0.016495219369111247,0,4.0854680471902327e-4,-0.0025030380793902296,85.49,94.3225,0.9978,1.1768,0
2018-05-22,0.0024844733276623288,-5.716852620070156e-4,-0.0027839865594714297,-0.0013072674034741993,-0.007526549386350556,0.00436273674219656,5.716852620070156e-4,0.007490396688153211,86.29,94.32,0.9924,1.1783,0
2018-05-23,-0.005598770457020841,0.0010614412100871107,0.0027474054316707353,0.00840788895305078,-0.0034399758724434903,0.0024844733276623288,-5.716852620070156e-4,-0.0027839865594714297,86,93.0432,0.9952,1.1693,0
2018-05-24,0.012399414905038153,0.008532128304135966,-0.0020506818377290514,-2.948547861549855e-4,-0.01527807495432043,-0.005598770457020841,0.0010614412100871107,0.0027474054316707353,86.65,92.79,0.9916,1.1729,0
2018-05-25,-0.009907201777078711,-0.003079418965067582,-0.0023855410890982753,0.001002151762476089,-0.04362507974737184,0.012399414905038153,0.008532128304135966,-0.0020506818377290514,85.62,93.15,0.9912,1.1666,0
2018-05-29,-0.006242217522499871,-1.6233766269380112e-4,-0.011567658599773267,-0.004428835961565625,-0.012504760222296962,-0.009907201777078711,-0.003079418965067582,-0.0023855410890982753,86.26,92.894,0.9924,1.1551,1
2018-05-30,0.006864301523898941,0.0014600911094904134,0.013256476094929859,0.007135516048853319,0.02340999370455954,-0.006242217522499871,-1.6233766269380112e-4,-0.011567658599773267,86.49,93.77,0.989,1.1664,0
2018-05-31,-0.005612736904957227,-0.002190936892965567,-0.006144808222774856,-6.465834170894524e-4,-0.020453598350956614,0.006864301523898941,0.0014600911094904134,0.013256476094929859,86.27,94.03,0.9844,1.167,0
2018-06-01,-0.001877934824200178,-0.004967639190813777,0.009769791595804378,0.01557745684781775,-0.02238899489347901,-0.005612736904957227,-0.002190936892965567,-0.006144808222774856,85.89,95.38,0.9867,1.1679,0
2018-06-04,0.0012523483164659233,-9.801520020173982e-4,0.004740209422805286,0.008990378673835231,-0.009859768916288036,-0.001877934824200178,-0.004967639190813777,0.009769791595804378,85.6,94.56,0.9884,1.1696,0
2018-06-05,0.0044332125929518185,0.003914856969611691,7.27272759328379e-4,0.0030933174691387677,0.00759305090759721,0.0012523483164659233,-9.801520020173982e-4,0.004740209422805286,85.67,94.4,0.986,1.1672,0
2018-06-06,0.011706181802451532,5.69638295095487e-4,0.008325839950201974,0.005816953955742221,-0.004548908526369022,0.0044332125929518185,0.003914856969611691,7.27272759328379e-4,86.06,96.92,0.9844,1.1778,0
2018-06-07,0.0012307693861326463,-4.8824152650261965e-4,-1.0815292834553958e-4,-0.008164708920812558,0.014334458949087026,0.011706181802451532,5.69638295095487e-4,0.008325839950201974,85.52,96.2,0.9822,1.1815,0
2018-06-08,0.004295802862709142,0.0012201571449121928,0.0029519785278591115,5.73279445221786e-5,-0.0060105365021421164,0.0012307693861326463,-4.8824152650261965e-4,-1.0815292834553958e-4,86.12,96.32,0.986,1.1773,0
2018-06-11,0.0091496854417068,0.0017868750693379454,0.0013291425396344536,0.0026907129444060374,0.006759319764383598,0.004295802862709142,0.0012201571449121928,0.0029519785278591115,86.04,97.22,0.9848,1.1802,0
2018-06-12,-0.004262687322081238,-0.0033326590487785523,0.00129152633293117,0.005246063237476228,0.002989538848365836,0.0091496854417068,0.0017868750693379454,0.0013291425396344536,85.45,97,0.9841,1.1792,0
2018-06-13,0.012715884325302795,0.003008010072630185,-0.0031959808153692038,-5.687473341531302e-5,0.005210283465407084,-0.004262687322081238,-0.0033326590487785523,0.00129152633293117,85.9,96.44,0.9844,1.1784,0
2018-06-14,0.007194275634026859,0.0015411448076090295,0.0025145497838900965,0.010073086135037101,0.0037050801925451182,0.012715884325302795,0.003008010072630185,-0.0031959808153692038,86.13,95.98,0.9942,1.1634,0
2018-06-15,-0.03650040221952633,-0.016672501267340323,-0.005756861147978576,-0.003497098718865388,-0.03538193684611546,0.007194275634026859,0.0015411448076090295,0.0025145497838900965,84.47,94.23,0.9962,1.1616,0
2018-06-18,-0.005591813265777734,-0.0018972989811922858,-0.0020589145599831937,-0.0027158554658530676,0.018223738956451463,-0.03650040221952633,-0.016672501267340323,-0.005756861147978576,84,94.18,0.9952,1.1606,0
2018-06-19,-0.010018869027400346,-0.0025629380322449435,-0.0038401670203995764,-0.00283688133519977,-0.011350859668689317,-0.005591813265777734,-0.0018972989811922858,-0.0020589145599831937,82.519,92.1331,0.9951,1.1577,0
2018-06-20,-0.0012594460103070304,-0.004480219889291703,0.0017045355642064663,0.007077170374085284,0.010598130991823052,-0.010018869027400346,-0.0025629380322449435,-0.0038401670203995764,82.85,91.63,0.9956,1.1592,0
2018-06-21,0.0012594460103070304,-0.0017477429441603576,-0.006288528747760758,-0.008726256642436425,0.0022564883587326,-0.0012594460103070304,-0.004480219889291703,0.0017045355642064663,82.08,90.2,0.9921,1.16,0
2018-06-22,0.008147961091588662,0.0024127471249428822,0.0018215604876443692,-0.002222033219191566,0.05196924919942392,0.0012594460103070304,-0.0017477429441603576,-0.006288528747760758,83.19,90.95,0.9902,1.163,0
2018-06-25,-0.00689009929051787,-0.0037464140726433115,-0.013706375017358496,-0.02278791387785084,-0.01799256886588063,0.008147961091588662,0.0024127471249428822,0.0018215604876443692,82.42,89.5,0.98740000000000006,1.1694,1
2018-06-26,-0.0025173078113778224,-0.005268672024602239,0.002211574804840133,0.004076409092307998,0.035667118748181625,-0.00689009929051787,-0.0037464140726433115,-0.013706375017358496,82.46,91.29,0.9901,1.1675,0
2018-06-27,-0.01587839012677783,-0.005718145415738007,-0.00831874655799858,-0.013692431591626253,0.02628090397433125,-0.0025173078113778224,-0.005268672024602239,0.002211574804840133,81.4,90.3375,0.9962,1.1588,1
2018-06-28,-0.0022432311922391257,-0.003040542882998487,0.005701185292766198,0.008565111613247467,0.014232703826536852,-0.01587839012677783,-0.005718145415738007,-0.00831874655799858,80.79,89.71,0.9979,1.1582,1
2018-06-29,0.004800777343356266,0.003630687485549622,0.0014386633980745245,0.0026834691170138925,0.013369183082134306,-0.0022432311922391257,-0.003040542882998487,0.005701185292766198,81.14,90.6,0.9922,1.1677,0
2018-07-02,-0.01479602418758752,-0.010080132787399165,0.0021357300897184572,0.00667733646625468,-0.0066622498254163,0.004800777343356266,0.003630687485549622,0.0014386633980745245,77.66,89.8,0.9946,1.1604,0
2018-07-03,0.008068463974530982,0.010080132787399165,-0.003537478816052264,-0.011641575015485905,-0.002677377770716305,-0.01479602418758752,-0.010080132787399165,0.0021357300897184572,79.95,89.43,0.9922,1.1653,0
2018-07-05,0.0035296041777401754,0.0033655900510991543,0.008124895342184857,0.012335778444961143,-0.009427679255559429,0.008068463974530982,0.010080132787399165,-0.003537478816052264,80.05,90.29,0.9924,1.1697,0
2018-07-06,-6.408202718493072e-4,-0.001597242994357373,0.008422560865745332,0.0154365673883321,0.012105057026275734,0.0035296041777401754,0.0033655900510991543,0.008124895342184857,80.21,90.37,0.9901,1.1738,1
2018-07-09,0.005752652489449783,0.002436873606236567,0.008964131449478607,0.008956975982215454,0.004668231218551977,-6.408202718493072e-4,-0.001597242994357373,0.008422560865745332,80.89,91.14,0.992,1.1744,0
2018-07-10,-0.0031918316277756986,-0.0018481188055972098,0.0035919578849847866,7.334067068747174e-4,0.0026578088735207395,0.005752652489449783,0.002436873606236567,0.008964131449478607,80.479,89.56,0.9926,1.1728,0
2018-07-11,-0.016763771039667308,-0.010905971053359664,-0.007341331373853954,-0.005088494046232128,-0.05174741907004421,-0.0031918316277756986,-0.0018481188055972098,0.0035919578849847866,78.88,89.1,0.9932,1.1722,0
2018-07-12,0.009061550677574637,0.004156599274634409,0.00902510485636654,0.017084826039290846,0.00557492733091669,-0.016763771039667308,-0.010905971053359664,-0.007341331373853954,80.04,90.35,1.0009,1.1692,0
2018-07-13,-0.009061550677574637,-0.004411647097483318,7.871762249900272e-4,8.354917354589375e-4,0.005544019744116113,0.009061550677574637,0.004156599274634409,0.00902510485636654,78.94,89.1,1.0028,1.1667,0
2018-07-16,-3.1214233944032443e-4,-5.102908768668257e-4,-8.945664633204231e-4,-0.002396946435938574,-0.037315135311014824,-0.009061550677574637,-0.004411647097483318,7.871762249900272e-4,78.32,87.34,0.9974,1.171,0
2018-07-17,-0.013436028377616704,-0.010862699295403289,0.004037089493708734,0.006064839844514225,7.171029349968272e-4,-3.1214233944032443e-4,-5.102908768668257e-4,-8.945664633204231e-4,77.7,86.8164,0.9992,1.1664,0
2018-07-18,-0.001319261405062555,2.5796466027205867e-4,0.0021014023012648764,-0.001887840649518857,0.010695289116747997,-0.013436028377616704,-0.010862699295403289,0.004037089493708734,77.78,86.23,0.9994,1.1645,0
2018-07-19,-0.015968403178731272,-0.004308123154661558,-0.003778566503349623,-0.005014496801245549,0.0021253993123138137,-0.001319261405062555,2.5796466027205867e-4,0.0021014023012648764,76.62,82.79,1.0016,1.1604,0
2018-07-20,0.012662615044231718,0.006455244690663164,-0.0011435107020787427,-2.2345120477318403e-4,0.0014144273928105022,-0.015968403178731272,-0.004308123154661558,-0.003778566503349623,78.64,84.96,0.9944,1.1708,0
2018-07-23,-0.00797876573180556,-0.0048159707805846,0.001857541435736465,0.0031794755553224974,-0.004249298178657934,0.012662615044231718,0.006455244690663164,-0.0011435107020787427,78.96,86.8999,0.9927,1.1702,0
2018-07-24,0.006653384490736602,3.4476814683870316e-4,0.005019501114102987,0.004112716295540331,0.009887086191171957,-0.00797876573180556,-0.0048159707805846,0.001857541435736465,79.1778,86.92,0.9944,1.1684,0
2018-07-25,0.007267954027871504,0.005500185746317499,0.008486313791899569,0.013879932016401142,0.013263719755042036,0.006653384490736602,3.4476814683870316e-4,0.005019501114102987,80.23,89.01,0.9942,1.1677,1
2018-07-26,-0.013254004493175042,-0.007829680781883397,-0.0023618588577045685,-0.015267472130788384,0.003461408786589626,0.007267954027871504,0.005500185746317499,0.008486313791899569,78.35,88.29,0.9938,1.1654,0
2018-07-27,0.0059860504653035385,5.181347266169922e-4,-0.006799374591095031,-0.013588153264526781,-0.010420379110892775,-0.013254004493175042,-0.007829680781883397,-0.0023618588577045685,79,88,0.994,1.166,1
2018-07-30,0,-0.0015552102668063839,-0.005237199565208073,-0.014232088946548593,0.015246310572873512,0.0059860504653035385,5.181347266169922e-4,-0.006799374591095031,78.69,88.08,0.9885,1.1718,0
2018-07-31,0.002649008171577094,0.0029355918163371797,0.00491734172152114,0.007623202237470039,-0.0180435151939351,0,-0.0015552102668063839,-0.005237199565208073,79.65,88.81,0.9895,1.1706,0
2018-08-01,-0.008635058636880633,-0.0073552012461215455,-0.0016720329763888486,0.003789918839047779,-0.013394631000849255,0.002649008171577094,0.0029355918163371797,0.00491734172152114,77.71,87.2199,0.9923,1.1666,0
2018-08-02,-0.005351183337859222,-0.0053992990177489375,0.0054327696872045195,0.013514855922410973,0.018981237709489118,-0.008635058636880633,-0.0073552012461215455,-0.0016720329763888486,78.5,86.9,0.9943,1.1612,1
2018-08-03,0.007350517559341352,0.0034867538811740317,0.004275700430733664,0.003058871715738931,-0.006287132131332918,-0.005351183337859222,-0.0053992990177489375,0.0054327696872045195,79.06,86.68,0.9926,1.1597,0
2018-08-06,-0.008021433384575172,-0.005147230557209781,0.0036604292595523447,0.005869016348325928,0.0027991620796146144,0.007350517559341352,0.0034867538811740317,0.004275700430733664,78.12,86.06,0.9963,1.1564,0
2018-08-07,0.004018759594917931,0.002271536884477676,0.0032969760846244256,0.0036369687965756015,0.003487970051718303,-0.008021433384575172,-0.005147230557209781,0.0036604292595523447,78.82,86.27,0.9944,1.1597,0
2018-08-08,0.0026702285558788397,0.002788672831186112,-4.2028580052644315e-4,0.0012093894058313737,-0.032557723483432,0.004018759594917931,0.002271536884477676,0.0032969760846244256,78.98,85.34,0.9943,1.1598,0
2018-08-09,0.001332445233778401,-0.001480514095817398,-0.0013671500560734628,-6.045118750845901e-4,-0.0014398850579877553,0.0026702285558788397,0.002788672831186112,-4.2028580052644315e-4,79.15,85.85,0.9906,1.1566,0
2018-08-10,-0.0066800515603735455,-4.3586279729446176e-4,-0.006722655239560282,-0.007670484315324799,0.014306395651237924,0.001332445233778401,-0.001480514095817398,-0.0013671500560734628,78.75,86.41,0.9954,1.1399,0
2018-08-13,-0.02305186819510263,-0.01519906263149906,-0.003750490898037917,-0.00110852466733391,-0.004983990380980519,-0.0066800515603735455,-4.3586279729446176e-4,-0.006722655239560282,76.16,84.6,0.9934,1.1396,0
2018-08-14,0.006153865574378248,9.733222022223487e-4,0.006360445470974696,0.006247083367612483,-0.00142857167152588,-0.02305186819510263,-0.01519906263149906,-0.003750490898037917,76.18,85.35,0.993,1.1351,0
2018-08-15,-0.04364493687496562,-0.016766646231996418,-0.007495438853795555,-0.012310236415572717,-0.03491263670528255,0.006153865574378248,9.733222022223487e-4,0.006360445470974696,72.98,80.32,0.9942,1.1332,0
2018-08-16,0.015298759706225074,-8.097530695732047e-4,0.008058858827851623,0.0032864533131204965,0.008843093736333962,-0.04364493687496562,-0.016766646231996418,-0.007495438853795555,74.02,84.16,0.9962,1.1388,0
2018-08-17,0.011157716870652923,0.009228215827205233,0.003514200973903314,2.2241992974247893e-4,0.004392393591916122,0.015298759706225074,-8.097530695732047e-4,0.008058858827851623,75.01,86.5,0.9948,1.141,0
2018-08-20,-0.0034734317658693392,0.004981773491468111,0.002137614046142211,-8.899766968557543e-4,0.005100193204840231,0.011157716870652923,0.009228215827205233,0.003514200973903314,75.57,86.6503,0.9943,1.1438,0
2018-08-21,-6.961364708555351e-4,0.0029241082374396044,0.002342617459153651,0.0036660597633701997,0.005074313171469225,-0.0034734317658693392,0.004981773491468111,0.002137614046142211,75.45,86.82,0.9876,1.1534,0
2018-08-22,0,0.002209555010924902,-5.93876106954383e-4,0.0038736144944104822,0.031319285812078324,-6.961364708555351e-4,0.0029241082374396044,0.002342617459153651,75.53,87.98,0.9836,1.1595,0
2018-08-23,-0.017562797755355408,-0.009491356124025963,-0.0013287644447554925,-0.0014370200892175333,0,0,0.002209555010924902,-5.93876106954383e-4,73.83,87.04,0.9848,1.1567,0
2018-08-24,0.021732365992080283,0.01731798007998453,0.00600036686072869,0.009249130018056384,0.011149941297034172,-0.017562797755355408,-0.009491356124025963,-0.0013287644447554925,75.0199,88.77,0.9824,1.1625,0
2018-08-27,0.004842624475787982,0.0037595672697756655,0.007864372151376031,0.010141300589385338,0.004839276640749457,0.021732365992080283,0.01731798007998453,0.00600036686072869,76.26,90.18,0.9802,1.1676,0
2018-08-28,-0.01180159480009113,-0.007973056649511534,4.8300846203908065e-4,0.0014636132169600913,-0.004839276640749457,0.004842624475787982,0.0037595672697756655,0.007864372151376031,75.02,89.03,0.9752,1.172,0
2018-08-29,0.0027894020875782743,0.004563813433065,0.005366369947466865,0.011471783273301561,0.015813323672726032,-0.01180159480009113,-0.007973056649511534,4.8300846203908065e-4,75.69,91.39,0.9732,1.1699,0
2018-08-30,-0.013319509917488759,-0.004915740235922783,-0.004056521771497401,-0.0017687261746255345,0.00612038632732359,0.0027894020875782743,0.004563813433065,0.005366369947466865,75.27,91.9228,0.9709,1.1646,0
2018-08-31,-0.0035348216374933017,-0.001144618218739346,3.444653037654177e-5,0.001286656479438264,-0.0027155481724827624,-0.013319509917488759,-0.004915740235922783,-0.004056521771497401,74.7,93.29,0.9698,1.1596,0
2018-09-04,-0.024373966479583675,-0.005122781031668744,-0.0017237817134709843,-0.004295308617331628,-0.00887680803283386,-0.0035348216374933017,-0.001144618218739346,3.444653037654177e-5,74,92.9691,0.9753,1.1566,0
2018-09-05,0.0028985527540115186,0.0034475172267365295,-0.002695046894177544,-0.012997745941969896,-0.006191970247921397,-0.024373966479583675,-0.005122781031668744,-0.0017237817134709843,74.55,92.44,0.9716,1.162,0
2018-09-06,-0.00217312653431323,0.0019395227802645465,-0.003014607525666513,-0.00897996507010923,-0.013199219066729384,0.0028985527540115186,0.0034475172267365295,-0.002695046894177544,75.07,92.29,0.9682,1.1624,0
2018-09-07,0,-0.002734049416631912,-0.0019452555807539795,-0.0038576042547369127,-0.0013995803544233354,-0.00217312653431323,0.0019395227802645465,-0.003014607525666513,74.22,92.8,0.9684,1.1572,0
2018-09-10,-7.254262196982886e-4,-7.067762464014749e-4,0.0017370162435907943,0.003362459414757879,-0.004914014802428923,0,-0.002734049416631912,-0.0019452555807539795,74.51,92.69,0.974,1.1604,0
2018-09-11,-0.0029069787913091893,6.184565289668598e-4,0.0032920414380024354,0.007674634753108478,0.027075586605281643,-7.254262196982886e-4,-7.067762464014749e-4,0.0017370162435907943,74.8,92.29,0.9737,1.1591,0
2018-09-12,0.01013766828445517,0.00835573707972248,2.4214331543337408e-4,-0.0029532425073766078,0.012253386805764599,-0.0029069787913091893,6.184565289668598e-4,0.0032920414380024354,75.89,92.39,0.9704,1.1626,0
2018-09-13,-0.005055987657457628,-0.003597599633305748,0.005897077180820887,0.01062361875145168,-0.0198161591874646,0.01013766828445517,0.00835573707972248,2.4214331543337408e-4,76.27,92.97,0.968,1.1672,0
2018-09-14,-0.00799713458712148,-0.006526171853233009,1.7190696437463515e-4,-0.0029306435823839294,6.898930939378545e-4,-0.005055987657457628,-0.003597599633305748,0.005897077180820887,75.6,92.66,0.9665,1.1656,0
2018-09-17,0.007272759329080003,0.005206736380115373,-0.005308343787669756,-0.014507686088092164,-0.0020711087831362107,-0.00799713458712148,-0.006526171853233009,1.7190696437463515e-4,75.86,93.56,0.962,1.1687,0
2018-09-18,-0.0014503265776468766,-0.001497467797995533,0.00541147378312079,0.008237731245633206,0.015089449542393218,0.007272759329080003,0.005206736380115373,-0.005308343787669756,77.15,95.91,0.962,1.1693,0
2018-09-19,0.00506696704783538,0.0038711996260198944,0.0010650542981931466,-7.659900795822239e-4,0.01687518951888567,-0.0014503265776468766,-0.001497467797995533,0.00541147378312079,78.08,98.27,0.967,1.1685,0
2018-09-20,0.00575955515836668,0.0034188067487850304,0.008071179246329052,0.010995701662278812,-0.009414998934602181,0.00506696704783538,0.0038711996260198944,0.0010650542981931466,79.17,99.76,0.9624,1.1744,0
2018-09-21,-0.0021559476550683243,-0.006849341845574841,-0.005430619422575056,-0.0054827377253943155,0.010752791776261983,0.00575955515836668,0.0034188067487850304,0.008071179246329052,78.61,99.75,0.9593,1.1739,0
2018-09-24,-7.196833703937422e-4,-1.7624251014947134e-4,-0.0033275617743795394,9.793254319161449e-4,0.019199530507089335,-0.0021559476550683243,-0.006849341845574841,-0.005430619422575056,78.5,100.4,0.962,1.1773,0
2018-09-25,0.012875714360045531,0.001585065495654625,-9.282019333589631e-4,0.0013585851069377597,0.0013106161771205826,-7.196833703937422e-4,-1.7624251014947134e-4,-0.0033275617743795394,78.2,100.59,0.9646,1.177,0
2018-09-26,-0.006417134320633622,-0.00529335157457389,-0.002996747157692603,7.057354870703136e-4,-0.010533342945893143,0.012875714360045531,0.001585065495654625,-9.282019333589631e-4,78.1,101.525,0.9681,1.1758,0
2018-09-27,-0.00645858003941191,-0.008884998477042494,0.002790363007262542,0.008430203938789127,0.009878249571662945,-0.006417134320633622,-0.00529335157457389,-0.002996747157692603,76.96,102.6732,0.9776,1.167,0
2018-09-28,0.023480267608842365,0.006316465998975396,1.0319739951736295e-4,-2.1527366747964294e-4,0.01689448889876166,-0.00645858003941191,-0.008884998477042494,0.002790363007262542,77.3679,102.11,0.9758,1.1622,0
2018-10-01,-0.007765658510372031,-0.0016864158791989325,0.003468112326689088,0.0020432311657261337,0.027329314475780908,0.023480267608842365,0.006316465998975396,1.0319739951736295e-4,78.125,100.1799,0.984,1.1567,0
2018-10-02,0.01127566562402249,0.011482196455800953,-5.829004605377719e-4,-0.0022585511859372076,-0.005028294692535962,-0.007765658510372031,-0.0016864158791989325,0.003468112326689088,78.76,99.98,0.9844,1.156,0
2018-10-03,-0.0021045255049152445,-0.0039597042366317226,5.486216020198498e-4,0.001076136773210834,0.013145729212502566,0.01127566562402249,0.011482196455800953,-5.829004605377719e-4,78.6,100.58,0.9894,1.1525,0
2018-10-04,-0.002812941376614919,5.288673547685363e-4,-0.00784641646904749,-0.019385397865559817,-0.021371020761562942,-0.0021045255049152445,-0.0039597042366317226,5.486216020198498e-4,78.26,100.39,0.9925,1.1508,1
2018-10-05,0.0021104474945459195,0.0028159117515800247,-0.005612736904956783,-0.012302585311417147,-0.0031816762443162006,-0.002812941376614919,5.288673547685363e-4,-0.00784641646904749,78.13,101.77,0.9922,1.1502,1
2018-10-09,-0.01486753049531675,-0.01060080598664026,-0.0014603110971034283,-0.002890657413358255,0.00825139559456689,0.0021104474945459195,0.0028159117515800247,-0.005612736904956783,78.358,101.84,0.9928,1.1482,0
2018-10-10,-0.00787687567109252,0.002483591838968735,-0.03217530511307931,-0.0449757037849734,-0.028206998262009897,-0.01486753049531675,-0.01060080598664026,-0.0014603110971034283,78.06,101.38,0.9908,1.1541,1
2018-10-11,0.018519047767237673,0.025366531106299384,-0.02227279746700539,-0.012480752637967996,-0.02835666424080241,-0.00787687567109252,0.002483591838968735,-0.03217530511307931,79.63,102.54,0.992,1.1565,1
2018-10-12,0.0028188884064199726,-0.0047617076249348855,0.013792818820670405,0.02744996727856197,0.011307070914691408,0.018519047767237673,0.025366531106299384,-0.02227279746700539,79.48,101.25,0.9916,1.1559,1
2018-10-15,0.004914014802428923,0.006660060080441177,-0.005632794033780364,-0.012178028319556056,6.61157048877481e-4,0.0028188884064199726,-0.0047617076249348855,0.013792818820670405,79.93,103.1,0.9868,1.1594,0
2018-10-16,-0.0021030501967786996,-0.0017256259674693908,0.021630259308705213,0.02867723630234753,0.003957788807416929,0.004914014802428923,0.006660060080441177,-0.005632794033780364,79.83,102.438,0.9894,1.1593,1
2018-10-17,-7.020007308295995e-4,-8.635951471358538e-5,1.7830079391067954e-4,3.9491129113322643e-4,-0.024659696739740333,-0.0021030501967786996,-0.0017256259674693908,0.021630259308705213,79.01,101.6,0.9926,1.154,1
2018-10-18,-0.0035174148118786164,0.0011220923882451217,-0.014546364060830541,-0.023455293890633833,-0.017699577099401065,-7.020007308295995e-4,-8.635951471358538e-5,1.7830079391067954e-4,78.53,101.8849,0.994,1.1494,1
2018-10-19,0.0021119332031434013,7.760962748886158e-4,-5.428390615529466e-4,-9.243212674272527e-4,0.010929070532190277,-0.0035174148118786164,0.0011220923882451217,-0.014546364060830541,78.8543,102.7,0.9968,1.1513,1
2018-10-22,-0.002816903271113169,-0.0025893333990687495,-0.004498792190168466,0.005130729267523115,0.0013577734604601766,0.0021119332031434013,7.760962748886158e-4,-5.428390615529466e-4,78.11,106.5999,0.9963,1.1467,0
2018-10-23,0.011087808775804842,0.0058595600656383695,-0.00510372585372032,-0.0036868524969957406,-0.04865448816352558,-0.002816903271113169,-0.0025893333990687495,-0.004498792190168466,79.04,108.79,0.9943,1.148,1
2018-10-24,-0.005461914893636344,0.0023171003716067062,-0.03076709013071799,-0.04684711169822631,7.119971820901405e-4,0.011087808775804842,0.0058595600656383695,-0.00510372585372032,78.76,107.24,0.9982,1.1389,1
2018-10-25,-0.002106002884389113,-0.0022311860281538642,0.017781566750237232,0.0340104123281062,0.011323546329254253,-0.005461914893636344,0.0023171003716067062,-0.03076709013071799,78.53,104.6166,1.0009,1.1374,1
2018-10-26,0.004207579840015185,0.003173652790286141,-0.017743877124302365,-0.026058563198574802,0.008409299731071407,-0.002106002884389113,-0.0022311860281538642,0.017781566750237232,79.08,104.84,0.998,1.1388,1
2018-10-29,-0.016226105559256965,-0.003947147736676371,-0.005555674827659729,-0.02079555978811687,-0.015471475975358029,0.004207579840015185,0.003173652790286141,-0.017743877124302365,79.08,103.36,1.0006,1.139,1
2018-10-30,0.002131439528069823,-0.0043944752120523844,0.014709743627864036,0.016345495315273517,-0.0056858717503529554,-0.016226105559256965,-0.003947147736676371,-0.005555674827659729,79.33,102.1,1.0046,1.1364,1
2018-10-31,-0.013576485773942881,-0.005628938872201061,0.010624171253162729,0.023233308090000016,-0.017254202309159083,0.002131439528069823,-0.0043944752120523844,0.014709743627864036,79.65,102.58,1.0057,1.1332,1
2018-11-01,0.03046640170343462,0.012770904436264274,0.010585609928264184,0.01310420062198503,-0.024221367588628695,-0.013576485773942881,-0.005628938872201061,0.010624171253162729,81.5953,103.78,1.0033,1.1396,1
2018-11-02,6.975933313935201e-4,1.7146776448040413e-4,-0.005940611530121487,-0.01569854169974949,-0.011206691809561686,0.03046640170343462,0.012770904436264274,0.010585609928264184,82.5,106.0726,1.0036,1.1378,1
2018-11-05,-0.006295928456814703,-0.0024032283474531013,0.005501774441345475,-0.0024827109755563015,-7.515971793119469e-4,6.975933313935201e-4,1.7146776448040413e-4,-0.005940611530121487,81.79,107.64,1.0055,1.1394,0
2018-11-06,-0.009164674649563498,-0.0028398108667824218,0.006308018947865257,0.007547205635383136,-0.009063506153347056,-0.006295928456814703,-0.0024032283474531013,0.005501774441345475,82.3631,105.75,1.0042,1.1412,0
2018-11-07,0.0035348216374933017,-8.618089374934357e-5,0.02118288976513849,0.030885573344782813,-0.009146405226076126,-0.009164674649563498,-0.0028398108667824218,0.006308018947865257,82.76,107.5265,0.9998,1.1459,1
2018-11-08,-0.00850465792283428,-0.002156939708595651,-0.0018165309263977747,-0.0063992904929897065,-0.016988825586469858,0.0035348216374933017,-8.618089374934357e-5,0.02118288976513849,81.91,107.4551,1.0033,1.1416,0
2018-11-09,-0.01867870397454441,-0.011291703402662279,-0.009816293490765737,-0.0169956111226357,-0.01096330479726948,-0.00850465792283428,-0.002156939708595651,-0.0018165309263977747,81,105.841,1.0062,1.1325,1
2018-11-13,-0.013138875141835982,-0.006836734491705521,-0.020734801266701908,-0.0298847648765177,-0.08286821798056865,-0.01867870397454441,-0.011291703402662279,-0.009816293490765737,79.45,105.3155,1.0083,1.1288,1
2018-11-14,0.011687496077188886,0.008233382763426,-0.0068602046791852445,-0.007658251919041348,0.02199750289354263,-0.013138875141835982,-0.006836734491705521,-0.020734801266701908,79.15,107.08,1.0067,1.1312,1
2018-11-15,0.010834342165709998,0.0011333421726602566,0.010382627048732829,0.01734268915842474,0.0025073143097835704,0.011687496077188886,0.008233382763426,-0.0068602046791852445,79.73,110,1.0058,1.1324,1
2018-11-16,0.006444705442642196,0.007378825961753321,0.002597166526183692,-0.0035161989801819615,0.007484442422136972,0.010834342165709998,0.0011333421726602566,0.010382627048732829,80.17,111.7799,1.0012,1.1402,1
2018-11-19,0.0014265337654539856,4.3235765298010875e-4,-0.017059161368154996,-0.03301671423254149,0.005782750521912128,0.006444705442642196,0.007378825961753321,0.002597166526183692,80.85,110.23,0.9938,1.1448,1
2018-11-20,-0.00643548878199196,0,-0.01867951240648935,-0.01805665147385138,-0.07436145757966761,0.0014265337654539856,4.3235765298010875e-4,-0.017059161368154996,79.76,108.1801,0.9944,1.1391,1
2018-11-21,0.010702920578211206,0.0016412563611680753,0.0034017495101190676,0.007573659961989776,0.021940327216060318,-0.00643548878199196,0,-0.01867951240648935,80.24,109.02,0.9952,1.1393,0
2018-11-23,-0.015016370831930637,-7.771014508408669e-4,-0.0067011438224051645,-0.007259560012804478,-0.06176459425484593,0.010702920578211206,0.0016412563611680753,0.0034017495101190676,79.5,106.5847,0.9976,1.1332,0
2018-11-26,-0.0021637224453106008,-0.0011235470694916927,0.016015415321976256,0.022851040861600502,0.010105735980936004,-0.015016370831930637,-7.771014508408669e-4,-0.0067011438224051645,80.05,108.9,0.9984,1.1336,0
2018-11-27,-0.00797394583914457,-0.0059846659389553025,0.003358838761466032,0.0033708241398526795,9.136592686744827e-4,-0.0021637224453106008,-0.0011235470694916927,0.016015415321976256,79,109.9,0.9998,1.1281,0
2018-11-28,0.01301536811207038,0.0037337776195531802,0.022764252371931804,0.03167603904255589,-0.026841037524811373,-0.00797394583914457,-0.0059846659389553025,0.003358838761466032,78.14,112.3516,0.9994,1.1286,1
2018-11-29,-0.0014378147696274546,0.0031152673169492218,-0.002187546446215549,-0.0032655513656436597,0.019508282395419574,0.01301536811207038,0.0037337776195531802,0.022764252371931804,77.62,111.9175,0.9966,1.1382,1
2018-11-30,-0.008670574551133736,-0.0017295057925732493,0.006076834012449517,0.007229232716751355,-0.012963144490510725,-0.0014378147696274546,0.0031152673169492218,-0.002187546446215549,75.65,111.64,0.9987,1.1323,0
2018-12-03,0.012977831748714141,0.007501651907030116,0.013154527915438585,0.017325572390455513,0.04910077140907765,-0.008670574551133736,-0.0017295057925732493,0.006076834012449517,76.32,113.98,0.9975,1.1356,0
2018-12-04,0.011396134730869534,0.00608060795285148,-0.03293901643181396,-0.03911162608428409,-0.008017860324731618,0.012977831748714141,0.007501651907030116,0.013154527915438585,76.03,117.26,0.9975,1.1345,1
2018-12-06,-0.004258345682576881,1.707504486354594e-4,-0.0015182657659229548,0.007035295546110376,-0.021700670733117988,0.011396134730869534,0.00608060795285148,-0.03293901643181396,74.78,115.69,0.9926,1.1374,1
2018-12-07,0.011315537992575564,0.008077244951553375,-0.023510203402969054,-0.033573080334951655,0.015419806657703372,-0.004258345682576881,1.707504486354594e-4,-0.0015182657659229548,75.16,117.15,0.9914,1.139,1
2018-12-10,-0.007765658510372031,-0.0034779693200075457,0.0018952321645917536,0.010417724052826038,-0.032939849077866956,0.011315537992575564,0.008077244951553375,-0.023510203402969054,74.32,116.84,0.9896,1.1368,1
2018-12-11,0.002830858224524224,-0.0011903751086776992,2.2718667269305826e-4,0.0033059905217989183,0.018433701688838067,-0.007765658510372031,-0.0034779693200075457,0.0018952321645917536,74.5,118.8,0.9931,1.1314,1
2018-12-12,0.012640617750833805,0.0021246767861882176,0.005022764010345959,0.008762911304216914,-0.01194318284417406,0.002830858224524224,-0.0011903751086776992,2.2718667269305826e-4,76.06,121.8,0.992,1.1362,1
2018-12-13,0.0013947003655494505,-0.0022097578259296924,-3.390916144994094e-4,3.028926268804355e-4,0.03540996366573301,0.012640617750833805,0.0021246767861882176,0.005022764010345959,75.54,123.65,0.9938,1.1358,1
2018-12-14,-0.013328853940056451,-0.004006996281688657,-0.018637387169712305,-0.02465021494282915,-0.03540996366573301,0.0013947003655494505,-0.0022097578259296924,-3.390916144994094e-4,74.62,120.62,0.997,1.13,1
2018-12-17,0.006335818449085817,0.006895698375403825,-0.019813377152400058,-0.022920220956716086,-0.03479429500751552,-0.013328853940056451,-0.004006996281688657,-0.018637387169712305,75.25,122.685,0.9934,1.1339,1
2018-12-18,-0.0014044946128985991,0.0023726813944389136,-0.0010970928143736458,0.006268819009596527,-0.06524052186840112,0.006335818449085817,0.006895698375403825,-0.019813377152400058,74.9621,121.0799,0.993,1.1364,1
2018-12-19,-0.004931323836187218,-0.006112592255927751,-0.015088961870798556,-0.024861481790530604,0.02322163911429964,-0.0014044946128985991,0.0023726813944389136,-0.0010970928143736458,74.5108,122.16,0.9918,1.1422,1
2018-12-20,0.013621494043593696,0.0152958574328812,-0.016411900580663996,-0.01460165438200356,-0.030397477184370914,-0.004931323836187218,-0.006112592255927751,-0.015088961870798556,75.18,119.8547,0.9918,1.1432,1
2018-12-21,-0.010096640200158102,-0.004370489390800536,-0.026525014206582043,-0.03148395838824136,-0.015552413007484667,0.013621494043593696,0.0152958574328812,-0.016411900580663996,74.6487,115.94,0.9914,1.1402,1
2018-12-26,0.02912827292302378,0.00788660854281531,0.022511630893123247,0.03259962708476927,0.03390155167568132,-0.010096640200158102,-0.004370489390800536,-0.026525014206582043,75.45,118,0.9908,1.1408,1
2018-12-27,0.012903404835908017,0.007576109167334089,0.007647988720036025,0.0038623988312940227,-0.028690492462929207,0.02912827292302378,0.00788660854281531,0.022511630893123247,75.42,119.5,0.9902,1.1412,1
2018-12-28,0.008064559836730378,0.004055793334321933,-0.001290791192087859,-5.228416562470528e-4,-0.00939954701150425,0.012903404835908017,0.007576109167334089,0.007647988720036025,74.7239,119.7177,0.9838,1.1445,1
2018-12-31,0.0066046472448046956,0.0015682393540510375,0.008720693441223837,0.008397666770678214,0.013548930558315853,0.008064559836730378,0.004055793334321933,-0.001290791192087859,75.24,119.05,0.9832,1.1456,0
2019-01-02,0.0027225356303337556,6.595762461891752e-4,0.0010397921352742756,0.004011133022413738,0.01947780695957091,0.0066046472448046956,0.0015682393540510375,0.008720693441223837,75.32,120.03,0.9884,1.1357,1
2019-01-03,0.013175421158564404,0.009025332022042143,-0.02415214790747111,-0.03321605000852923,0.010101095986503772,0.0027225356303337556,6.595762461891752e-4,0.0010397921352742756,75.67,122.7074,0.9889,1.1399,1
2019-01-04,-0.0019652806849537185,-0.008119124438503711,0.032946999351707085,0.04189470690407493,0.022852459951875126,0.013175421158564404,0.009025332022042143,-0.02415214790747111,77.8747,125.695,0.9859,1.141,1
2019-01-07,-0.0032840752011900065,0.0034525311730284614,0.007853701792506662,0.011835210684283837,0.010747538723581584,-0.0019652806849537185,-0.008119124438503711,0.032946999351707085,77.9356,126.76,0.981,1.1468,1
2019-01-08,6.576784189711304e-4,-0.0027116989376398948,0.00935153053828941,0.009004815105432051,0.020202707317519497,-0.0032840752011900065,0.0034525311730284614,0.007853701792506662,77.76,128.2689,0.981,1.1444,1
2019-01-09,0.005899722127188145,0.006397659616562912,0.004662556529287265,0.008116420906475241,0.05105517080028443,6.576784189711304e-4,-0.0027116989376398948,0.00935153053828941,78.12,126.76,0.9767,1.1524,0
2019-01-10,-0.01183445764700286,-0.005904076190944352,0.0035213347792115712,0.0028562577630006913,0.004514680354526401,0.005899722127188145,0.006397659616562912,0.004662556529287265,77.74,126.3833,0.9817,1.1517,1
2019-01-11,0.001982161203991417,0.0017256259674693908,3.862047705673888e-4,-0.003664941829342183,-0.018182319083190457,-0.01183445764700286,-0.005904076190944352,0.0035213347792115712,76.86,125.24,0.9829,1.1479,0
2019-01-15,-0.001982161203991417,6.56598841711542e-4,0.005276040968213991,0.01046222438063893,0.009132483563272675,0.001982161203991417,0.0017256259674693908,3.862047705673888e-4,75.69,124.91,0.9885,1.1392,0
2019-01-16,0.001982161203991417,0.0031947600385908714,0.002416896425192938,-1.847688854459406e-4,0.005439723295818322,-0.001982161203991417,6.56598841711542e-4,0.005276040968213991,76.54,128.03,0.9899,1.1408,0
2019-01-17,-0.0033057881344995543,-0.0013094363111685325,0.007558153321863159,0.007853282891949753,-0.002716162828777957,0.001982161203991417,0.0031947600385908714,0.002416896425192938,76.94,133.2068,0.9944,1.1386,1
2019-01-18,-0.014676714415932768,-0.008966456650755461,0.013222209176102062,0.009851697290991446,0.02506845686261805,-0.0033057881344995543,-0.0013094363111685325,0.007558153321863159,75.64,130.7077,0.9954,1.1362,1
2019-01-22,0.0020140993717010502,0.00354683425400637,-0.013602567478203653,-0.02023358247382756,-0.016942001305592758,-0.014676714415932768,-0.008966456650755461,0.013222209176102062,74.81,126.9,0.9972,1.1359,1
2019-01-23,0.0020100509280243095,-0.0014007335541199595,0.002090182606797164,0.0012959364953584185,-0.006314860858674276,0.0020140993717010502,0.00354683425400637,-0.013602567478203653,75.3,128.47,0.9946,1.139,1
2019-01-24,-0.00402415029972536,-0.001567851127786568,5.313496405561224e-4,0.006454609776679554,0.010801185117347067,0.0020100509280243095,-0.0014007335541199595,0.002090182606797164,76.02,125.5,0.9965,1.1322,0
2019-01-25,0.02587208982559508,0.014511424969506415,0.008425795602145847,0.011877709306792106,0.0071365155693201565,-0.00402415029972536,-0.001567851127786568,5.313496405561224e-4,77.49,128.9822,0.993,1.1407,1
2019-01-28,0.0026160904390510886,0.003493808144679811,-0.007629300139885942,-0.012429332010859717,-0.027028672387919617,0.02587208982559508,0.014511424969506415,0.008425795602145847,77,126.0045,0.991,1.1438,0
2019-01-29,0.005861299749991389,0.005580958393312407,-0.0013278451028160276,-0.009486334537199603,0.01899650069065517,0.0026160904390510886,0.003493808144679811,-0.007629300139885942,77.22,126.52,0.995,1.1424,0
2019-01-30,0.01354422510775688,0.005710394734721014,0.01570683338481338,0.02511973179858984,0.021277398447284934,0.005861299749991389,0.005580958393312407,-0.0013278451028160276,77.48,128.3464,0.9988,1.1418,1
2019-01-31,-0.0012820514576552533,4.8107762313343017e-4,0.008744079080151401,0.01485769004131221,-0.00439561147303813,0.01354422510775688,0.005710394734721014,0.01570683338481338,77.8,127.62,0.9938,1.1454,1
2019-02-01,-0.008373639910409292,-0.00200601872686601,4.814904072718562e-4,-0.004231107888427843,0.024370222603161462,-0.0012820514576552533,4.8107762313343017e-4,0.008744079080151401,78.28,127.65,0.994,1.1474,0
2019-02-04,-0.0025906750240927146,-0.0043467829852144035,0.00701084012536235,0.012345103069648644,-0.011240931161368817,-0.008373639910409292,-0.00200601872686601,4.814904072718562e-4,77.79,127.61,0.9974,1.1438,0
2019-02-05,-6.487188031587543e-4,0.0025781516052987286,0.0041830318214008955,0.008809077401737753,-0.018429657207633898,-0.0025906750240927146,-0.0043467829852144035,0.00701084012536235,77.73,131.19,1.0005,1.1406,0
2019-02-06,-0.012406296898484825,-0.006781876469941217,-0.0013190680499715057,-0.0029863878145901523,0.0026536946134663175,-6.487188031587543e-4,0.0025781516052987286,0.0041830318214008955,76.47,130.44,1.0009,1.138,0
2019-02-07,0.005242475964850168,0.002427382047937243,-0.00957861729706977,-0.013520501165940502,-0.02233232605449098,-0.012406296898484825,-0.006781876469941217,-0.0013190680499715057,75.65,131.58,1.001,1.1357,1
2019-02-08,0.004564729152114477,0.0037910914532597317,0.001220843273293859,0.0019596787648641367,9.029345985922532e-4,0.005242475964850168,0.002427382047937243,-0.00957861729706977,75.8434,132.76,1,1.1326,0
2019-02-11,-0.007838054497083746,-0.0049231365325113075,5.544364295859694e-4,-9.496676877072119e-4,-0.006337730584549561,0.004564729152114477,0.0037910914532597317,0.001220843273293859,74.58,131.715,1.004,1.1277,0
2019-02-12,0.0013106161771205826,0.002101350486324094,0.012777380473242061,0.014677972850591026,0.01353200621857642,-0.007838054497083746,-0.0049231365325113075,5.544364295859694e-4,75.1,133,1.0068,1.1316,0
2019-02-13,-0.009871748479154174,-0.003963925426541337,0.003241730060294934,7.019596661450578e-4,0.01600034134644135,0.0013106161771205826,0.002101350486324094,0.012777380473242061,74.51,133.22,1.0073,1.1288,0
2019-02-14,0.00461894585629441,0.005577349461598047,-0.002220726471016121,0.0012272449893773185,0.012270092591814219,-0.009871748479154174,-0.003963925426541337,0.003241730060294934,74.6,135,1.0064,1.1284,0
2019-02-15,0.010478157425524603,0.005947136390355823,0.010838348054366342,0.00419629943195865,0.019836786718205435,0.00461894585629441,0.005577349461598047,-0.002220726471016121,76.52,136.54,1.0063,1.1268,0
2019-02-19,0.011658163127389543,0.015109631391766243,0.0017290447735449632,0.0019754814396115705,0.005960000613814742,0.010478157425524603,0.005947136390355823,0.010838348054366342,77.7,141.21,1.0018,1.1328,0
2019-02-21,-0.010356079610091218,-0.013108430003465621,-0.001548796390785867,-0.0038383298069346594,0.008453135711058213,0.011658163127389543,0.015109631391766243,0.0017290447735449632,77.99,139.8291,1.001,1.1338,0
2019-02-22,0.0071313106110766356,0.003592101248210966,0.006180844745354186,0.007372823737709311,0.005874964443020936,-0.010356079610091218,-0.013108430003465621,-0.001548796390785867,79.9,141.98,0.9998,1.1342,0
2019-02-25,-0.0019398648178263755,-0.0010363934439050482,0.0013603983052474788,0.003637312401934878,-0.0323157371719347,0.0071313106110766356,0.003592101248210966,0.006180844745354186,80.84,146.71,1.0006,1.1345,0
2019-02-26,0.0019398648178263755,0.0016736405580290992,-7.157684079110993e-4,0.0010368067284396432,0.0051724253249880725,-0.0019398648178263755,-0.0010363934439050482,0.0013603983052474788,81.41,148.84,1.0002,1.1374,0
2019-02-27,-0.013004084423206663,-0.007112348677468461,-4.29707089617537e-4,-6.33476366600938e-4,0.022109744172117196,0.0019398648178263755,0.0016736405580290992,-7.157684079110993e-4,82.19,144.89,1.0003,1.137,0
2019-02-28,-0.008544251782995893,-0.005629739816743751,-0.0018642007262990035,-0.002306939139505637,0.005033567674829431,-0.013004084423206663,-0.007112348677468461,-4.29707089617537e-4,82.52,146.38,0.9974,1.1379,0
2019-03-01,-0.029472997342032237,-0.017163963074242616,0.006224309131066974,0.00690491264041615,-0.024567097455173492,-0.008544251782995893,-0.005629739816743751,-0.0018642007262990035,81.07,146.095,0.9987,1.1376,0
2019-03-04,-0.0068213088507382835,-0.0026289860689159283,-0.0036440324701239035,1.7201341747075105e-4,0.011935350549272972,-0.029472997342032237,-0.017163963074242616,0.006224309131066974,79.12,145.1,0.9994,1.1328,1
2019-03-05,0.009536857023221046,0.0013153569801778175,-0.0013609829828995501,7.450497522061283e-4,0.0016934805063328895,-0.0068213088507382835,-0.0026289860689159283,-0.0036440324701239035,79.25,143.18,1.0045,1.13,0
2019-03-06,-0.006802747322752545,-9.041220358616542e-4,-0.006075330989864014,-0.00568787262089554,-0.00593977138778401,0.009536857023221046,0.0013153569801778175,-0.0013609829828995501,78.32,145,1.0038,1.132,0
2019-03-07,-0.004789608882564078,-8.226390723882204e-4,-0.008400672208304094,-0.012348340910760314,0.005093389619102773,-0.006802747322752545,-9.041220358616542e-4,-0.006075330989864014,77.14,144.08,1.0106,1.1214,0
2019-03-08,0.022381402196134825,0.010886131652101838,-0.0020019298003068897,-0.0015178053118169998,-0.006796967543886812,-0.004789608882564078,-8.226390723882204e-4,-0.008400672208304094,77.57,143.17,1.0074,1.1243,0
2019-03-11,-0.0020140993717010502,-0.004896370154411578,0.014397065458979341,0.02058471064337475,0.011021730904195337,0.022381402196134825,0.010886131652101838,-0.0020019298003068897,77.46,144.66,1.011,1.1226,1
2019-03-12,0.008032171697264001,0.006035415107112918,0.0037639174793202557,0.0054791530260160926,0.0025263171331109113,-0.0020140993717010502,-0.004896370154411578,0.014397065458979341,79.1,145.62,1.0078,1.1276,0
2019-03-13,0.0019980026626731373,0.006968669316093745,0.006597388549763217,0.007485149776101707,0.02491823279048999,0.008032171697264001,0.006035415107112918,0.0037639174793202557,80.04,147.5,1.0046,1.131,0
2019-03-14,-0.0174501072215949,-0.011614343753995726,-6.400000218445001e-4,-0.001696257333100526,0.002458010250268927,0.0019980026626731373,0.006968669316093745,0.006597388549763217,78.08,147.5225,1.0044,1.1304,0
2019-03-15,0.005401768705420196,0.004564357096934479,5.333617919385247e-4,0.00923794098493591,-0.0016380020042383592,-0.0174501072215949,-0.011614343753995726,-6.400000218445001e-4,78.73,147.9531,1.0026,1.1326,0
2019-03-18,0.004032263527938618,5.690825729782745e-4,0.0036193354391622634,5.605381312685509e-4,0.008975988457151196,0.005401768705420196,0.004564357096934479,5.333617919385247e-4,79.02,150.09,1.0004,1.1337,0
2019-03-19,0.0013404827744518677,0.0027595180241579698,2.47906080280913e-4,0.0033566465082728314,-0.0024400174773657746,0.004032263527938618,5.690825729782745e-4,0.0036193354391622634,80.81,151.34,1.0001,1.1346,0
2019-03-20,0.00933340108730496,0.006463102155255029,-0.0030144539184595587,0.003957531432631889,0.01775672158925934,0.0013404827744518677,0.0027595180241579698,2.47906080280913e-4,82.13,152.13,0.9974,1.1352,1
2019-03-21,-0.003323366302415476,-0.004034541097635014,0.01123131110988318,0.015511033248345463,-0.004811556997222244,0.00933340108730496,0.006463102155255029,-0.0030144539184595587,81.53,151.35,0.9924,1.1361,1
2019-03-22,-0.0026666682469151937,0.002342016010943304,-0.019433924861200325,-0.022208981932473115,-0.017025137611952346,-0.003323366302415476,-0.004034541097635014,0.01123131110988318,80.12,146.975,0.994,1.1282,1
2019-03-25,0.006653384490736602,0.00763393156482195,-7.522972286952978e-4,-0.0019059370083720495,0.0016339872916550924,-0.0026666682469151937,0.002342016010943304,-0.019433924861200325,81.2,148.99,0.9918,1.1324,0
2019-03-26,-0.00531916147759981,-0.004975533898211815,0.0074264837181718946,0.004646354259867813,0.017799822701209056,0.006653384490736602,0.00763393156482195,-7.522972286952978e-4,81.26,145.41,0.994,1.128,0
2019-03-27,-0.01139804495236918,-0.005243004549240204,-0.005242803171189969,-0.0064435017726518495,-0.01047974121470352,-0.00531916147759981,-0.004975533898211815,0.0074264837181718946,80.73,135.14,0.9946,1.125,1
2019-03-28,-0.016315793615146568,-0.014253957480199198,0.0037832866883347194,0.0023020138741651763,8.100445967444969e-4,-0.01139804495236918,-0.005243004549240204,-0.005242803171189969,79.38,126.19,0.9952,1.1236,0
2019-03-29,0.006149660651675326,9.019721000163017e-4,0.00628564366419937,0.007542567255105048,0.012072581234269464,-0.016315793615146568,-0.014253957480199198,0.0037832866883347194,80.15,130.54,0.9962,1.1228,0
2019-04-01,-0.0013633267278643224,-0.003941862704533783,0.01178947687627474,0.013160267347380739,0.02527780718426831,0.006149660651675326,9.019721000163017e-4,0.00628564366419937,80.35,135,0.9988,1.121,0
2019-04-02,6.818956963852152e-4,0.0036959509856018258,4.896817166759604e-4,0.003783210368061951,0.01471184103189005,-0.0013633267278643224,-0.003941862704533783,0.01178947687627474,80.51,136.26,0.9986,1.1186,0
2019-04-03,6.814310314791072e-4,-0.001476741592513875,0.0015723548374753094,0.005729736556236098,-0.0015384618419056473,6.818956963852152e-4,0.0036959509856018258,4.896817166759604e-4,82.23,133.3,0.997,1.1242,0
2019-04-04,0.00407886357482079,0.002541922569133881,0.0026499318156743,-3.8096275189314355e-4,-0.005403332328052457,6.814310314791072e-4,-0.001476741592513875,0.0015723548374753094,84.94,129.91,1.0002,1.1216,0
2019-04-05,-0.004760294606299897,-0.001065180976620006,0.004828493966402725,0.005157869023635797,0.017645260269317564,0.00407886357482079,0.002541922569133881,0.0026499318156743,85.09,129.55,1.0003,1.1217,0
2019-04-08,0.010173027713050509,0.004335562437768559,7.620895477611356e-4,0.002541984656603269,0.018832948333092236,-0.004760294606299897,-0.001065180976620006,0.004828493966402725,85.92,130.66,0.9994,1.1262,0
2019-04-09,-0.002702704347885554,0.005210465260468311,-0.005138008178757758,-0.0035172244803360897,-0.005237572766248366,0.010173027713050509,0.004335562437768559,7.620895477611356e-4,84.22,131.95,0.9999,1.1278,0
2019-04-10,0,0.0030809169821752747,0.0034051457502650706,0.005352087380447124,0.005983563102969658,-0.002702704347885554,0.005210465260468311,-0.005138008178757758,85.34,131.11,1.0019,1.1266,0
2019-04-11,-0.01637144341468222,-0.012872916886792929,-2.775368621454888e-4,-0.0023751698075713534,-0.010494848949470725,0,0.0030809169821752747,0.0034051457502650706,84.34,129.42,1.0027,1.1262,0
2019-04-12,0.0013745706631667076,-9.84494295613203e-4,0.006743113884890128,0.004314303191934599,0.0022581868835920282,-0.01637144341468222,-0.012872916886792929,-2.775368621454888e-4,84.46,129.9,1.0017,1.1304,0
2019-04-15,0.0013726838119723084,-0.0018896608342497956,-6.550256211310668e-4,1.6142484363435017e-4,-0.004521484718845947,0.0013745706631667076,-9.84494295613203e-4,0.006743113884890128,83.81,128.15,1.0039,1.1304,0
2019-04-16,-0.0013726838119723084,-0.009004232492766384,6.550256211310668e-4,0.0034375369546770784,0.009770840604989228,0.0013726838119723084,-0.0018896608342497956,-6.550256211310668e-4,83.36,127.92,1.0066,1.1293,0
2019-04-17,-6.870491510384547e-4,-0.0019103789189722775,-0.002449924449633656,0.003479195266567814,-0.006754247065563934,-0.0013726838119723084,-0.009004232492766384,6.550256211310668e-4,84,132.22,1.0099,1.1297,0
2019-04-18,6.870491510384547e-4,7.479742713156767e-4,0.00196731559473573,0.0012815722371364302,0.0030075210639552985,-6.870491510384547e-4,-0.0019103789189722775,-0.002449924449633656,85.35,134.41,1.0154,1.1241,0
2019-04-22,0.0013726838119723084,0,8.616381997521572e-4,0.0028243337630824428,0.02593698562361535,6.870491510384547e-4,7.479742713156767e-4,0.00196731559473573,85.03,131.0761,1.0155,1.1258,0
2019-04-23,-0.01242251999855748,-0.0020790892765143454,0.008951444492479865,0.012637981178278856,0.008740041069352333,0.0013726838119723084,0,8.616381997521572e-4,84.07,131.33,1.0218,1.1213,0
2019-04-24,0.00800950477370499,0.0029095161636316647,-0.002221805361006801,-0.003157731164481703,-0.008008779610806371,-0.01242251999855748,-0.0020790892765143454,0.008951444492479865,83.62,133.94,1.0184,1.1192,0
2019-04-25,2.892980409900936e-4,8.297378504584785e-4,-6.161429646560634e-4,0.0040506118141525604,-0.011025470011707394,0.00800950477370499,0.0029095161636316647,-0.002221805361006801,83.84,133.61,1.0199,1.114,0
2019-04-26,0.0061792163659579735,0.006613233989051004,0.00464592780466333,8.920841249659972e-4,-0.033060862260888335,2.892980409900936e-4,8.297378504584785e-4,-6.161429646560634e-4,85,138.63,1.019,1.1154,0
2019-04-29,-0.008937838805037401,-0.004459132079054129,0.0015665443879315788,0.0019388483030189363,0.010638398205055744,0.0061792163659579735,0.006613233989051004,0.00464592780466333,84.74,128.77,1.0201,1.1166,0
2019-04-30,0.0034470906246211186,0.003057474595997256,5.102995569066238e-4,-0.007778050564542838,0.004524894598289642,-0.008937838805037401,-0.004459132079054129,0.0015665443879315788,83.94,130.71,1.02,1.1201,0
2019-05-01,-0.01945857086753211,-0.006622540760493401,-0.0075448866863609965,-0.00322350795682258,-0.005281038301613528,0.0034470906246211186,0.003057474595997256,5.102995569066238e-4,81.78,127.49,1.0137,1.1246,1
2019-05-02,-0.0028109646056502235,-0.003827915134356985,-0.0021612729042788104,-0.004349677980297173,-0.030724382931016425,-0.01945857086753211,-0.006622540760493401,-0.0075448866863609965,80.4,128.1875,1.018,1.1184,1
2019-05-03,0.019512814223581643,0.005902174330677745,0.009740170304017859,0.015822280395960675,0.0038925701155112513,-0.0028109646056502235,-0.003827915134356985,-0.0021612729042788104,82.36,129.05,1.0178,1.1186,1
2019-05-06,-0.0013812156891983562,0.0013252714604314875,-0.004123717183861508,-0.006140945686083477,0.015420506028095637,0.019512814223581643,0.005902174330677745,0.009740170304017859,82.77,126.72,1.0179,1.1197,1
2019-05-07,0,0.0033055149509477744,-0.016840690727734753,-0.019672068271733067,-0.026358115066815735,-0.0013812156891983562,0.0013252714604314875,-0.004123717183861508,82.28,125.33,1.0215,1.1178,1
2019-05-08,-0.003461408786589626,-0.002478111296264629,-0.0013901924179648972,-0.0025268151397606076,0.012490404381781062,0,0.0033055149509477744,-0.016840690727734753,81.45,124.53,1.0181,1.1206,0
2019-05-09,-0.006260890016722254,0.0023956064490580076,-0.0030303581245672007,-0.005397541036250786,-0.0062257010424531245,-0.003461408786589626,-0.002478111296264629,-0.0013901924179648972,80.27,123.04,1.0133,1.1228,1
2019-05-10,0.0013947003655494505,0.0018958914305136076,0.00501079759541323,0.0012440167112623968,0.002339182353172209,-0.006260890016722254,0.0023956064490580076,-0.0030303581245672007,81.78,127.78,1.0109,1.1241,1
2019-05-13,0,0.01015985797893304,-0.025451317550448493,-0.035319144989253815,-0.012539349252735477,0.0013947003655494505,0.0018958914305136076,0.00501079759541323,80.59,124.98,1.0064,1.1232,1
2019-05-14,0.001392757885303464,-0.0017133769948518562,0.009003002716545971,0.010915679780937992,0.014873072598955428,0,0.01015985797893304,-0.025451317550448493,80.98,126.33,1.0088,1.1207,1
2019-05-15,-6.961364708555351e-4,-5.717786555612392e-4,0.005840357170304955,0.01402547535450438,0.007739976720317454,0.001392757885303464,-0.0017133769948518562,0.009003002716545971,79.99,127.01,1.009,1.1208,1
2019-05-16,-0.014731939530831184,-0.007216103473727031,0.009218586130617545,0.009999539872271868,0.01302201472811193,-6.961364708555351e-4,-5.717786555612392e-4,0.005840357170304955,78.79,125.72,1.0101,1.1178,1
2019-05-17,-0.009229742482802727,-0.007102771849479161,-0.0064860568423483755,-0.01027266690535189,-0.004576667027412107,-0.014731939530831184,-0.007216103473727031,0.009218586130617545,77.39,124.15,1.0108,1.1166,1
2019-05-20,0.0021375141733108727,-8.288781139498269e-5,-0.006634047391712805,-0.017025673666393182,0.0053374125947209805,-0.009229742482802727,-0.007102771849479161,-0.0064860568423483755,77.06,125.54,1.0082,1.117,0
2019-05-21,-7.119971820901405e-4,-0.0023236524978011985,0.008975273236183412,0.01039315010626396,-0.0015220703090683685,0.0021375141733108727,-8.288781139498269e-5,-0.006634047391712805,77.17,124.38,1.0104,1.1158,0
2019-05-22,0,-9.97506317125918e-4,-0.0030761725939152385,-0.0044646622322792595,-0.030153038170687818,-7.119971820901405e-4,-0.0023236524978011985,0.008975273236183412,76.05,124.4,1.009,1.1156,0
2019-05-23,0.00921665510492442,0.007704772798712511,-0.012293865319353614,-0.015420463104619309,-0.05236798551731603,0,-9.97506317125918e-4,-0.0030761725939152385,75.57,123.72,1.004,1.1172,0
2019-05-24,-0.0021193932341625477,0.0010722977065729111,0.0022658085173388187,-5.050363452934192e-4,0.011513285072379809,0.00921665510492442,0.007704772798712511,-0.012293865319353614,76.12,126.25,1.0021,1.1197,0
2019-05-28,-0.01352815220105219,-0.003882216910787939,-0.009344036152401536,-0.003767753648856953,0,-0.0021193932341625477,0.0010722977065729111,0.0022658085173388187,75.53,126.79,1.0086,1.1177,1
2019-05-29,0.005718385846995133,3.30988832149437e-4,-0.0067333086309977475,-0.008259834242373643,8.173273850990981e-4,-0.01352815220105219,-0.003882216910787939,-0.009344036152401536,75.01,126.81,1.0066,1.1136,0
2019-05-30,0.0056858717503529554,0.006761239477342862,0.0027274375421892927,0.004195017489911024,-0.04000533461369926,0.005718385846995133,3.30988832149437e-4,-0.0067333086309977475,75.2,129.02,1.0074,1.114,0
2019-05-31,0.002830858224524224,0.013386862229188168,-0.013566868742318938,-0.016081550949841095,-0.057758834152192406,0.0056858717503529554,0.006761239477342862,0.0027274375421892927,74.99,125.23,1.0034,1.1149,0
2019-06-03,0.01612372820365371,0.014329660751411843,-0.002546196632407849,-0.02226383121251807,-0.009959339902758657,0.002830858224524224,0.013386862229188168,-0.013566868742318938,77.82,125.29,0.9994,1.1206,1
2019-06-04,0.0027777795639023495,3.19667548474456e-4,0.02147443356770662,0.027767485533538583,0.015350188537635034,0.01612372820365371,0.014329660751411843,-0.002546196632407849,77.58,126.72,0.994,1.1236,1
2019-06-05,-0.0027777795639023495,0.0025536682938254174,0.008624873781760023,0.007404909661667958,-0.035571465784867584,0.0027777795639023495,3.19667548474456e-4,0.02147443356770662,75.85,125.21,0.9919,1.1242,0
2019-06-06,0.004856062265540473,0.0032623860245974967,0.0064816346405960346,0.007913669698596415,0.026570504925891747,-0.0027777795639023495,0.0025536682938254174,0.008624873781760023,75.88,127.8,0.9886,1.1294,0
2019-06-07,0.009299188761243915,0.005624445452530935,0.009957283771481862,0.01912786604604566,0.015253772656163012,0.004856062265540473,0.0032623860245974967,0.0064816346405960346,76.18,128.51,0.9877,1.1324,1
2019-06-10,-0.021133646408246776,-0.0100032590253063,0.004578413186516528,0.01158748789954167,-0.010743165098813456,0.009299188761243915,0.005624445452530935,0.009957283771481862,76.2,130.87,0.9898,1.1311,0
2019-06-11,0.0034952849286424836,-0.0011975571268756369,-2.4226902362922687e-4,0.0013640705975408451,0,-0.021133646408246776,-0.0100032590253063,0.004578413186516528,77.05,132.0824,0.9925,1.1316,1
2019-06-12,0.0013947003655494505,0.005179088107321483,-0.0017668767263554486,-0.005796483665607255,-0.043225119738039997,0.0034952849286424836,-0.0011975571268756369,-2.4226902362922687e-4,76.55,133.28,0.9944,1.131,0
2019-06-13,0.007636274524988718,0.006100720106199553,0.004117866607440845,0.005905528974040841,0.022305757514298197,0.0013947003655494505,0.005179088107321483,-0.0017668767263554486,76.7028,136.74,0.9946,1.1275,0
2019-06-14,-0.0013840832659388624,-0.00031600569073209073,-0.0011056597076892771,-0.004261602909258144,0.005499555566038428,0.007636274524988718,0.006100720106199553,0.004117866607440845,75.92,138.67,0.999,1.1217,0
2019-06-17,-0.001386001607877052,-6.323111181272267e-4,3.8020842792452214e-4,0.006004712621781039,-0.011954165342718426,-0.0013840832659388624,-0.00031600569073209073,-0.0011056597076892771,75.04,137.4,0.9982,1.1235,0
2019-06-18,0.00966191091173707,0.0050473293272439435,0.010416581802112468,0.014426834037833736,0.039896496999312525,-0.001386001607877052,-6.323111181272267e-4,3.8020842792452214e-4,75.86,139.74,0.9994,1.1196,0
2019-06-19,0.008888947417245774,0.006038997216768038,0.0022546383342563203,0.003748130324987109,0.007085946389485898,0.00966191091173707,0.0050473293272439435,0.010416581802112468,76.63,142.12,0.996,1.1214,0
2019-06-20,0.02088321091642431,0.024866146066082173,0.009509003254210668,0.009256369952324484,0.04487379254122503,0.008888947417245774,0.006038997216768038,0.0022546383342563203,76.29,140.99,0.9821,1.1284,1
2019-06-21,-0.008032171697264001,0.006613730443964627,-0.006306602125408567,-0.001483758419634995,0.010075651988741718,0.02088321091642431,0.024866146066082173,0.009509003254210668,76.46,142.1,0.9789,1.1328,0
2019-06-24,0.008032171697264001,0.014741542526628848,-0.0012252400961010323,-0.00217662602856894,0.0033361165220102684,-0.008032171697264001,0.006613730443964627,-0.006306602125408567,77.02,145.48,0.972,1.1393,0
2019-06-25,-0.0073603544062925685,0.0019392860556770586,-0.00985634262614532,-0.01731528961347717,-8.329863038918361e-4,0.008032171697264001,0.014741542526628848,-0.0012252400961010323,76.31,144.52,0.9726,1.1386,1
2019-06-26,-0.004037690546076611,-0.009207685668966903,-9.978838809576729e-4,0.004639628521294625,0.023879273789943145,-0.0073603544062925685,0.0019392860556770586,-0.00985634262614532,77.06,144.26,0.976,1.139,0
2019-06-27,-0.002024975379771643,-9.781423600685457e-4,0.0035397050550693976,0.0038142354657910715,0,-0.004037690546076611,-0.009207685668966903,-9.978838809576729e-4,76.9,146.3382,0.9766,1.1372,0
2019-06-28,0.004045858519543977,0.0027063615977427347,0.005132603226520871,0.0012860359719093495,-0.02055148369726867,-0.002024975379771643,-9.781423600685457e-4,0.0035397050550693976,78.86,145.5764,0.9758,1.1374,0
2019-07-01,-0.012187016103243575,-0.019559413631777822,0.00903753645587635,0.013404456024306732,0.01973748283832144,0.004045858519543977,0.0027063615977427347,0.005132603226520871,78.54,146.27,0.9864,1.1307,0
2019-07-02,0.010166132963471242,0.02113474871620369,0.0026009574020369186,0.003954971274353625,-0.04838308091528587,-0.012187016103243575,-0.019559413631777822,0.00903753645587635,78.25,147.77,0.986,1.1301,0
2019-07-03,0.001347709098867611,0.0016476936022549182,0.007963350383681345,0.007497741245678036,0.005965079468475132,0.010166132963471242,0.02113474871620369,0.0026009574020369186,79.309,148.9645,0.9864,1.1275,0
2019-07-05,-0.01766350271401418,-0.011212820191230044,-0.0011385327553403712,-0.002039269707209357,0.015177357105334188,0.001347709098867611,0.0016476936022549182,0.007963350383681345,76.56,148.43,0.9923,1.1216,0
2019-07-08,-0.0013717423275809715,-0.006453349655720864,-0.005510026035649318,-0.007038583528454545,-0.0016750422676952148,-0.01766350271401418,-0.011212820191230044,-0.0011385327553403712,77.0455,147.64,0.9938,1.1208,0
2019-07-09,0.0075214029792562975,0.00349757047545296,0.0012457704343411535,0.004995146700977671,0.009178203770850324,-0.0013717423275809715,-0.006453349655720864,-0.005510026035649318,76.73,146.24,0.9928,1.121,0
2019-07-10,0.008141157583699599,0.01566415038681157,0.004766709260530355,0.00991605640938431,0.03989132902730219,0.0075214029792562975,0.00349757047545296,0.0012457704343411535,78.21,150.2,0.9892,1.126,0
2019-07-11,-0.00711988089918858,-0.008479396470121081,0.0023414514309809675,-7.273105416976122e-4,0.0015948966698160483,0.008141157583699599,0.01566415038681157,0.004766709260530355,77.87,147.75,0.9886,1.1261,0
2019-07-12,0.006443976851827848,0.006235230357710897,0.004466971892052918,0.005752056279141549,-0.0023932999058406956,-0.00711988089918858,-0.008479396470121081,0.0023414514309809675,78.44,146.27,0.9845,1.1254,0
2019-07-15,0.01076002311398705,0,3.325573692105621e-4,0.003198516965415621,-0.017728103293580322,0.006443976851827848,0.006235230357710897,0.004466971892052918,79.6,147.91,0.9847,1.126,0
2019-07-16,0.008326442776553478,-0.00849852819296526,-0.0032304825523388203,-0.005163967065385577,-0.01887622726893179,0.01076002311398705,0,3.325573692105621e-4,79.24,144.29,0.989,1.1212,0
2019-07-17,0.027802281311951837,0.016331174257264713,-0.0068282498535383596,-0.004930592576098292,-0.026869794519272183,0.008326442776553478,-0.00849852819296526,-0.0032304825523388203,79.76,145.14,0.987,1.1232,0
2019-07-18,0.022329476398088577,0.014019265983196583,0.003654227376272523,0.0011439863969266995,-0.016302377345936758,0.027802281311951837,0.016331174257264713,-0.0068282498535383596,80.59,144.4,0.9862,1.1228,0
2019-07-19,-0.008235713322228833,-0.014836957907590431,-0.005570484203093251,-0.007354700236074763,0.009470583054233206,0.022329476398088577,0.014019265983196583,0.003654227376272523,80.02,142.75,0.9823,1.122,1
2019-07-22,0.012014055348634756,-1.4874312090462638e-4,0.002453494097145459,0.007926203044200442,8.565311016166532e-4,-0.008235713322228833,-0.014836957907590431,-0.005570484203093251,80.22,144.252,0.9815,1.1214,0
2019-07-23,6.283380665417226e-4,-0.005668695719842631,0.007124609937298132,0.006523112796913644,0.011068652809189672,0.012014055348634756,-1.4874312090462638e-4,0.002453494097145459,80.8,143.82,0.9848,1.1156,0
2019-07-24,0.01062178058805463,0.005073501892287169,0.004688521731464057,0.006993395088465526,-0.018803972857610596,6.283380665417226e-4,-0.005668695719842631,0.007124609937298132,82.68,145.2,0.9854,1.1141,0
2019-07-25,-0.0099938370823347,-0.007095141605949706,-0.004788516731797365,-0.009525107412338585,8.624407606587781e-4,0.01062178058805463,0.005073501892287169,0.004688521731464057,81.85,144.26,0.9899,1.1156,0
2019-07-26,-0.004088698886798081,0.0016475702071865328,0.00667765475324078,0.010242247080405775,0.004301081899390713,-0.0099938370823347,-0.007095141605949706,-0.004788516731797365,81.58,144.26,0.9933,1.1121,0
2019-07-29,0.0059701669865037665,0.006637605008895875,-0.0018227920270588172,-0.003436693900847665,0.014486831966242342,-0.004088698886798081,0.0016475702071865328,0.00667765475324078,83.29,146.76,0.9916,1.1142,0
2019-07-30,0.006868587727758335,0.0033393968178092592,-0.0024577381264601073,-0.004325444436984682,0.021758180528716586,0.0059701669865037665,0.006637605008895875,-0.0018227920270588172,82.36,142.9907,0.9908,1.1148,0
2019-07-31,-0.01884477877447388,-0.013199788951888891,-0.011000696073889316,-0.013926643710631126,-0.0033167526259938462,0.006868587727758335,0.0033393968178092592,-0.0024577381264601073,81.54,143.54,0.9902,1.113,1
2019-08-01,0.0082097082512389,0.023738226141657215,-0.00874606686094559,-0.004983616871959029,-0.06254714975264575,-0.01884477877447388,-0.013199788951888891,-0.011000696073889316,80.58,134.8353,0.9938,1.1062,1
2019-08-02,-0.009478743954543845,-0.003819321572622769,-0.007557997371071323,-0.014834709134571966,0.014919100763391313,0.0082097082512389,0.023738226141657215,-0.00874606686094559,79.66,132.51,0.982,1.1112,1
2019-08-05,0.010107477078053151,0.01388505207340529,-0.03053460454362522,-0.03597432039214876,-0.009628083128975895,-0.009478743954543845,-0.003819321572622769,-0.007557997371071323,80.65,133.52,0.9721,1.1197,1
2019-08-06,0.003137749671967338,0.008095454403486357,0.013925560046875951,0.01390170468951979,-0.020436073263306653,0.010107477078053151,0.01388505207340529,-0.03053460454362522,80.46,135.8254,0.9782,1.1196,1
2019-08-07,0.036904556935450916,0.015075482881597324,5.905135902883885e-4,0.005387621532378262,-0.027299238487637822,0.003137749671967338,0.008095454403486357,0.013925560046875951,81.51,133.6,0.9708,1.1236,1
2019-08-08,-0.005449604767564953,0.005022114887919038,0.019430106267758873,0.021530455049628472,0.011009285508369437,0.036904556935450916,0.015075482881597324,5.905135902883885e-4,81.89,134.4232,0.9751,1.121,1
2019-08-09,-6.073489406248633e-4,-0.0033216751980376102,-0.006834829423175037,-0.009446367775718834,0.028778964550043362,-0.005449604767564953,0.005022114887919038,0.019430106267758873,81.35,134.21,0.971,1.1222,1
2019-08-12,0.0054529065741482086,0.009651700554554665,-0.012248078729854228,-0.011541493663202118,0.007067167223092419,-6.073489406248633e-4,-0.0033216751980376102,-0.006834829423175037,81.01,135.2,0.9696,1.1212,1
2019-08-13,-0.0054529065741482086,-0.005977304108459869,0.01543208607596025,0.021678157497129646,0.04391579532857115,0.0054529065741482086,0.009651700554554665,-0.012248078729854228,80.79,137.01,0.9744,1.1182,1
2019-08-14,0.013876542424819949,0.006818288109248449,-0.030013528755319818,-0.030340465482211698,-0.036898222669924596,-0.0054529065741482086,-0.005977304108459869,0.01543208607596025,79.7946,135.16,0.9736,1.1144,1
2019-08-15,0.0029913273875852298,0.006632944548859321,0.0026382919181653364,-0.001149708593425558,-0.007898242024240165,0.013876542424819949,0.006818288109248449,-0.030013528755319818,79.41,136.83,0.9762,1.1106,1
2019-08-16,-0.007796141436125392,-0.006422809010664388,0.014647166830183522,0.01592295142161415,0.00439561147303813,0.0029913273875852298,0.006632944548859321,0.0026382919181653364,80.21,136.759,0.98,1.1091,1
2019-08-19,-0.013943845200280247,-0.011765256004645508,0.011975778903237533,0.01577952561113971,0.022550825521896467,-0.007796141436125392,-0.006422809010664388,0.014647166830183522,80.39,139.9,0.9808,1.1096,0
2019-08-20,0.015748356968139365,0.007765110314935875,-0.007692081469401479,-0.007778408957216598,-0.002576214391773135,-0.013943845200280247,-0.011765256004645508,0.011975778903237533,80.18,140.11,0.9792,1.1092,0
2019-08-21,-6.011421882265999e-4,-0.003169351527834152,0.008102492227924252,0.008839248180450454,-0.0017211708207729437,0.015748356968139365,0.007765110314935875,-0.007692081469401479,80.63,138.95,0.9816,1.1098,0
2019-08-22,-0.004822191381764096,-0.0025427333942982244,-3.077922768435215e-4,-0.0032390842072285153,-0.006914461428832563,-6.011421882265999e-4,-0.003169351527834152,0.008102492227924252,81.1,140.28,0.9834,1.1089,1
2019-08-23,0.023291587400836367,0.019400405361339246,-0.026023193685786872,-0.03215711163453161,-0.029931811957133903,-0.004822191381764096,-0.0025427333942982244,-3.077922768435215e-4,81,138.58,0.9748,1.1148,1
2019-08-26,0.011737223945725184,1.387154947440905e-4,0.010997754209541633,0.014991149944020954,-8.940545968805225e-4,0.023291587400836367,0.019400405361339246,-0.026023193685786872,80.81,139.43,0.9782,1.1112,0
2019-08-27,0.029320870209672112,0.009525196258013402,-0.003931328666926248,-0.0021123907651796614,0.021239736500910933,0.011737223945725184,1.387154947440905e-4,0.010997754209541633,81.77,139.92,0.9815,1.1094,1
2019-08-28,0.00958563866335771,-0.0028204882317002244,0.007016841350783842,0.0035722055739109138,0.01908123807542772,0.029320870209672112,0.009525196258013402,-0.003931328666926248,85.03,138.75,0.9807,1.1084,1
2019-08-29,-0.006191970247920953,-0.007190296464976598,0.012692140730136359,0.015174147082031908,0.011955735920148758,0.00958563866335771,-0.0028204882317002244,0.007016841350783842,86.42,139.01,0.9853,1.1059,0
2019-08-30,0.00563064550682757,-0.002570606202432657,-4.444216609051921e-4,-0.0023975077415574475,-0.027540466936847086,-0.006191970247920953,-0.007190296464976598,0.012692140730136359,88.04,144.31,0.9899,1.0989,0
2019-09-03,0.04070969175187411,0.013817145553141508,-0.00586431489085637,-0.00975565198601025,-0.021164811192043054,0.00563064550682757,-0.002570606202432657,-4.444216609051921e-4,90.17,145.59,0.9872,1.0968,0
2019-09-04,0.02554689225461404,0.006224157435052113,0.01128641550770837,0.014332562583565966,0.0427452775150754,0.04070969175187411,0.013817145553141508,-0.00586431489085637,93.15,146.9,0.9817,1.1025,0
2019-09-05,-0.05231713331921872,-0.024293810355201728,0.01277346465617235,0.018153138518879786,-8.543358059154293e-4,0.02554689225461404,0.006224157435052113,0.01128641550770837,90.54,147.69,0.9868,1.1038,1
2019-09-06,-0.03321442384287421,-0.008418739213614579,7.719805038766125e-4,-9.912096176343255e-4,0.005965079468475132,-0.05231713331921872,-0.024293810355201728,0.01277346465617235,89.33,144.89,0.9866,1.1042,0
2019-09-09,-0.0011454754975290804,-0.0038824034930877716,5.031446647025817e-4,-0.0020899741135886885,0.025997271234483144,-0.03321442384287421,-0.008418739213614579,7.719805038766125e-4,89.37,145.77,0.991,1.1056,0
2019-09-10,0.001717721578953224,-0.008594718531570678,-2.3476934020294493e-4,-0.0028808652038252447,-0.008312599819365385,-0.0011454754975290804,-0.0038824034930877716,5.031446647025817e-4,87.76,147.03,0.9908,1.1042,0
2019-09-11,0.00967841315191631,0.006045322631970329,0.007085827969657288,0.009345618441980896,-0.02536061528722211,0.001717721578953224,-0.008594718531570678,-2.3476934020294493e-4,89.18,148.66,0.9933,1.1001,0
2019-09-12,-0.006822084446162613,0.002054188786795308,0.0034577951132650497,0.004148737994441376,-0.01814304625880192,0.00967841315191631,0.006045322631970329,0.007085827969657288,89.78,152.28,0.9891,1.1074,0
2019-09-13,-0.03600853602265408,-0.008313544880147461,-6.64032694808192e-4,-0.0035772648770890925,-0.002618945189627464,-0.006822084446162613,0.002054188786795308,0.0034577951132650497,89.63,151.7811,0.9898,1.1074,0
2019-09-16,0.02511080844190694,0.008313544880147461,-0.0030935575606898524,-0.004476609422735756,0.11467019267589329,-0.03600853602265408,-0.008313544880147461,-6.64032694808192e-4,88.51,151.49,0.9919,1.1006,0
2019-09-17,0.00918490957707263,0.0019793587686747216,0.0025287828741609175,0.0047881844369408455,-0.04300025504960159,0.02511080844190694,0.008313544880147461,-0.0030935575606898524,88.76,150.35,0.9925,1.1063,0
2019-09-18,-0.01845496437335914,-0.006305146459454569,5.979867956673601e-4,-4.154549291168763e-4,-0.015580470975248062,0.00918490957707263,0.0019793587686747216,0.0025287828741609175,87.78,149.49,0.995,1.1061,0
2019-09-19,0.0029061339837288536,0.004042702055484959,-6.642532135714418e-5,0.001660785102512996,0.007410490890484844,-0.01845496437335914,-0.006305146459454569,5.979867956673601e-4,88.59,153.04,0.9927,1.1046,0
2019-09-20,0.010966920884518672,0.011751181912670994,-0.009343367490736831,-0.01063507052323498,8.20008246030568e-4,0.0029061339837288536,0.004042702055484959,-6.642532135714418e-5,89.28,155.23,0.993,1.1004,1
2019-09-23,0.03939732919047634,0.005580760909139393,-2.3470636664946198e-4,-0.0015735644474306199,8.193363834023693e-4,0.010966920884518672,0.011751181912670994,-0.009343367490736831,90.59,156.195,0.9894,1.0991,0
2019-09-24,-0.0027631960106959674,0.0052730296327787585,-0.00787776764589232,-0.013369818938251399,-0.0257168880051295,0.03939732919047634,0.005580760909139393,-2.3470636664946198e-4,90.16,158.5,0.9872,1.0999,1
2019-09-25,-0.040660598211268884,-0.01871955200372266,0.005897336338851922,0.011162660545775971,-0.008438868645864517,-0.0027631960106959674,0.0052730296327787585,-0.00787776764589232,87.36,154.92,0.9909,1.0949,1
2019-09-26,-0.0040427430169587275,-2.820675570491815e-4,-0.002085366199204408,-0.0036894576189263617,0,-0.040660598211268884,-0.01871955200372266,0.005897336338851922,88.02,158.28,0.9928,1.0938,0
2019-09-27,-0.018692133012152556,-0.005161757969434078,-0.005401768705420196,-0.012486546760444917,-0.011935350549272972,-0.0040427430169587275,-2.820675570491815e-4,-0.002085366199204408,87.7431,159.25,0.9919,1.0942,1
2019-09-30,-0.026285862270924998,-0.01564708806874382,0.004627057920087552,0.00947218661553162,-0.027827882622740052,-0.018692133012152556,-0.005161757969434078,-0.005401768705420196,83.47,159.19,0.9978,1.0905,0
2019-10-01,0.01322929696849684,0.005457823242814186,-0.011966041661981563,-0.008189792638023441,-0.013315775975772493,-0.026285862270924998,-0.01564708806874382,0.004627057920087552,82.92,156.5946,0.9936,1.0932,1
2019-10-02,0.018349138668196652,0.011606097026673368,-0.017822594584481877,-0.017343965947387296,-0.01894508624244917,0.01322929696849684,0.005457823242814186,-0.011966041661981563,83.8,159.16,0.9975,1.0951,1
2019-10-03,5.863383340072303e-4,0.004520420185220253,0.008159359331687988,0.010915487174520067,-0.0045641338929374164,0.018349138668196652,0.011606097026673368,-0.017822594584481877,83.9672,156.93,0.9974,1.0991,1
2019-10-04,-0.003523198007316708,0,0.013441384371678744,0.01461827141089067,0.010013738660501925,5.863383340072303e-4,0.004520420185220253,0.008159359331687988,83.15,157.74,0.9958,1.0974,1
2019-10-07,-0.006491613236507376,-0.00856369577687488,-0.0043239261825069875,-0.003023473991333958,0,-0.003523198007316708,0,0.013441384371678744,82.78,157.38,0.9947,1.0984,0
2019-10-08,0.019930319720129486,0.008704630172147176,-0.015646542614610404,-0.015094222240270128,-0.013680103904079921,-0.006491613236507376,-0.00856369577687488,-0.0043239261825069875,83.98,158.2,0.994,1.0949,1
2019-10-09,-5.805515402537154e-4,9.155897389279133e-4,0.00945160537300982,0.009714285435224568,0.009140831470660693,0.019930319720129486,0.008704630172147176,-0.015646542614610404,84.28,158.67,0.995,1.0978,0
2019-10-10,-0.013446563315743898,-0.008767644370976768,0.006740714305222717,0.007714650801999845,0.01803475390830389,-5.805515402537154e-4,9.155897389279133e-4,0.00945160537300982,84.76,161.17,0.9954,1.1018,1
2019-10-11,-5.887548006393573e-4,-0.0055547785615344125,0.010313566789703188,0.012796720084828905,0.02034568190403041,-0.013446563315743898,-0.008767644370976768,0.006740714305222717,84.52,160.87,0.9967,1.1039,0
2019-10-15,-0.0059066917153902665,-0.003003864367128628,0.00873720189538929,0.012531687800882096,-0.032031208133675104,-5.887548006393573e-4,-0.0055547785615344125,0.010313566789703188,83.4923,164.27,0.9982,1.1036,0
2019-10-16,-0.0017788323694403196,0.005713893125993685,-0.0016072867108727351,-0.002483444984996197,0.007207238404948857,-0.0059066917153902665,-0.003003864367128628,0.00873720189538929,83.65,167.65,0.9959,1.1075,0
2019-10-17,0.009450749609399622,0.0014233864761736825,0.0029447217102855916,0.0026384557068812597,0.012489011570774977,-0.0017788323694403196,0.005713893125993685,-0.0016072867108727351,83.69,166.7534,0.987,1.1129,0
2019-10-18,0.0017621149933990665,-0.0010673498718496433,-0.004386779743104974,-0.009656393173588462,-0.005333345975362391,0.009450749609399622,0.0014233864761736825,0.0029447217102855916,84.01,166.1789,0.9856,1.1155,0
2019-10-21,5.866823283562361e-4,-0.004781454247837935,0.006756330470514271,0.008829391524137975,-8.916630104818246e-4,0.0017621149933990665,-0.0010673498718496433,-0.004386779743104974,83.69,166.0838,0.9865,1.1145,0
2019-10-22,-0.004114022846324339,0.0029286781174526766,-0.0032721231198253875,-0.007995058681244949,0.011530061215537568,5.866823283562361e-4,-0.004781454247837935,0.006756330470514271,84.042,165.5952,0.9889,1.1138,0
2019-10-23,0.0011771631730148613,0.002351014512163907,0.0029053769873863544,0.0019267327021763592,0.02696988171210357,-0.004114022846324339,0.0029286781174526766,-0.0032721231198253875,86.36,164.69,0.9907,1.1118,0
2019-10-24,0.015757548102370844,0.007090719633094267,0.0016326534238855217,0.009681419617497689,0.006843482653674293,0.0011771631730148613,0.002351014512163907,0.0029053769873863544,87,167.99,0.9923,1.1098,0
2019-10-25,0.013801254139173658,0.0023289470281930846,0.004086588075054465,0.007954266658520837,0.00848901532491153,0.015757548102370844,0.007090719633094267,0.0016326534238855217,87.25,166.9077,0.9945,1.1081,0
2019-10-28,-0.01264384660256157,-0.008637221837074271,0.005620778560734507,0.009816716254157143,-0.015332497978585824,0.013801254139173658,0.0023289470281930846,0.004086588075054465,86.64,170.36,0.996,1.1094,0
2019-10-29,-0.0017366140399173169,-0.0027768895340605226,-2.967799398545523e-4,-0.0077742318839666424,-0.006026707866860548,-0.01264384660256157,-0.008637221837074271,0.005620778560734507,86.72,168.1898,0.9936,1.1117,0
2019-10-30,0.0057770235769223355,0.005475179888088988,0.0030624869576314495,0.004834245986916841,-0.00954454100356994,-0.0017366140399173169,-0.0027768895340605226,-2.967799398545523e-4,87,170.4029,0.9909,1.1123,0
2019-10-31,0.01145487897476638,0.009948926655599877,-0.002666799940895359,4.5677164749857724e-4,-0.014932205422984346,0.0057770235769223355,0.005475179888088988,0.0030624869576314495,87.93,169.3499,0.9868,1.1155,0
2019-11-01,-5.69638295095487e-4,9.123127760046756e-4,0.009221191892144098,0.009041607245647398,0.033931049765682175,0.01145487897476638,0.009948926655599877,-0.002666799940895359,89.5,170.3088,0.9855,1.1169,0
2019-11-04,-0.003996579684485635,-0.0028801256254906704,0.004009719965377911,0.006165896668277604,0.010212854725293763,-5.69638295095487e-4,9.123127760046756e-4,0.009221191892144098,88.17,167.39,0.9871,1.1144,0
2019-11-05,-0.023149181866965574,-0.016312418449039967,-0.001106770946310398,5.495740939203131e-4,0.010109605900553653,-0.003996579684485635,-0.0028801256254906704,0.004009719965377911,87.6,167.95,0.9932,1.107,0
2019-11-06,-0.0023446669592543934,0.004281133902283685,2.2796476414832512e-4,-0.0022501697120898,-0.010109605900553653,-0.023149181866965574,-0.016312418449039967,-0.001106770946310398,87.61,168.57,0.992,1.1076,0
2019-11-07,-0.025558597775965808,-0.015643258149726336,0.0035106004069298535,0.00334841263397756,0.005909683725227932,-0.0023446669592543934,0.004281133902283685,2.2796476414832512e-4,85.72,169.7465,0.9954,1.1045,0
2019-11-08,-0.020067563050809145,-0.006384698464669825,0.002463055432397887,0.003983473872780863,0.009216655104923976,-0.025558597775965808,-0.015643258149726336,0.0035106004069298535,83.62,164.3,0.9971,1.1019,0
2019-11-12,0.0018410560585278013,2.9109963090423463e-4,1.9419361164096927e-4,0.0015393403739798472,-0.010058760417846369,-0.020067563050809145,-0.006384698464669825,0.002463055432397887,82,159.9855,0.9929,1.1017,0
2019-11-13,0.006721687391360032,0.003994050551201944,3.235722403251984e-4,2.4805894007595697e-4,0.007553539900909456,0.0018410560585278013,2.9109963090423463e-4,1.9419361164096927e-4,82.33,161.01,0.9892,1.1004,0
2019-11-14,0.004254032547225339,0.0041946976961622084,0.001454780827169877,-0.00079400530199968955,-0.004189365155276903,0.006721687391360032,0.003994050551201944,3.235722403251984e-4,83.04,163.7443,0.9878,1.1016,0
2019-11-15,-0.003036746943473556,-0.0025291771981894584,0.007210254303199548,0.007320604489200022,0.01417280913945973,0.004254032547225339,0.0041946976961622084,0.001454780827169877,83.85,160.26,0.9903,1.1046,0
2019-11-18,0.0048543784647980814,0.0029621088739029133,7.374040506631374e-4,7.882162090933065e-4,-0.015012792389184959,-0.003036746943473556,-0.0025291771981894584,0.007210254303199548,84.29,163.87,0.9879,1.1079,0
2019-11-19,0.006636525112003966,5.048501784052917e-4,-2.884846562203336e-4,0.0014762329223581006,-0.028122858911898696,0.0048543784647980814,0.0029621088739029133,7.374040506631374e-4,85.9,166.5,0.9912,1.1075,0
2019-11-20,0,5.045954333056102e-4,-0.003725714924763146,-0.006016984024204142,0.028122858911898696,0.006636525112003966,5.048501784052917e-4,-2.884846562203336e-4,86.61,166.7865,0.9921,1.1063,0
2019-11-21,-0.0018055978423383579,-0.005492136944344139,-0.0016102025893056648,-0.002228551126613354,0.024897551621727132,0,5.045954333056102e-4,-0.003725714924763146,86.28,166.0056,0.992,1.1067,0
2019-11-22,-0.007255170881172113,-0.0018858350406532054,0.0022214003951530614,6.443139518612639e-4,-0.007404394174209905,-0.0018055978423383579,-0.005492136944344139,-0.0016102025893056648,83.99,167.3407,0.9967,1.1029,0
2019-11-25,-0.006104761242439416,-0.0048031531101440095,0.0077203144821123,0.011772085215364214,0,-0.007255170881172113,-0.0018858350406532054,0.0022214003951530614,84.52,169.7383,0.9964,1.1009,0
2019-11-26,0.011551068199585401,0.0048031531101440095,0.002263129502071415,0.0019078840510760031,0.006584385928179337,-0.006104761242439416,-0.0048031531101440095,0.0077203144821123,85.7289,171.26,0.9978,1.1012,0
2019-11-27,-0.007876441810437562,-0.005313934251534924,0.004447558001638541,0.006964596518916899,-0.00411015786182789,0.011551068199585401,0.0048031531101440095,0.002263129502071415,84.3352,172.475,0.9996,1.1002,0
2019-11-29,0.004242811350468223,0.006184761592488819,-0.003715528496806897,-0.004572659619049624,-0.04377803420758708,-0.007876441810437562,-0.005313934251534924,0.004447558001638541,84.5839,172.95,1.0001,1.1019,0
2019-12-02,-0.006678866148349449,-5.078904516944149e-4,-0.008531084570325476,-0.010291686036548064,0.0042936948746992165,0.004242811350468223,0.006184761592488819,-0.003715528496806897,84.65,174.61,0.992,1.1075,1
2019-12-03,0.01512888159629977,0.00953420006566752,-0.006729045497416486,-0.007863347556996914,0.007682496172016329,-0.006678866148349449,-5.078904516944149e-4,-0.008531084570325476,85.75,175.08,0.9862,1.1089,0
2019-12-04,-0.018182319083190013,-0.0013667591956059155,0.006151289101951285,0.005051516288696156,0.035912001022699425,0.01512888159629977,0.00953420006566752,-0.006729045497416486,84.37,176.65,0.9893,1.1076,0
2019-12-05,0.005489492284771469,5.757052548185371e-4,0.0017963692519114005,0.001974041997209852,0,-0.018182319083190013,-0.0013667591956059155,0.006151289101951285,84.56,176.3664,0.9872,1.1104,0
2019-12-06,-0.022141125877213952,-0.009977669356358021,0.009092566910403832,0.010641789367712207,0.010608014612193628,0.005489492284771469,5.757052548185371e-4,0.0017963692519114005,84.485,177.28,0.9909,1.1052,0
2019-12-09,0.0012430082395971098,-2.906976764656122e-4,-0.0031491079702350433,-0.004546906897414438,8.113590708789253e-4,-0.022141125877213952,-0.009977669356358021,0.009092566910403832,84.22,177.96,0.9879,1.1067,0
2019-12-10,0.003719781102532238,0.0028307041220738682,-0.001115697984750419,-8.333946605842968e-4,0.0048543784647980814,0.0012430082395971098,-2.906976764656122e-4,-0.0031491079702350433,86.94,179.05,0.9852,1.109,0
2019-12-11,0.01107703633890722,0.006861957655931228,0.00283462248884625,0.005282735823007201,-0.007290433262678864,0.003719781102532238,0.0028307041220738682,-0.001115697984750419,88.64,180.5,0.9856,1.1092,0
2019-12-12,0.0024449889930666657,-0.003533445176229222,0.00858211268531317,0.007436423975283546,0.0056749240260245415,0.01107703633890722,0.006861957655931228,0.00283462248884625,89.16,183.28,0.986,1.1115,1
2019-12-13,0.003656311203110718,0.004468797980329953,5.989439851203926e-4,0.0032874092936907573,0.009654137733089652,0.0024449889930666657,-0.003533445176229222,0.00858211268531317,87.31,181.9,0.9838,1.1128,0
2019-12-16,0.005459522204898981,-7.19191628917315e-5,0.006846545383787372,0.009989037580186988,0.007974523918769627,0.003656311203110718,0.004468797980329953,5.989439851203926e-4,87.55,185.79,0.9839,1.1139,0
2019-12-17,-0.0030293873516074044,-2.1578852808090687e-4,2.1906833454909957e-4,5.73257551646833e-4,0.010272709855720041,0.005459522204898981,-7.19191628917315e-5,0.006846545383787372,87.4211,183.7072,0.9811,1.1148,0
2019-12-18,0.0012128564252091856,7.19346833388812e-5,6.258213907717192e-5,7.638325668555268e-4,0.0015710922320413268,-0.0030293873516074044,-2.1578852808090687e-4,2.1906833454909957e-4,88.1091,180.58,0.9819,1.1113,0
2019-12-19,0.003025720916537189,0.0025862083380330247,0.004090623824595241,0.006232031777723357,0.003134798805371375,0.0012128564252091856,7.19346833388812e-5,6.258213907717192e-5,87.995,182.22,0.9777,1.1128,0
2019-12-20,0.005423333569990696,0.0010039441502964763,-5.299004222925063e-4,0.004023007532044431,-0.011806512586988838,0.003025720916537189,0.0025862083380330247,0.004090623824595241,85.81,173.79,0.9824,1.1076,0
2019-12-23,0.015208284773190694,0.0030772558007932105,0.0015265989412327485,4.722327250590297e-4,0.00552705710214596,0.005423333569990696,0.0010039441502964763,-5.299004222925063e-4,88.15,176.1463,0.982,1.1091,0
2019-12-24,0.017891663653153866,0.00938773696211026,3.11308273044375e-5,5.191985579067193e-4,0.005496676579902271,0.015208284773190694,0.0030772558007932105,0.0015265989412327485,89.05,176.65,0.9807,1.1084,0
2019-12-26,0.00983519643360653,0.007826586752154086,0.0053091699914196155,0.008785379848502473,0.009353146906648124,0.017891663653153866,0.00938773696211026,3.11308273044375e-5,89.51,179.15,0.9808,1.1102,0
2019-12-27,-0.009253970029565739,-3.512345931930838e-4,-2.477547240919975e-4,-8.423023427335252e-4,0.0015503879074549864,0.00983519643360653,0.007826586752154086,0.0053091699914196155,88.88,179.82,0.9741,1.1174,0
2019-12-30,0.008678099008756046,0.0021055594527972232,-0.005528479466007319,-0.006575572046624956,-0.0015503879074549864,-0.009253970029565739,-3.512345931930838e-4,-2.477547240919975e-4,90.13,180.79,0.9677,1.1217,0
2019-12-31,-0.002306806097915004,0.0018912204004903899,0.002426355126972979,0.001883151067316291,-0.0062257010424531245,0.008678099008756046,0.0021055594527972232,-0.005528479466007319,90.93,183.26,0.9677,1.1227,0
2020-01-02,0.008050647277166867,0.007320932122363288,0.00930843391804892,0.01655937272161445,0,-0.002306806097915004,0.0018912204004903899,0.002426355126972979,92.35,184.41,0.9721,1.1166,0
2020-01-03,0,0.013181240497901925,-0.0076010747872254925,-0.009202091239159493,0.028474413165718193,0.008050647277166867,0.007320932122363288,0.00930843391804892,92.36,187.33,0.9703,1.1173,0
2020-01-06,0.00798635163265038,0.01043487729257997,0.003807759418466894,0.006422510092567002,-0.0015186031771898811,0,0.013181240497901925,-0.0076010747872254925,90.68,190.86,0.9688,1.1187,1
2020-01-07,0.011861195257463653,0.003927415665776479,-0.002815726600029933,-1.3918207357388468e-4,-0.002282237582466262,0.00798635163265038,0.01043487729257997,0.003807759418466894,91.47,193.95,0.9716,1.1138,0
2020-01-08,-0.014136509094599514,-0.007529798490979012,0.0053153807275680975,0.007488247989108743,-0.03645227159867481,0.011861195257463653,0.003927415665776479,-0.002815726600029933,90.16,198.71,0.9725,1.1117,1
2020-01-09,-0.01145487897476638,-0.005667671971083976,0.006757820219582378,0.008437707692667828,-0.013519092578544,-0.014136509094599514,-0.007529798490979012,0.0053153807275680975,90.9416,199.06,0.9724,1.1106,0
2020-01-10,0.00917437627604123,0.006008074329955093,-0.0028818463748887524,-0.0025604695987695436,-0.006425724920970488,-0.01145487897476638,-0.005667671971083976,0.006757820219582378,92.27,199.3,0.9729,1.1119,0
2020-01-13,-0.004003436859809195,-0.007447170004050818,0.0068537428278734325,0.011470834502019578,-0.017066647477304908,0.00917437627604123,0.006008074329955093,-0.0028818463748887524,91.9245,200.4753,0.9705,1.1138,0
2020-01-14,-0.01094796299315437,-8.919077123801245e-4,-0.0015257860756818786,-0.003945314960430046,0.0065359709797854215,-0.004003436859809195,-0.007447170004050818,0.0068537428278734325,92.72,204.3851,0.9677,1.113,0
2020-01-15,0.01094796299315437,0.005817352065913717,0.0022573373016498977,4.088586087620527e-4,-0.00817666043724552,-0.01094796299315437,-8.919077123801245e-4,-0.0015257860756818786,96.22,211.89,0.9634,1.116,0
2020-01-16,-0.0017206772240792034,-0.0015707703417469077,0.008283945356270195,0.009537873186639345,0.008990661296192748,0.01094796299315437,0.005817352065913717,0.0022573373016498977,94.99,218.98,0.965,1.1131,0
2020-01-17,0.0017206772240792034,0.0018436961076329084,0.003107700843186123,0.004936508700960296,0.003249393598309336,-0.0017206772240792034,-0.0015707703417469077,0.008283945356270195,96.29,232.29,0.9683,1.1093,0
2020-01-21,-0.01094796299315437,0.0010909587881444693,-0.0019600458593185266,-4.47767884613981e-4,-0.0073260400920727164,0.0017206772240792034,0.0018436961076329084,0.003107700843186123,94.49,222.24,0.9681,1.1096,0
2020-01-22,0.0017366140399173169,3.4068068329329293e-4,1.2072920454109237e-4,0.0026389370117234634,-0.0281708769666964,-0.01094796299315437,0.0010909587881444693,-0.0019600458593185266,95.5507,237,0.9696,1.1085,0
2020-01-23,-0.0017366140399173169,0.002245586326924176,0.0011462010726122074,0.0032109914758411406,-0.02037421919513749,0.0017366140399173169,3.4068068329329293e-4,1.2072920454109237e-4,94.6,234.23,0.9698,1.1041,0
2020-01-24,0.01666226425659323,0.005828549201338795,-0.008932821439592509,-0.008450943452309012,-0.019922703115626827,-0.0017366140399173169,0.002245586326924176,0.0011462010726122074,94.83,227.05,0.9712,1.1026,1
2020-01-27,-5.699629678379559e-4,0.006802060101843033,-0.01615930420245526,-0.020871901055738995,-0.02929636948843095,0.01666226425659323,0.005828549201338795,-0.008932821439592509,92.67,211.23,0.9695,1.1019,0
2020-01-28,-0.034216153117577974,-0.00896685596822877,0.010424608926697942,0.015243157161624055,0.013423020332140823,-5.699629678379559e-4,0.006802060101843033,-0.01615930420245526,93.01,217,0.9738,1.1008,1
2020-01-29,0.004673428283849201,0.005403228058382226,-8.263072190564102e-4,0.0016243291934907589,-0.008032171697264445,-0.034216153117577974,-0.00896685596822877,0.010424608926697942,92.06,215.86,0.9747,1.1004,0
2020-01-30,0.01692064102398083,6.735594250351085e-5,0.0032401067624912017,0.003555279278746326,-0.007194275634026859,0.004673428283849201,0.005403228058382226,-8.263072190564102e-4,92.32,218.25,0.9692,1.1032,1
2020-01-31,0.009195467093100262,0.005775704437272822,-0.01832483792902906,-0.01598512539403618,-0.021898685307637944,0.01692064102398083,6.735594250351085e-5,0.0032401067624912017,90.2,216.04,0.9645,1.1082,1
2020-02-03,-0.02022605789136067,-0.006516869447787066,0.00740113311046553,0.014996316827694756,-0.03282057360329427,0.009195467093100262,0.005775704437272822,-0.01832483792902906,91.17,220.71,0.9655,1.1062,0
2020-02-04,-0.002923123975604902,-0.013094254054224486,0.01512628736597943,0.022630731288667327,-0.004777839953713059,-0.02022605789136067,-0.006516869447787066,0.00740113311046553,90.97,230.98,0.9693,1.1043,0
2020-02-05,5.853087670755208e-4,0.001228501383007341,0.011481876200075902,0.003291714442763549,0.024599159013367622,-0.002923123975604902,-0.013094254054224486,0.01512628736597943,92.7,229.43,0.9729,1.1006,0
2020-02-06,0.010477395031087688,0.00537397980506249,0.003359129785706294,0.008594978851149904,0.0037313476128582046,5.853087670755208e-4,0.001228501383007341,0.011481876200075902,90.61,218.49,0.975,1.0979,0
2020-02-07,-0.005807217249202967,0.002642367471245244,-0.005343913765091912,-0.004310070017099044,-0.015009662650565136,0.010477395031087688,0.00537397980506249,0.003359129785706294,91.2,218.71,0.9777,1.095,0
2020-02-10,0.004068590326162802,0.0025679159941622842,0.007437654248203529,0.012013068119594017,-0.015238390104932442,-0.005807217249202967,0.002642367471245244,-0.005343913765091912,90.61,222.79,0.9778,1.0916,1
2020-02-11,-0.008153801726932475,-0.0034479295896243656,0.001731498775733975,1.7242122548033478e-4,0.00764822083825667,0.004068590326162802,0.0025679159941622842,0.007437654248203529,91.55,221.41,0.9761,1.0917,0
2020-02-12,-0.008810629682155291,-8.130081748625173e-4,0.006422094974697146,0.009693822157034404,0.02909637448763913,-0.008153801726932475,-0.0034479295896243656,0.001731498775733975,90.71,227.23,0.9767,1.0893,0
2020-02-13,0.008810629682155291,0.005677225305222855,-0.0010674891299551348,-0.0012813943321772214,0.002771364360383277,-0.008810629682155291,-8.130081748625173e-4,0.006422094974697146,91.3,230.01,0.9788,1.0848,0
2020-02-14,0.003502630551202035,0.004169755184079804,0.0016008066739283677,0.002859522658678948,0.010096460251009631,0.008810629682155291,0.005677225305222855,-0.0010674891299551348,90.87,230.64,0.9818,1.0839,0
2020-02-18,0.02758795651882906,0.012737326684999495,-0.002580340434851003,3.8349277160065753e-4,0,0.003502630551202035,0.004169755184079804,0.0016008066739283677,93.61,246.4,0.9814,1.0815,0
2020-02-19,0.013513719166722726,0.005814354008308875,0.004769884760194465,0.00953983194779795,0.020787011464443506,0.02758795651882906,0.012737326684999495,-0.002580340434851003,95.04,256.48,0.9839,1.0794,0
2020-02-20,-0.003922672443798181,0.0040762712589907935,-0.004116755654919757,-0.0093268439382177,0.008904778342959663,0.013513719166722726,0.005814354008308875,0.004769884760194465,92.26,254.62,0.9831,1.0797,1
2020-02-21,0.00559911877105046,0.014913499681261655,-0.010351657849813733,-0.019396371980848315,-0.010695289116747997,-0.003922672443798181,0.0040762712589907935,-0.004116755654919757,92.01,255.86,0.9781,1.0855,1
2020-02-24,0.00944713889140969,0.008945006391301469,-0.03372785009455992,-0.03932668133339412,-0.0383608678724463,0.00559911877105046,0.014913499681261655,-0.010351657849813733,90.8,248.09,0.9776,1.0857,1
2020-02-25,-0.04294445182974105,-0.018035978092552973,-0.030770689434545417,-0.02756837287963254,-0.032169282933391496,0.00944713889140969,0.008945006391301469,-0.03372785009455992,86.77,255.83,0.9765,1.0868,1
2020-02-26,5.772005932254132e-4,0.0043609923640586246,-0.0036850157857992727,0.005140685165976322,-0.020398958912693832,-0.04294445182974105,-0.018035978092552973,-0.030770689434545417,85.91,263.08,0.9759,1.0887,1
2020-02-27,-0.014530915367090724,1.9482417180238798e-4,-0.04595150036136442,-0.0513710972351733,-0.04106736318790727,5.772005932254132e-4,0.0043609923640586246,-0.0036850157857992727,84.63,272.69,0.9718,1.0977,1
2020-02-28,-0.06095400861100275,-0.03717605165225013,-0.0042103907122372775,7.777562126447535e-4,-0.03432474254107465,-0.014530915367090724,1.9482417180238798e-4,-0.04595150036136442,81.14,241.11,0.9671,1.1001,1
2020-03-02,0.0049658699192445255,0.00551113700828143,0.04239504947118,0.050316140743553284,0.048538179791130176,-0.06095400861100275,-0.03717605165225013,-0.0042103907122372775,81.11,236.0284,0.9577,1.1164,1
2020-03-03,0.029288243536170544,0.030950373706099654,-0.029050341798321,-0.032592694732215044,-0.0030287756621607542,0.0049658699192445255,0.00551113700828143,0.04239504947118,82.58,233.97,0.9563,1.1175,1
2020-03-04,0.004799049402466338,0.0017529626303502965,0.04117365130685968,0.04087545881566523,-0.0030379770200767986,0.029288243536170544,0.030950373706099654,-0.029050341798321,82.64,239.16,0.9554,1.113,1
2020-03-05,0.014260491219156624,0.021370940080378986,-0.033806768811030175,-0.030853288338755114,-0.025681945632342718,0.004799049402466338,0.0017529626303502965,0.04117365130685968,81.75,237.69,0.9487,1.1202,1
2020-03-06,-0.00948436273700981,3.809040167936928e-4,-0.01666927515814276,-0.017016210963210376,-0.09603885313069016,0.014260491219156624,0.021370940080378986,-0.033806768811030175,85.2,239.9021,0.9365,1.1319,1
2020-03-09,-0.020457993878068237,0.0016489095567582268,-0.08131259183061434,-0.07199502476753228,-0.2918909939129495,-0.00948436273700981,3.809040167936928e-4,-0.01666927515814276,81.56,234.26,0.9296,1.142,1
2020-03-10,-0.008547060578458776,-0.021327139639782722,0.0504505808000868,0.05301986004849635,0.10474683045906352,-0.020457993878068237,0.0016489095567582268,-0.08131259183061434,82.1,225.98,0.933,1.1342,1
2020-03-11,-0.004917035106422496,-0.003566684498276018,-0.04997663850280354,-0.04453193645913167,-0.04231943187891196,-0.008547060578458776,-0.021327139639782722,0.0504505808000868,81.5,214.6,0.9381,1.128,1
2020-03-12,-0.06886084957112137,-0.0407056063955018,-0.10056891641754984,-0.09617111786996624,-0.05936460904960583,-0.004917035106422496,-0.003566684498276018,-0.04997663850280354,71.9,172.27,0.954,1.1081,1
2020-03-13,-0.0661680108513969,-0.030991589474024472,0.08202806746350966,0.08130862940748251,0.06224230887722104,-0.06886084957112137,-0.0407056063955018,-0.10056891641754984,71.69,164.16,0.9541,1.1066,1
2020-03-16,-0.13011189819326496,-0.01151213050875377,-0.11588653572900753,-0.12759235014524606,-0.14012120230357827,-0.0661680108513969,-0.030991589474024472,0.08202806746350966,62.0601,150.04,0.9467,1.1139,1
2020-03-17,0.0016051367812286443,0.013464439035703712,0.05258493432462963,0.07310333300058325,-0.05783924837483112,-0.13011189819326496,-0.01151213050875377,-0.11588653572900753,62.49,154.2679,0.9647,1.0971,1
2020-03-18,-0.06887831738865335,-0.020123102159063322,-0.051959738930711374,-0.03088833396981361,-0.19253111563959258,0.0016051367812286443,0.013464439035703712,0.05258493432462963,58.82,148.205,0.9727,1.0833,1
2020-03-19,0.008554372096658547,-0.01908646589054097,0.0021227453809791186,0.005984323171695394,0.131140000492447,-0.06887831738865335,-0.020123102159063322,-0.051959738930711374,55.36,155.895,0.9847,1.0699,1
2020-03-20,0.030203638202745076,0.014884330153337899,-0.049913409217327676,-0.039963981541159654,-0.08346257732094209,0.008554372096658547,-0.01908646589054097,0.0021227453809791186,57.57,151.56,0.9866,1.0682,1
2020-03-23,0.05702066330594757,0.043231479642938275,-0.025900728432157294,-0.00140696470624313,-0.012220111334775519,0.030203638202745076,0.014884330153337899,-0.049913409217327676,60.16,160.6,0.9824,1.076,1
2020-03-24,0.07589070243088081,0.04738958090707701,0.08673100577630954,0.07458555709122461,0.020284671171505897,0.05702066330594757,0.043231479642938275,-0.025900728432157294,66.8,180.1,0.9813,1.0794,1
2020-03-25,0.012225970337865988,-0.01378426813884559,0.014859235721961461,-0.007432540500759366,0.019881370553828992,0.07589070243088081,0.04738958090707701,0.08673100577630954,69.79,218,0.9781,1.0835,1
2020-03-26,7.145409378686018e-4,0.012740699038138459,0.05674862483051957,0.05132072132903698,-0.0504647939259093,0.012225970337865988,-0.01378426813884559,0.014859235721961461,69.14,222,0.9645,1.1025,1
2020-03-27,-0.0021451563463878998,-0.006481413242442002,-0.030238206031513393,-0.034998269722340325,-0.07745805903900393,7.145409378686018e-4,0.012740699038138459,0.05674862483051957,69.33,215.7624,0.9558,1.1059,1
2020-03-30,-0.02244031912622635,0.0043910022382052105,0.0319595414474545,0.035727550371426275,-0.05518641556729076,-0.0021451563463878998,-0.006481413242442002,-0.030238206031513393,68.28,217.9981,0.9606,1.1018,1
2020-03-31,-0.008823586658515126,-0.03236485428061098,-0.015017609921147645,-0.008576561305474684,-0.004739345363896641,-0.02244031912622635,0.0043910022382052105,0.0319595414474545,67.9,222.1879,0.9627,1.1016,1
2020-04-01,-0.0014781968693111658,0.009411834182346368,-0.046049016692859546,-0.04341858754189154,0.039586076694064776,-0.008823586658515126,-0.03236485428061098,-0.015017609921147645,67.37,205.78,0.9675,1.0934,1
2020-04-02,0.03560128973409782,0.016260520871780315,0.022813150485501588,0.020091900893485892,0.15415067982725827,-0.0014781968693111658,0.009411834182346368,-0.046049016692859546,68.61,207.5888,0.9727,1.0862,1
2020-04-03,-0.003575263014689245,0.004925309579159709,-0.014559674819509816,-0.014294466147786622,0.14375294669606076,0.03560128973409782,0.016260520871780315,0.022813150485501588,68.01,205.84,0.9777,1.0797,1
2020-04-06,0.04208194543431354,0.027333462707203715,0.06500680262861636,0.06905467539770438,-0.07384724995174952,-0.003575263014689245,0.004925309579159709,-0.014559674819509816,69.68,201,0.9768,1.0808,1
2020-04-07,6.865774385733658e-4,-0.005368797249635016,0.0010188872369596425,-4.0724903841216076e-4,-0.07382727039749293,0.04208194543431354,0.027333462707203715,0.06500680262861636,69.88,205.303,0.9707,1.0886,1
2020-04-08,-0.007578403476494522,-0.008947885507376796,0.033017317709898464,0.021009917077590146,0.05355007795834199,6.865774385733658e-4,-0.005368797249635016,0.0010188872369596425,69,200.437,0.971,1.0864,1
2020-04-09,0.027959543741444826,0.025788114443671795,0.015102690043666378,0.0014448349672377958,-0.07539801748421171,-0.007578403476494522,-0.008947885507376796,0.033017317709898464,70.29,200.02,0.966,1.0931,1
2020-04-13,0.00670243795947334,0.016995098210437654,-0.009172057223049812,0.010745603408956583,-0.010090902981962913,0.027959543741444826,0.025788114443671795,0.015102690043666378,70.8,205.33,0.9674,1.0906,1
2020-04-14,0.01721896847553328,0.007837369253835824,0.029066305757096345,0.04257192779420027,-0.056323539917044085,0.00670243795947334,0.016995098210437654,-0.009172057223049812,73.95,209.2,0.9606,1.0971,1
2020-04-15,-0.012553848385376654,-0.0051151006667709,-0.021477096551403285,-0.011536124517930624,-0.05061586408051033,0.01721896847553328,0.007837369253835824,0.029066305757096345,73.3,205.41,0.9647,1.0909,1
2020-04-16,6.646726731913688e-4,-8.653727824006197e-4,0.004812709070290744,0.018075631721369056,-0.015927526696101202,-0.012553848385376654,-0.0051151006667709,-0.021477096551403285,73.8,205.24,0.9695,1.084,1
2020-04-17,-0.02489196800851534,-0.01960847138837618,0.026656932454422133,0.009520770101448583,-0.03500940966665311,6.646726731913688e-4,-8.653727824006197e-4,0.004812709070290744,73,206.02,0.9662,1.0883,1
2020-04-20,0.008141157583699599,0.007100919019490171,-0.01777496070699147,-0.011915193649718603,-0.1157068077119705,-0.02489196800851534,-0.01960847138837618,0.026656932454422133,72.66,206.9,0.967,1.0874,1
2020-04-21,-0.027398974188114433,-0.006848696305498336,-0.030833807691255544,-0.03759751306441039,-0.288571356636665,0.008141157583699599,0.007100919019490171,-0.01777496070699147,70.05,182,0.9691,1.0854,1
2020-04-22,0.013793322132336083,0.019479919216218278,0.021951835943824882,0.029242693513623408,-0.11290173020196204,-0.027398974188114433,-0.006848696305498336,-0.030833807691255544,71.65,183.43,0.9711,1.0829,1
2020-04-23,0.012929748008417619,0.009905639798443389,-7.166147124060274e-5,-0.0021352827871528035,0.050496164014532385,0.013793322132336083,0.019479919216218278,0.021951835943824882,73.24,186.2,0.9731,1.0815,1
2020-04-24,-0.0027081939368795993,-0.004294748610038646,0.013842405885918119,0.015647411345084627,-0.026873018251096448,0.012929748008417619,0.009905639798443389,-7.166147124060274e-5,72.2872,191.78,0.975,1.0798,1
2020-04-27,-6.781960246384777e-4,-0.0066625786248790675,0.01431553165669186,0.008011221234633048,-0.16000435507871902,-0.0027081939368795993,-0.004294748610038646,0.013842405885918119,72.08,182.405,0.9756,1.0829,1
2020-04-28,-0.007490671729157405,-0.0044665086661392905,-0.004609107639320875,-0.01901429457896331,-0.027779564107075716,-6.781960246384777e-4,-0.0066625786248790675,0.01431553165669186,73.8,180.8,0.9743,1.0836,1
2020-04-29,0.014252022707201384,0.005518196102613615,0.02584176686856665,0.03484673133016791,2.134249778174831,-0.007490671729157405,-0.0044665086661392905,-0.004609107639320875,73.87,185.49,0.9748,1.0853,1
2020-04-30,-0.024557850781663948,-0.018282729318650937,-0.009354348736811069,-4.1104337086217413e-4,0.06036314972709089,0.014252022707201384,0.005518196102613615,0.02584176686856665,74.02,184.68,0.9669,1.0934,1
2020-05-01,0.001380262468958282,0.006152320240860654,-0.026830154387790905,-0.028589923622120317,-0.01369163041794419,-0.024557850781663948,-0.018282729318650937,-0.009354348736811069,72.16,178.92,0.9599,1.0998000000000001,1
2020-05-04,-0.012491487894028985,0.0034986915609094282,0.002754433551622526,0.011589997948727948,0.042051355195656726,0.001380262468958282,0.006152320240860654,-0.026830154387790905,72.64,173,0.9647,1.0911,1
2020-05-05,0.01180159480009113,0.004232020257028957,0.009196919641023094,0.011273451495669384,0.08942331087867084,-0.012491487894028985,0.0034986915609094282,0.002754433551622526,72.557,171.05,0.9721,1.0844,1
2020-05-06,0,-0.012938893515022976,-0.006801793280289736,0.0061375175485851585,-0.03116399503482814,0.01180159480009113,0.004232020257028957,0.009196919641023094,70.71,168.99,0.9745,1.0806,1
2020-05-07,0.02386748140664352,0.015234108690918902,0.011994618652609645,0.012794512360094323,-0.018393548571612683,0,-0.012938893515022976,-0.006801793280289736,72.15,175.1361,0.9746,1.0815,0
2020-05-08,0.01139040790613599,-0.006028420108951771,0.016410766141859767,0.013611744145018534,0.04769621221749176,0.02386748140664352,0.015234108690918902,0.011994618652609645,72.48,177.2,0.9699,1.0854,1
2020-05-11,-0.001333333530864067,-0.006253146939001475,2.0514924679648772e-4,0.008899179887155384,-0.014071526743915985,0.01139040790613599,-0.006028420108951771,0.016410766141859767,72.25,177.16,0.9722,1.0818,1
2020-05-12,6.668889877037287e-4,0.003881554989257019,-0.020132938253094146,-0.02115938983536303,-0.00949224023294537,-0.001333333530864067,-0.006253146939001475,2.0514924679648772e-4,71.8,175.655,0.968,1.0864,1
2020-05-13,0.007968169649176904,0.009576592062527922,-0.017844104134930205,-0.012594739041343672,-0.01780176911829301,6.668889877037287e-4,0.003881554989257019,-0.020132938253094146,71.68,170.56,0.9704,1.0837,1
2020-05-14,0.017699577099401065,0.008811172566636216,0.011896287286313978,0.011288285426080513,0.04043356957849076,0.007968169649176904,0.009576592062527922,-0.017844104134930205,72.71,173.8,0.9727,1.08,1
2020-05-15,0.0469629442863293,0.005627958820166867,0.004586441300195254,0.006470478652202516,0.04288978523663722,0.017699577099401065,0.008811172566636216,0.011896287286313978,75.35,176.43,0.9726,1.0816,1
2020-05-18,0.01660044269303551,-0.007592957917286647,0.03000500346942392,0.01846069732597666,0.08227335771736843,0.0469629442863293,0.005627958820166867,0.004586441300195254,77.6,189.74,0.9699,1.0904,1
2020-05-19,0.02409755157906046,0.009603988790967577,-0.01032429907565291,-0.0025094116054260596,0.005333345975362835,0.01660044269303551,-0.007592957917286647,0.03000500346942392,79.115,191.99,0.9725,1.0937,1
2020-05-20,0.01183445764700286,0.002371470510326823,0.01684536352353394,0.019771511483121174,0.036163040589598516,0.02409755157906046,0.009603988790967577,-0.01032429907565291,81.14,196,0.9649,1.098,0
2020-05-21,-0.028036432223283114,-0.014683653238173555,-0.006927926866188372,-0.01095044184376981,0.048527040894660534,0.01183445764700286,0.002371470510326823,0.01684536352353394,78.84,189.45,0.9703,1.0953,1
2020-05-22,0.006632523560129666,0.005899359578404706,0.001897276622794486,0.0034457975777959504,-0.03949142648455828,-0.028036432223283114,-0.014683653238173555,-0.006927926866188372,78.27,184.51,0.9722,1.0894,0
2020-05-26,-0.003612285685913985,-0.014316813499660519,0.012245325587407763,-0.0027032935581834394,0.003513569884395107,0.006632523560129666,0.005899359578404706,0.001897276622794486,78.41,187,0.9668,1.097,1
2020-05-27,0.01067860648394614,0.0018008512334217741,0.014769356270295297,0.005442723470064692,-0.02605753431928992,-0.003612285685913985,-0.014316813499660519,0.012245325587407763,78.89,185.5919,0.9696,1.0969,1
2020-05-28,0.003692898353707008,0.003344691876204564,-0.0018466616954349035,-0.0013035545428055073,0.0011992805754821312,0.01067860648394614,0.0018008512334217741,0.014769356270295297,78.6273,181.67,0.9642,1.1069,1
2020-05-29,0.02813784695893151,0.0073314563055078,0.0044459886504499835,0.014546495842346907,0.03339536418901723,0.003692898353707008,0.003344691876204564,-0.0018466616954349035,79.06,182.2339,0.9618,1.1107,1
2020-06-01,0.02511547537769987,0.004593204021158037,0.004033651983899489,0.002995167187154202,0.013052008702853612,0.02813784695893151,0.0073314563055078,0.0044459886504499835,81.12,186.57,0.9613,1.1123,1
2020-06-02,-0.013621095951964701,-0.0064979079855254085,0.008246058165727987,0.0066852853896612885,0.03190362529065638,0.02511547537769987,0.004593204021158037,0.004033651983899489,79.75,184.9,0.9623,1.1166,1
2020-06-03,-0.02020270731751994,-0.01862251209800192,0.013220455023613908,0.0044884899204378215,0.001845359445984851,-0.013621095951964701,-0.0064979079855254085,0.008246058165727987,78.46,184.6,0.9613,1.1246,1
2020-06-04,0.0017477429441608017,0.010471299867295336,-0.0026301455326267487,-0.007038102485882547,0.01391454160033101,-0.02020270731751994,-0.01862251209800192,0.013220455023613908,79.13,181.54,0.9565,1.1322,1
2020-06-05,-0.018801963982399972,-0.02048366271959612,0.025306566913915418,0.019633256184062198,0.04861698900231781,0.0017477429441608017,0.010471299867295336,-0.0026301455326267487,77.36,184.75,0.9622,1.1297,1
2020-06-08,0.02112754642587511,0.010763960031613173,0.012014960735384328,0.007730069245516447,-0.01747074485408362,-0.018801963982399972,-0.02048366271959612,0.025306566913915418,78.98,192.99,0.9567,1.1293,1
2020-06-09,-0.012270092591814219,0.009595687061854541,-0.007484623210264552,0.007218758789061752,0.0017608738481946773,0.02112754642587511,0.010763960031613173,0.012014960735384328,78.43,184.86,0.9487,1.1348,1
2020-06-10,0.03296048584926048,0.014223064013558329,-0.0055956006518309565,0.011930195429991741,3.518029939537648e-4,-0.012270092591814219,0.009595687061854541,-0.007484623210264552,79.21,184,0.945,1.1355,1
2020-06-11,-0.030025350193497946,-0.0072401837934377156,-0.059377359219563886,-0.050818863428657046,-0.07559721602860181,0.03296048584926048,0.014223064013558329,-0.0055956006518309565,75.82,180.39,0.9382,1.1378,1
2020-06-12,-0.009422920134505297,0.0014153413026951611,0.011904508829399418,0.007916619341491682,0.0026520189818910467,-0.030025350193497946,-0.0072401837934377156,-0.059377359219563886,76.52,181.2,0.9515,1.1253,1
2020-06-15,-0.0029629651306568583,-0.0017848904569373047,0.009292348380728122,0.012093778228535967,0.02059612216341211,-0.009422920134505297,0.0014153413026951611,0.011904508829399418,76.6692,182.01,0.9503,1.127,1
2020-06-16,0.0029629651306568583,-4.92944738554435e-4,0.019064786071044004,0.01702698943091452,0.024168148119859456,-0.0029629651306568583,-0.0017848904569373047,0.009292348380728122,77.88,181.8583,0.9494,1.1259,1
2020-06-17,0.005311313754813085,0.0019088088059175945,-0.0041625368289839315,0.003165665480058699,-0.013110165924207884,0.0029629651306568583,-4.92944738554435e-4,0.019064786071044004,77.48,180.5,0.9512,1.1219,1
2020-06-18,-0.008867926869660092,-0.001970443987298509,3.849608670662974e-4,0.00270547408312094,0.022114368664136297,0.005311313754813085,0.0019088088059175945,-0.0041625368289839315,76.46,178.25,0.951,1.1216,0
2020-06-19,0.01649036189941544,0.010972617521575856,-0.0101222617271155,-1.6375992831108022e-4,0.012117040626000275,-0.008867926869660092,-0.001970443987298509,3.849608670662974e-4,77.09,178.3,0.9519,1.1189,1
2020-06-22,0.002916304195788033,0.006441441815382198,0.006394750984446418,0.010183802216696236,0.026220694627138386,0.01649036189941544,0.010972617521575856,-0.0101222617271155,77.63,181.4,0.9475,1.126,1
2020-06-23,0.014455296514972904,0.00838440234560256,0.004593131238186388,0.008474969003500199,-0.009012192712512856,0.002916304195788033,0.006441441815382198,0.006394750984446418,78.6399,180.56,0.9438,1.1322,0
2020-06-24,-0.029122617246279514,-0.0034899848889802243,-0.025839721157184137,-0.020831125799263717,-0.05254022307077033,0.014455296514972904,0.00838440234560256,0.004593131238186388,75.76,176.08,0.9471,1.1272,1
2020-06-25,0.019315789299291453,-6.029544952044219e-4,0.010663453130151268,0.009474485868874005,0.025005832719562804,-0.029122617246279514,-0.0034899848889802243,-0.025839721157184137,75.73,172.18,0.9485,1.1221,1
2020-06-26,0,0.004453278106478997,-0.024038035917496536,-0.0238983095900851,-0.02097726107446629,0.019315789299291453,-6.029544952044219e-4,0.010663453130151268,75.8,177.2226,0.948,1.1215,1
2020-06-29,0.002316156217830212,5.402647428587315e-4,0.014590588195585674,0.010847620135889358,0.03271907895114934,0,0.004453278106478997,-0.024038035917496536,76.41,179.64,0.9504,1.1237,1
2020-06-30,0.01947369671457988,0.0044311449750145115,0.012728215959953104,0.01941175054820743,-0.007456097031184328,0.002316156217830212,5.402647428587315e-4,0.014590588195585674,78.17,182.79,0.9467,1.1237,1
2020-07-01,-0.010835577928945295,-0.004491159978783799,0.006980379946418758,0.011604458757966896,0.01028195549944666,0.01947369671457988,0.0044311449750145115,0.012728215959953104,77.68,180.99,0.9455,1.1259,0
2020-07-02,-0.005173912087965249,0.0021582742190915383,0.0054917841758461705,0.006763772105707666,0.0140107370695981,-0.010835577928945295,-0.004491159978783799,0.006980379946418758,76.88,178.49,0.9455,1.1237,1
2020-07-06,0.019407001778825705,0.005970879931626705,0.015319394432714795,0.024287299795076045,0.007277800274156476,-0.005173912087965249,0.0021582742190915383,0.0054917841758461705,77.85,183,0.9416,1.1307,0
2020-07-07,-5.654509621968451e-4,0.006290448610319466,-0.010367386741231499,-0.006912648885671224,-0.005887462893431561,0.019407001778825705,0.005970879931626705,0.015319394432714795,79.18,182.31,0.941,1.1299,1
2020-07-08,0.026787315963650027,0.006192335418199413,0.007619568263232068,0.013085746153882027,0.013455438470555414,-5.654509621968451e-4,0.006290448610319466,-0.010367386741231499,80.14,180.01,0.9382,1.1329,1
2020-07-09,-0.006629858538669708,-0.00270811421836914,-0.005709226367949682,0.008388122032260803,-0.026742347228543295,0.026787315963650027,0.006192335418199413,0.007619568263232068,79.07,183.89,0.9397,1.1298,1
2020-07-10,0.004976510132281842,-0.002597250736926071,0.010158797431094158,0.006804169555915784,0.021588582170442017,-0.006629858538669708,-0.00270811421836914,-0.005709226367949682,78.25,187.05,0.9395,1.1318,1
2020-07-13,0.015325970478226925,0.0012404384472493035,-0.00869666945693659,-0.020785039469777722,-0.018425690761933566,0.004976510132281842,-0.002597250736926071,0.010158797431094158,78.65,187.4,0.941,1.1364,1
2020-07-14,0.015094626222485363,0.004652677788631543,0.012875714360045087,0.007053275468461351,0.013245226750020489,0.015325970478226925,0.0012404384472493035,-0.00869666945693659,77.78,184.5,0.9385,1.1406,1
2020-07-15,0.009584737912986974,8.809797063493718e-4,0.009145310864330902,0.0020334958184200502,0.014096846815016661,0.015094626222485363,0.004652677788631543,0.012875714360045087,78.34,186.64,0.9439,1.1406,1
2020-07-16,-0.020343313981425304,-0.009496635502689088,-0.0032988950619499136,-0.006845917279608926,-0.004448253699184779,0.009584737912986974,8.809797063493718e-4,0.009145310864330902,77.52,188.68,0.9432,1.1433,0
2020-07-17,0.013963707017386362,0.00820426617518688,0.0028948985991927856,0.0011570950494528276,-0.002059732963010319,-0.020343313981425304,-0.009496635502689088,-0.0032988950619499136,78.79,189.63,0.9388,1.1438,0
2020-07-20,0.02735573000985525,0.00480854735243863,0.008049080667821507,0.02797597880037106,6.870491510384547e-4,0.013963707017386362,0.00820426617518688,0.0028948985991927856,80.29,194,0.9389,1.1442,1
2020-07-21,0.05992227809720552,0.011978976759907667,0.0021252683834536157,-0.010475245566581748,0.020394996521072795,0.02735573000985525,0.00480854735243863,0.008049080667821507,82.97,201.38,0.934,1.1495,0
2020-07-22,0.08566638687429684,0.015087914935865143,0.005675993577768601,0.0035165370025049825,0.0010089121420806535,0.05992227809720552,0.011978976759907667,0.0021252683834536157,87.19,204.6,0.9288,1.1587,0
2020-07-23,-0.019937225856178298,0.008786655550242273,-0.012003468120226124,-0.02646729628841804,-0.011494379425735168,0.08566638687429684,0.015087914935865143,0.005675993577768601,86.62,203.15,0.925,1.1623000000000001,1
2020-07-24,0.008658062743114758,0.008542257181495927,-0.006461255082887973,-0.00954112812626029,0.0010195412947719973,-0.019937225856178298,0.008786655550242273,-0.012003468120226124,86.68,209.44,0.9222,1.1635,0
2020-07-27,0.07303791579260022,0.01956120333258138,0.007265984458699748,0.017685847266808885,0.009465925988882518,0.008658062743114758,0.008542257181495927,-0.006461255082887973,88.4,217.78,0.9204,1.175,0
2020-07-28,-0.0012660900615091286,0.008306512594981719,-0.006362627960853295,-0.012806551133349942,-0.012527673575452702,0.07303791579260022,0.01956120333258138,0.007265984458699748,89.6,214.24,0.9169,1.1733,0
2020-07-29,-0.0106135574961006,0.007482142908139089,0.012223766990418383,0.011460112260217592,0.007467787590280217,-0.0012660900615091286,0.008306512594981719,-0.006362627960853295,88.32,204.0564,0.9141,1.177,1
2020-07-30,-0.035624966229825805,-0.007427722620241717,-0.0035742935692733013,0.005221743483255992,-0.021881214876342092,-0.0106135574961006,0.007482142908139089,0.012223766990418383,84.63,197.98,0.912,1.1791,1
2020-07-31,0.04030881554225196,0.009046893958448265,0.007871151202365922,0.017688155687949347,0.00482759558274104,-0.035624966229825805,-0.007427722620241717,-0.0035742935692733013,85.26,197.445,0.9113,1.1822,1
2020-08-03,0.004239090705767001,0.0011318620336835394,0.006928046511061936,0.013416498871643867,0.009245058144050855,0.04030881554225196,0.009046893958448265,0.007871151202365922,86.29,197.345,0.9194,1.175,0
2020-08-04,0.06350689782662133,0.021054531440972468,0.0038552070212043432,0.0037053547655911956,0.014885254541027404,0.004239090705767001,0.0011318620336835394,0.006928046511061936,88.88,202.23,0.9154,1.1766,0
2020-08-05,0.033186726975849457,0.009240366057763794,0.006191783226165093,0.002474928770087814,0.014997781535504018,0.06350689782662133,0.021054531440972468,0.0038552070212043432,91.65,206.78,0.9053,1.1898,0
2020-08-06,0.06827576855195483,0.013186776071202111,0.006662289812807032,0.013157843443089234,-0.0016553554516640645,0.033186726975849457,0.009240366057763794,0.006191783226165093,93.84,208.406,0.9101,1.1856,1
2020-08-07,-0.025060327247943714,-0.016012819400662792,7.175960840148932e-4,-0.011609513118284731,-0.010994613501091877,0.06827576855195483,0.013186776071202111,0.006662289812807032,90.39,204.2,0.914,1.1776,0
2020-08-10,0.03149581602993523,-0.0034649341679822143,0.0029844532254355016,-0.004282187502634649,0.010331703301144302,-0.025060327247943714,-0.016012819400662792,7.175960840148932e-4,93.0233,208.53,0.9154,1.1756,0
2020-08-11,-0.14675353984588035,-0.055189772385295655,-0.00828886951679042,-0.019122898318399528,-0.01133723380316276,0.03149581602993523,-0.0034649341679822143,0.0029844532254355016,88,196.81,0.9163,1.1764,1
2020-08-12,0.004529552730947017,-0.004679152922306251,0.013846007783411274,0.02484067769698406,0.024512654961727165,-0.14675353984588035,-0.055189772385295655,-0.00828886951679042,87.25,200.32,0.9109,1.1796,1
2020-08-13,0.08162163874965955,0.023343498508267224,-0.0018093646949095543,0.002277989007276382,-0.005249355886143725,0.004529552730947017,-0.004679152922306251,0.013846007783411274,90.68,204.9,0.9097,1.1818,0
2020-08-14,-0.03506427414466051,-0.004318480486202425,2.9688126236493417e-5,-0.0011750882668266627,-0.002305286711686172,0.08162163874965955,0.023343498508267224,-0.0018093646949095543,89.03,200.36,0.9091,1.1833,0
2020-08-17,0.04223276362327333,0.02146191199513936,0.0031715476751443816,0.011543928882612242,0.014402867633460659,-0.03506427414466051,-0.004318480486202425,2.9688126236493417e-5,90.2,207.38,0.9058,1.1869,0
2020-08-18,0.010099206839746078,0.008967712494748703,0.002158008375731768,0.009579136668310007,-0.005540180375615211,0.04223276362327333,0.02146191199513936,0.0031715476751443816,91.15,206.91,0.9029,1.1928,0
2020-08-19,-0.03831304928368828,-0.032074451879747556,-0.004172406070852119,-0.0067500752623645965,0.0019588644853327786,0.010099206839746078,0.008967712494748703,0.002158008375731768,87.59,202.7,0.9114,1.1898,0
2020-08-20,0.027461679941387818,0.006890167795753577,0.0031087647722056744,0.01377645297793162,-0.004576667027411663,-0.03831304928368828,-0.032074451879747556,-0.004172406070852119,86.67,205.7268,0.9082,1.1862,1
2020-08-21,-0.028622446177350103,-0.008043158836818165,0.0035410801874551368,0.006906399826373644,-0.011202753076553496,0.027461679941387818,0.006890167795753577,0.0031087647722056744,86.87,203.61,0.9131,1.1775,0
2020-08-24,-0.009725810957052605,-0.005674477391981014,0.010082148709078531,0.006224600115618983,0.005617064165804653,-0.028622446177350103,-0.008043158836818165,0.0035410801874551368,86.41,202.3,0.9109,1.1803,1
2020-08-25,0.0050692251271016175,0.0012147315280888193,0.003493249942592591,0.007831608624935704,0.018606706213713853,-0.009725810957052605,-0.005674477391981014,0.010082148709078531,87.72,203.73,0.9089,1.1818,0
2020-08-26,0.03139614687185022,0.011739670732460183,0.009975649814538912,0.021114626102462175,3.233629777570357e-4,0.0050692251271016175,0.0012147315280888193,0.003493249942592591,88.25,206.4,0.9086,1.1813,1
2020-08-27,-0.014809459953572635,-0.011629313727437918,0.0021842227393378266,-0.0031217328656865106,-0.008441608570818104,0.03139614687185022,0.011739670732460183,0.009975649814538912,87.02,204.65,0.9077,1.1824,1
2020-08-28,0.017444507591577896,0.017230959918135724,0.006438619487376229,0.005072151797392621,0.0016289301533110034,-0.014809459953572635,-0.011629313727437918,0.0021842227393378266,87.88,207.38,0.9041,1.1901,0
2020-08-31,0.024142305321599444,0.002383403977516352,-0.0036291457054637988,0.008001268406375495,-0.004567707778555086,0.017444507591577896,0.017230959918135724,0.006438619487376229,87.89,211.86,0.9012,1.195,0
2020-09-01,-0.0029400976709967885,0.0011895751375758934,0.009374489874833358,0.016947278506143526,9.805524564048262e-4,0.024142305321599444,0.002383403977516352,-0.0036291457054637988,88.64,213.8,0.9072,1.1949,1
2020-09-02,-0.02270709883002331,-0.013218567643971113,0.014360376301201683,0.009424640013310004,-0.02480696084627665,-0.0029400976709967885,0.0011895751375758934,0.009374489874833358,85.65,211.25,0.9107,1.184,1
2020-09-03,-0.0333045134864407,-0.008137278241391321,-0.03502043291128931,-0.052030644690160166,-0.007394991683158381,-0.02270709883002331,-0.013218567643971113,0.014360376301201683,83.45,213.64,0.9104,1.1832,1
2020-09-04,0.012763661962567063,0.0027564932829475808,-0.008198196972016625,-0.013415497441394031,-0.038869897503305495,-0.0333045134864407,-0.008137278241391321,-0.03502043291128931,84.8,215.01,0.9147,1.182,1
2020-09-08,-0.010819270916378798,-0.0019287471881730411,-0.027703094534527573,-0.049257513645116546,-0.06372042958256507,0.012763661962567063,0.0027564932829475808,-0.008198196972016625,84.834,214.13,0.9166,1.1789,1
2020-09-09,0.015802988342951352,0.00966138052466814,0.0195548578817224,0.028952609160384668,0.02437343697267913,-0.010819270916378798,-0.0019287471881730411,-0.027703094534527573,86.79,215.98,0.9131,1.181,1
2020-09-10,-0.011151817167220468,-0.003228368648916735,-0.017516182314287754,-0.020138080128250913,-0.022879226758177218,0.015802988342951352,0.00966138052466814,0.0195548578817224,86.83,214.12,0.9077,1.188,1
2020-09-11,0.0015455953617804497,-5.4808034872344535e-5,5.090201472288669e-4,-0.006964047378993143,0.009288567618245924,-0.011151817167220468,-0.003228368648916735,-0.017516182314287754,87.1,215.75,0.9092,1.1831,1
2020-09-14,0.014945670036297987,0.007861589870305608,0.01308529941813763,0.01726550834037699,-0.0037050801925451182,0.0015455953617804497,-5.4808034872344535e-5,5.090201472288669e-4,89.75,217.96,0.9071,1.1874,1
2020-09-15,-0.002666160406236351,-0.002395601951470816,0.005039575671918151,0.014074065806247482,0.02130084208292482,0.014945670036297987,0.007861589870305608,0.01308529941813763,91.11,224,0.9085,1.1846,1
2020-09-16,-3.8146100023839224e-4,0.0028305500364007585,-0.0039764997390570045,-0.016074903187286438,0.04198410970043254,-0.002666160406236351,-0.002395601951470816,0.005039575671918151,90.92,221.54,0.908,1.1835,1
2020-09-17,-3.816065682640257e-4,-0.005505151123165852,-0.008834136840477846,-0.015745466870740188,0.018298456357578985,-3.8146100023839224e-4,0.0028305500364007585,-0.0039764997390570045,88.19,216.3,0.9098,1.1823,1
2020-09-18,-0.01074453928297725,0.001310902525504254,-0.015574441951651252,-0.012844793961652279,-0.005832920981017509,-3.816065682640257e-4,-0.005505151123165852,-0.008834136840477846,87.18,220.97,0.9096,1.1857,1
2020-09-21,-0.08113641254660875,-0.02029182990569911,-0.011191990551341569,0.0023953003705159404,-0.026854272828661152,-0.01074453928297725,0.001310902525504254,-0.015574441951651252,83.39,213.18,0.9163,1.1737,1
2020-09-22,-0.010515343999523363,-0.004858037864912568,0.0101329088274138,0.018408268099480374,-0.0042508034251946825,-0.08113641254660875,-0.02029182990569911,-0.011191990551341569,81.83,209.02,0.92,1.1703,1
2020-09-23,-0.07323016596246656,-0.021843331122423315,-0.023464181831631237,-0.031010236742559982,-0.004982216711584275,-0.010515343999523363,-0.004858037864912568,0.0101329088274138,78.73,206.68,0.9233,1.1677,1
2020-09-24,0.01803475390830389,0.0037118507626372477,0.0026619633758429018,0.0046454620412870185,0.016628722097908,-0.07323016596246656,-0.021843331122423315,-0.023464181831631237,79.97,208.86,0.9264,1.1666,1
2020-09-25,-0.010330206392634711,-0.0028540461179238363,0.01603763119850221,0.022982667220341035,-0.005277057100843585,0.01803475390830389,0.0037118507626372477,0.0026619633758429018,80.07,208.34,0.9291,1.1618,1
2020-09-28,0.032425670020452824,0.010010321333941974,0.01647294837188351,0.020556157882301918,0.011921599819512352,-0.010330206392634711,-0.0028540461179238363,0.01603763119850221,83.02,213.81,0.9247,1.166,0
2020-09-29,0.021617789532325293,0.008397017413672714,-0.005460887310650087,-0.004519577430238009,-0.035116216799981004,0.032425670020452824,0.010010321333941974,0.01647294837188351,83.25,217.24,0.9215,1.1717,1
2020-09-30,-0.03881019007269826,-0.00602292777899649,0.0075533134940597435,0.006825718550308224,0.021075972120183195,0.021617789532325293,0.008397017413672714,-0.005460887310650087,83.99,216.51,0.9188,1.1723,1
2020-10-01,0.01981134573000043,0.008880953205055775,0.006399497976009805,0.01574779459395348,-0.02795881037699255,-0.03881019007269826,-0.00602292777899649,0.0075533134940597435,84.74,218.65,0.9179,1.1752,1
2020-10-02,0.0013069049997822546,-8.957564141667262e-4,-0.009539781387463364,-0.028534349316172936,-0.043081299949111695,0.01981134573000043,0.008880953205055775,0.006399497976009805,82.6,217,0.9204,1.1706,1
2020-10-05,0.024512085131123573,0.004861023680077459,0.01757764972171838,0.021102014823942916,0.05823310496971379,0.0013069049997822546,-8.957564141667262e-4,-0.009539781387463364,84.36,221.56,0.9153,1.1784,1
2020-10-06,-0.0411937713522188,-0.01183047635113077,-0.014317931238013948,-0.018008121879728556,0.01633559052779443,0.024512085131123573,0.004861023680077459,0.01757764972171838,80.73,220,0.9153,1.1778,1
2020-10-07,0.017116941940698016,-4.513144610065467e-4,0.01725686240763835,0.017151101401619684,0,-0.0411937713522188,-0.01183047635113077,-0.014317931238013948,81.32,221.49,0.9168,1.1766,1
2020-10-08,0.003041497022048034,0.00354859977530797,0.00882350072537097,0.005308832592146651,0.02607483028217894,0.017116941940698016,-4.513144610065467e-4,0.01725686240763835,81.24,224.51,0.9176,1.1753,0
2020-10-09,0.053633287655308504,0.017998424173294225,0.008890491931299316,0.015164629722688616,-0.015563170773785107,0.003041497022048034,0.00354859977530797,0.00882350072537097,83.66,230.46,0.9103,1.1819,0
2020-10-13,-0.039845908547199826,-0.018729644500050213,0.009412104261061316,0.03036960212624784,-0.008049037331567366,0.053633287655308504,0.017998424173294225,0.008890491931299316,81.54,215.52,0.9147,1.1737,1
2020-10-14,0.0012828738128893846,0.003089976896061941,-0.006303203976443683,-0.008387651888190462,0.018106344230830018,-0.039845908547199826,-0.018729644500050213,0.009412104261061316,80.76,220.2898,0.9127,1.1755,1
2020-10-15,0.0034129725962399604,0.003639523600877048,-0.001236645111081458,-0.006733569484967283,-0.0013812156891983562,0.0012828738128893846,0.003089976896061941,-0.006303203976443683,81.34,221,0.9143,1.1701,1
2020-10-16,-0.007695634388241057,-0.0034712536955519013,-6.04499219605259e-4,-0.005495943734858066,-0.0076309770233145,0.0034129725962399604,0.003639523600877048,-0.001236645111081458,81.11,219.35,0.9153,1.1717,1
2020-10-19,0.006843482653674737,5.046398940811159e-4,-0.015320189384027572,-0.016459982666558126,-0.004536737845802996,-0.007695634388241057,-0.0034712536955519013,-6.04499219605259e-4,80.36,219.5,0.9092,1.1788,1
2020-10-20,0.019418085857101808,0.004809314716553104,0.003997729247852355,0.002147094329006727,0.015961476963699983,0.006843482653674737,5.046398940811159e-4,-0.015320189384027572,82.05,226.19,0.9071,1.1824,1
2020-10-21,0.011224395539504606,0.007503161503155553,-0.0018947404773594911,-7.738304993960554e-4,-0.03324890695822047,0.019418085857101808,0.004809314716553104,0.003997729247852355,83.5,226.64,0.9042,1.187,1
2020-10-22,-0.01331688427119726,-0.009849007082939565,0.005470377653716163,-3.518834562310502e-5,0.014485326584880553,0.011224395539504606,0.007503161503155553,-0.0018947404773594911,82.87,224.49,0.9074,1.1824,1
2020-10-23,-0.001257598153589612,-0.0010630263680431185,0.003389391851206902,0.0019686429756697876,-0.022345317032257395,-0.01331688427119726,-0.009849007082939565,0.005470377653716163,84.98,225.14,0.9055,1.1844,0
2020-10-26,-0.013513719166722726,-5.039334914442861e-4,-0.018652846070144946,-0.015109715814265456,-0.028006922381749177,-0.001257598153589612,-0.0010630263680431185,0.003389391851206902,82.3,221.79,0.9073,1.1816,1
2020-10-27,0.004242687738789996,0.002628857402335427,-0.0034533172849462446,0.0077779945686708984,0.021168673672296467,-0.013513719166722726,-5.039334914442861e-4,-0.018652846070144946,82.75,218.99,0.9066,1.1834,0
2020-10-28,-0.042817351123770386,-0.016275172698589024,-0.03477669669654482,-0.03976710169441411,-0.05112224213066918,0.004242687738789996,0.002628857402335427,-0.0034533172849462446,81.49,210.69,0.9097,1.1751,1
2020-10-29,-0.0030980330155876423,-0.0041532788061218184,0.010112171938304826,0.017335251543359576,-0.027356743566684383,-0.042817351123770386,-0.016275172698589024,-0.03477669669654482,80.03,206.99,0.9171,1.1658,1
2020-10-30,0.013210231736806133,0.004550633563996875,-0.010479593865279746,-0.025689889618282002,-0.013766195764147948,-0.0030980330155876423,-0.0041532788061218184,0.010112171938304826,79.61,207.83,0.9165,1.1647,1
2020-11-02,0.01863542552958508,0.00965809094460468,0.011146078788009106,0.0022248600100125415,0.03922071315328113,0.013210231736806133,0.004550633563996875,-0.010479593865279746,80.85,207.8319,0.92,1.1634,1
2020-11-03,0.0021445429621604895,0.005660974117962958,0.017501910205729665,0.017149677607948277,0.01736547979379477,0.01863542552958508,0.00965809094460468,0.011146078788009106,81.71,214.99,0.9126,1.1724,1
2020-11-04,-0.009903202572120406,-5.590652574749555e-4,0.022103111517122187,0.043671017941552925,0.026589454189239525,0.0021445429621604895,0.005660974117962958,0.017501910205729665,81.69,214.54,0.9107,1.173,1
2020-11-05,0.06044642995423999,0.02272385269603472,0.019315080565672993,0.02573684115632968,-0.010256500167189042,-0.009903202572120406,-5.590652574749555e-4,0.022103111517122187,84.29,222.19,0.9063,1.1809,1
2020-11-06,0.007305227292795369,0.0014202995941605678,-2.2844089191309536e-4,7.470288972193373e-4,-0.025733286451485426,0.06044642995423999,0.02272385269603472,0.019315080565672993,83.64,233.3,0.8986,1.1886,1
2020-11-09,-0.05613612548940239,-0.04528085327467313,0.012487391236224887,-0.020645452078936977,0.05868937413478115,0.007305227292795369,0.0014202995941605678,-2.2844089191309536e-4,81.06,231.76,0.9127,1.1811,1
2020-11-10,-0.0025695945616308613,0.0033072961662767852,-0.0014676830181885592,-0.01807709930807011,0.029486165654463825,-0.05613612548940239,-0.04528085327467313,0.012487391236224887,82.84,231.4,0.9136,1.181,1
2020-11-12,0.005132603226520427,0.0017063879915477642,-0.002347120200883346,0.01741850901407016,-0.008685133628229202,-0.0025695945616308613,0.0033072961662767852,-0.0014676830181885592,82.35,218.63,0.9136,1.1814,1
2020-11-13,0.016501326401838767,0.006796582574478904,0.013749496104594527,0.008734282995769505,-0.018665799898260005,0.005132603226520427,0.0017063879915477642,-0.002347120200883346,83.63,219.17,0.9133,1.1824,1
2020-11-16,0.0037696379717804263,-5.644774351676318e-5,0.012405282096547232,0.007772281605932463,0.02388592659467159,0.016501326401838767,0.006796582574478904,0.013749496104594527,86.85,218.82,0.9121,1.1844,1
2020-11-17,-0.01177473654453376,-0.0036759549381297774,-0.005392786752712375,-0.003176937442403549,0.002080444578406393,0.0037696379717804263,-5.644774351676318e-5,0.012405282096547232,87.04,217.35,0.9109,1.1862,1
2020-11-18,-0.008496227829085434,-0.005738815147835474,-0.012107833784553712,-0.00741787116472814,0.004492836311630555,-0.01177473654453376,-0.0036759549381297774,-0.005392786752712375,88.39,218.86,0.9096,1.1869,1
2020-11-19,-0.005132603226520427,-0.0018822192923177994,0.004201333799401574,0.007794164678105453,0.0030986425206362966,-0.008496227829085434,-0.005738815147835474,-0.012107833784553712,89.22,218.47,0.9119,1.1843,1
2020-11-20,0.0025695945616308613,0.003021236443765396,-0.006871337212429829,-0.006863916027928241,0.006168628196684178,-0.005132603226520427,-0.0018822192923177994,0.004201333799401574,89.11,217.34,0.9118,1.1857,0
2020-11-23,-0.02512042008352733,-0.01989028552930794,0.005976532611592589,3.4437040484114334e-5,0.008504899028477286,0.0025695945616308613,0.003021236443765396,-0.006871337212429829,87.12,221.34,0.9131,1.1826,1
2020-11-24,-0.015024586650098204,-0.015447033492345774,0.01598524352812003,0.013952283234606178,0.04244669024725711,-0.02512042008352733,-0.01989028552930794,0.005976532611592589,89.995,221.26,0.9121,1.1874,1
2020-11-25,0.004885641519147388,-4.718372249143954e-4,-0.0015429550644734391,0.006127822814456785,0.01833733222305778,-0.015024586650098204,-0.015447033492345774,0.01598524352812003,90.7,219.47,0.909,1.1908,0
2020-11-30,-0.031048613275663772,-0.016896112576310074,-0.0016558122780816475,0.011210051944146926,-0.012833028217475562,0.004885641519147388,-4.718372249143954e-4,-0.0015429550644734391,90.74,223.73,0.906,1.1948,1
2020-12-01,0.05814817371365999,0.020840890867326323,0.010878032769338297,0.012734801007859176,-0.011365603755573606,-0.031048613275663772,-0.016896112576310074,-0.0016558122780816475,94.08,225.52,0.9005,1.2039,0
2020-12-02,0.001292825002304987,0.007493302829198356,0.002101500480014451,0.001284352484269391,0.011365603755573606,0.05814817371365999,0.020840890867326323,0.010878032769338297,95.02,223.92,0.8961,1.2093,0
2020-12-03,0.0047261097635931115,0.007842721815290332,-2.726727398689732e-4,0.001414171547736487,0.009000382197299484,0.001292825002304987,0.007493302829198356,0.002101500480014451,97.29,215.6,0.8906,1.2152,0
2020-12-04,0.0017130625174277547,-0.002839511657821703,0.0085807135765954,0.004066912788159627,0.009871119795262562,0.0047261097635931115,0.007842721815290332,-2.726727398689732e-4,99.91,219.68,0.8908,1.2142,0
2020-12-07,0.014443751526547643,0.014803991453021581,-0.0020570012936893534,0.005646505528884127,-0.0050826030634656405,0.0017130625174277547,-0.002839511657821703,0.0085807135765954,96.63,220.21,0.8892,1.2138,0
2020-12-08,0.0016856304033363578,0.0034818380448209396,0.002921842838365052,0.0033791499808835113,3.1842063634757167e-4,0.014443751526547643,0.014803991453021581,-0.0020570012936893534,96.36,216.91,0.8886,1.2111,1
2020-12-09,-0.027317106194360896,-0.017241806434506124,-0.009009314418548797,-0.022901263329417887,-0.0022310766226802947,0.0016856304033363578,0.0034818380448209396,0.002921842838365052,93.98,212.3,0.8901,1.208,1
2020-12-10,0.004317796000055996,-0.0019148756830338343,-3.271626845622322e-4,0.004007755890218512,0.024272271173547466,-0.027317106194360896,-0.017241806434506124,-0.009009314418548797,96.71,219.3098,0.8878,1.2118,1
2020-12-11,-0.0025884397541022786,0.0018569029881563281,-0.0011732126906727203,-0.002217185745393202,-0.005308365314555807,0.004317796000055996,-0.0019148756830338343,-3.271626845622322e-4,95,216.71,0.8902,1.2112,1
2020-12-14,-0.003895265691330252,-0.005522788214261887,-0.004487257173710013,0.007229066455404443,0.007175198464068444,-0.0025884397541022786,0.0018569029881563281,-0.0011732126906727203,94.705,215.8206,0.8872,1.2145,1
2020-12-15,0.026953503329781192,0.013893936599343348,0.013428870513386038,0.010632655418713277,0.011435760539956874,-0.003895265691330252,-0.005522788214261887,-0.004487257173710013,97.5899,218.06,0.8859,1.2158,1
2020-12-16,0.03606608510824749,0.005503969862937552,0.0015680764541077252,0.005484622767350622,0.006127470152097025,0.026953503329781192,0.013893936599343348,0.013428870513386038,97.32,219,0.8861,1.2175,0
2020-12-17,0.0217487428587968,0.010465344065302418,0.005576447957841069,0.006516362295330147,0.012746758324105212,0.03606608510824749,0.005503969862937552,0.0015680764541077252,98.0635,218.72,0.8841,1.2258,0
2020-12-18,-0.007197152218485936,-0.0016988508531197155,-0.008254477555939665,-0.0030270850410181183,0.009603915354180259,0.0217487428587968,0.010465344065302418,0.005576447957841069,96.99,221.97,0.885,1.2236,1
2020-12-21,0.01671348097374059,-0.003178930924129908,-0.003581898977802034,-0.003683483437153079,-0.025409715525368082,-0.007197152218485936,-0.0016988508531197155,-0.008254477555939665,95.26,217.25,0.8859,1.223,1
2020-12-22,-0.039441732051296974,-0.007934510902470215,-0.0016868457271526083,0.0027154603871490934,-0.016994074974140627,0.01671348097374059,-0.003178930924129908,-0.003581898977802034,94.32,217.38,0.8889,1.2172,0
2020-12-23,0.01588304617300329,0.006625945301697023,8.981914295818072e-4,-0.005048881202196931,0.02035850695949515,-0.039441732051296974,-0.007934510902470215,-0.0016868457271526083,95.63,218.7,0.8882,1.2194,0
2020-12-28,0.025135973271542156,3.4153005796433433e-4,0.012436962427592846,0.014431380466114696,-0.004897469231790463,0.01588304617300329,0.006625945301697023,8.981914295818072e-4,96.96,218.61,0.8898,1.2213,0
2020-12-29,-7.883327172164556e-4,0.003635747912261067,-0.0019095523734780073,8.950834943224351e-4,0.005813080466213094,0.025135973271542156,3.4153005796433433e-4,0.012436962427592846,98.96,218.25,0.8838,1.2252,1
2020-12-30,0.014873072598955428,0.0076260784785446845,0.0014257854322003993,3.195245475051678e-5,0.003957989639565174,-7.883327172164556e-4,0.003635747912261067,-0.0019095523734780073,100.73,221.25,0.8832,1.228,0
2020-12-31,-0.007408885518267017,0.003707244598669668,0.005067918122986015,0.002457278126891893,0.003033982909852906,0.014873072598955428,0.0076260784785446845,0.0014257854322003993,100.73,229.563,0.8841,1.223,1
2021-01-04,0.031589683715481875,0.02201425229183762,-0.013707513967022855,-0.014220607189550094,-0.019269597615612533,-0.007408885518267017,0.003707244598669668,0.005067918122986015,100.1,223.7451,0.8811,1.2254,1
2021-01-05,0.011687220682227384,0.002957285835428536,0.0068637787707874764,0.008210358918194771,0.047053311556591204,0.031589683715481875,0.02201425229183762,-0.013707513967022855,104.69,232.82,0.8784,1.2295,1
2021-01-06,-0.012445946060051227,-0.01637437693005417,0.005960709303663769,-0.013949209069192392,0.004996336624474296,0.011687220682227384,0.002957285835428536,0.0068637787707874764,103.22,229.6755,0.881,1.229,1
2021-01-07,-0.00342140611272157,-0.0023373598487053115,0.01474815810047847,0.023903984658887545,0.01223791497134652,-0.012445946060051227,-0.01637437693005417,0.005960709303663769,105.154,228.0399,0.8841,1.2265,1
2021-01-08,-0.0718257345712554,-0.034808797401583824,0.005681534563541035,0.012775997503708503,0.02573040747547939,-0.00342140611272157,-0.0023373598487053115,0.01474815810047847,100.02,222.4,0.8843,1.2252,1
2021-01-11,-0.012765254666454062,-0.0019633892084192084,-0.0067636286529504375,-0.014555470486774524,-0.004809741907656484,-0.0718257345712554,-0.034808797401583824,0.005681534563541035,96.94,221.27,0.8897,1.2169,0
2021-01-12,0.02294242372014743,0.00645312218631755,2.1123227707775527e-4,-0.0015914953863696013,0.01798811852450921,-0.012765254666454062,-0.0019633892084192084,-0.0067636286529504375,100.9,225.2,0.8892,1.2168,1
2021-01-13,-0.01222509112925918,-0.004316677686300174,0.0026893076744141098,0.006730611477533621,-0.0027894020875787184,0.02294242372014743,0.00645312218631755,2.1123227707775527e-4,103.14,223.23,0.8874,1.2159,0
2021-01-14,0.011414718313436545,-5.192557451163538e-4,-0.0035080814084675893,-0.0053617730254620355,0.012215587768124259,-0.01222509112925918,-0.004316677686300174,0.0026893076744141098,104.95,225.57,0.887,1.2156,1
2021-01-15,-0.03254664201686408,-0.01248528166332008,-0.007319434395980373,-0.007952645672331116,-0.025148014283228104,0.011414718313436545,-5.192557451163538e-4,-0.0035080814084675893,100.27,223.04,0.8894,1.2099,1
2021-01-19,0.01825776857356498,0.008437395490801691,0.00782134297990833,0.014484471799893761,0.011534802248466036,-0.03254664201686408,-0.01248528166332008,-0.007319434395980373,101.665,220.46,0.8888,1.2126,0
2021-01-21,0.03236528450203169,0.015523798207048856,0.014655061796736923,0.03096222560396633,2.796811652965303e-4,0.01825776857356498,0.008437395490801691,0.00782134297990833,105.9501,222.43,0.887,1.2143,0
2021-01-22,-0.02051147719703339,-0.00790427392697346,-0.0035457331965060845,-0.0028844108494263665,-0.014931957952167174,0.03236528450203169,0.015523798207048856,0.014655061796736923,103.27,220.55,0.8853,1.2179,0
2021-01-25,-0.004887993438888127,8.621928972107895e-4,0.0039360380295319075,0.00823226230407137,0.010166707168955291,-0.02051147719703339,-0.00790427392697346,-0.0035457331965060845,102.89,218.22,0.8882,1.2138,1
2021-01-26,0.004481571974240595,-0.0024736112937864263,-0.0015621341925413645,0.0014618549885208054,-0.003941446543964666,-0.004887993438888127,8.621928972107895e-4,0.0039360380295319075,103,217.768,0.888,1.2147,0
2021-01-27,-0.009804000096620857,-0.0063558311840195,-0.024744074348596712,-0.02827261552217486,0.0014094435032334651,0.004481571974240595,-0.0024736112937864263,-0.0015621341925413645,99.95,215.27,0.889,1.2101,1
2021-01-28,0.05315936828009615,9.269989076345908e-4,0.00856342661951448,0.005899353824021958,-0.007067167223092419,-0.009804000096620857,-0.0063558311840195,-0.024744074348596712,100.65,218.6478,0.8887,1.2122,1
2021-01-29,0.010840214552864769,-4.054562886786073e-4,-0.02022270333452969,-0.021262674346810506,-0.0019877899488656148,0.05315936828009615,9.269989076345908e-4,0.00856342661951448,100.44,208.37,0.8905,1.2135,1
2021-02-01,0.06953180979156182,0.009341551036215812,0.0165084815706269,0.024680206489050782,0.026368989239372365,0.010840214552864769,-4.054562886786073e-4,-0.02022270333452969,105.37,210.7617,0.8965,1.207,1
2021-02-02,-0.08701137698962969,-0.01224245815292413,0.01404124523157435,0.01618247896323588,0.019194447256147384,0.06953180979156182,0.009341551036215812,0.0165084815706269,102.05,210.0036,0.8987,1.202,1
2021-02-03,0.015552413007484667,-0.0015118039860473331,7.859575987501088e-4,-0.003975175708299972,0.016698475804459267,-0.08701137698962969,-0.01224245815292413,0.01404124523157435,102.88,213.5914,0.8993,1.2025,1
2021-02-04,-0.0179062783548134,-0.021765565109563845,0.011301615005259613,0.011757316150355024,0.009833966293450569,0.015552413007484667,-0.0015118039860473331,7.859575987501088e-4,102.81,214.189,0.9031,1.1974,1
2021-02-05,0.019063016482637085,0.00982372677193144,0.003928161143618603,0.003385734794131068,0.010000083334583021,-0.0179062783548134,-0.021765565109563845,0.011301615005259613,105.55,219.1696,0.8996,1.2035,0
2021-02-08,0.017571116697143285,0.010019712924226987,0.007195939663207973,0.006677319001752835,0.019448298706628897,0.019063016482637085,0.00982372677193144,0.003928161143618603,108.98,218.041,0.8986,1.2045,0
2021-02-09,-0.0049345326926308886,0.0032596070770374297,-6.660177509374421e-4,-2.0986673539358236e-4,0.005889147733686428,0.017571116697143285,0.010019712924226987,0.007195939663207973,110.83,217.5166,0.893,1.2106,0
2021-02-10,-0.007256094467773089,0.0036544023963536176,-4.3571310263512686e-4,-0.0022813926384124272,0.002804335808525238,-0.0049345326926308886,0.0032596070770374297,-6.660177509374421e-4,116.4,220.89,0.8891,1.2132,1
2021-02-11,0,-0.00872301413910126,0.0016137505263129626,0.005484556627913584,-0.007923364135647315,-0.007256094467773089,0.0036544023963536176,-4.3571310263512686e-4,116.15,220.7253,0.8907,1.2127,1
2021-02-12,0.00953659716649824,-0.003041827440485534,0.004927564703327114,0.005573535731191903,0.02458620863705141,0,-0.00872301413910126,0.0016137505263129626,117.51,223.9093,0.8911,1.2126,1
2021-02-16,-0.0019000575733452152,-0.014457514381796877,-8.663083070397093e-4,-0.0027083752920722404,0.012688315516831583,0.00953659716649824,-0.003041827440485534,0.004927564703327114,118.43,224.2,0.8923,1.2107,0
2021-02-17,0.0053110898744077595,-0.011417764592001056,2.2938995117716132e-4,-0.004809784169010456,0.010818890872049902,-0.0019000575733452152,-0.014457514381796877,-8.663083070397093e-4,117.65,223.0432,0.8985,1.2042,1
2021-02-18,-0.014481960416821593,-6.012325268578422e-5,-0.004265052244344147,-0.004381759711815647,-0.0152787595131878,0.0053110898744077595,-0.011417764592001056,2.2938995117716132e-4,119.2217,220.2367,0.8968,1.2078,1
2021-02-19,0.008409835498072393,0.004140047313768491,-0.0017675316801524232,-0.0043708339490340364,-0.014759492446690725,-0.014481960416821593,-6.012325268578422e-5,-0.004265052244344147,119.43,222.353,0.8948,1.2136,0
2021-02-22,0.039191431005140664,0.014858231266869026,-0.007721449837032601,-0.026261724096993788,0.03953083875663488,0.008409835498072393,0.004140047313768491,-0.0017675316801524232,119.32,224.73,0.8958,1.2155,0
2021-02-23,-0.021084561360573684,-0.0023034000084676265,0.0012136393882471452,-0.0029817390708828384,0.008202699792181356,0.039191431005140664,0.014858231266869026,-0.007721449837032601,116.22,220.78,0.9022,1.2142,1
2021-02-24,0.00856137743759433,-7.098071988540511e-4,0.010959084107023287,0.00820933654264877,0.020923254964882787,-0.021084561360573684,-0.0023034000084676265,0.0012136393882471452,118.915,229.1486,0.9074,1.2143,1
2021-02-25,-0.02059612216341211,-0.01899585223500111,-0.02439082287298522,-0.03548475788649341,-9.416196552614053e-4,0.00856137743759433,-7.098071988540511e-4,0.010959084107023287,114.58,226.3451,0.9033,1.2229,1
2021-02-26,-0.029956156999419115,-0.02448005527635555,-0.005165937356196082,0.004178834414212851,-0.027457854866436815,-0.02059612216341211,-0.01899585223500111,-0.02439082287298522,111.23,217.01,0.9092,1.2093,1
2021-03-01,-0.002341921445081052,-0.00173192348604978,0.023951063077206847,0.029638535943385058,-0.01733653480098596,-0.029956156999419115,-0.02448005527635555,-0.005165937356196082,111.18,220.99,0.9138,1.2054,1
2021-03-02,0.007009374492576104,0.005433118260844694,-0.007833880191128628,-0.01616882838804301,-0.013140141959633755,-0.002341921445081052,-0.00173192348604978,0.023951063077206847,112.94,222.58,0.9141,1.2079,1
2021-03-03,-0.019988907741928408,-0.011082675426195898,-0.01333422538094986,-0.029449511731557187,0.026352959576757762,0.007009374492576104,0.005433118260844694,-0.007833880191128628,110.01,220.97,0.918,1.2073,1
2021-03-04,-0.030140919382323883,-0.009885583852051738,-0.012452015478376488,-0.016502347555351626,0.0458458148412082,-0.019988907741928408,-0.011082675426195898,-0.01333422538094986,105.6,218.97,0.9257,1.2045,1
2021-03-05,-0.009016454525940354,6.285750411247903e-4,0.018229431718388867,0.014948546906083493,0.03131326570541004,-0.030140919382323883,-0.009885583852051738,-0.012452015478376488,106.03,219.07,0.9305,1.1914,1
2021-03-08,-0.0012358394981766274,-0.010422353762899128,-0.004991190867331241,-0.028722686935868325,-0.021379026676791035,-0.009016454525940354,6.285750411247903e-4,0.018229431718388867,106.56,217,0.9355,1.1849,1
2021-03-09,0.031246201927778383,0.021048117842583203,0.014176517512846765,0.03868328181836045,-0.009005949335595176,-0.0012358394981766274,-0.010422353762899128,-0.004991190867331241,109.78,214.94,0.9292,1.1885,1
2021-03-10,0.010333955238190917,0.0050852822766254135,0.006205362686550586,-0.002858750842764657,0.014508026489578718,0.031246201927778383,0.021048117842583203,0.014176517512846765,112.7,215.73,0.9317,1.19,1
2021-03-11,-0.001186943759528436,-8.663903011161267e-4,0.01008806808480145,0.022770175404152937,0.019470843777396496,0.010333955238190917,0.0050852822766254135,0.006205362686550586,112.4,220.34,0.9244,1.1978,1
2021-03-12,-0.010746372075484345,-1.8575276360621729e-4,0.0013458781345692117,-0.008145269973955038,-0.005621150270429975,-0.001186943759528436,-8.663903011161267e-4,0.01008806808480145,112.68,221.425,0.9281,1.1952,0
2021-03-15,0.01351371916672317,0.004386920440336617,0.0059458472132059015,0.010626154315154679,-0.002031374132684949,-0.010746372075484345,-1.8575276360621729e-4,0.0013458781345692117,113.61,223.33,0.9283,1.1917,1
2021-03-16,-0.01031755184338179,9.243568675421088e-4,-0.0012621164841792876,0.005473809823252296,-0.00976282019218555,0.01351371916672317,0.004386920440336617,0.0059458472132059015,113.78,233,0.9261,1.1895,0
2021-03-17,0.01307726185428848,0.007119651997640197,0.003404065467961459,0.004109083107027622,-2.2818026339743724e-4,-0.01031755184338179,9.243568675421088e-4,-0.0012621164841792876,113.81,241.56,0.9276,1.1905,1
2021-03-18,-0.012678458259770764,-0.005826986156377778,-0.014656549607190428,-0.03110955358464995,-0.07952937527954607,0.01307726185428848,0.007119651997640197,0.003404065467961459,113.51,250.59,0.9281,1.1926,1
2021-03-19,0.007942853513936754,0.004174346147487462,-0.005121912447063615,0.0035189901632639575,0.031617419621309484,-0.012678458259770764,-0.005826986156377778,-0.014656549607190428,111.66,246.15,0.9301,1.1909,1
2021-03-22,-0.015547452899156156,-0.0014713097308423073,0.007953294189883664,0.017317409419522534,-0.0014374703002300038,0.007942853513936754,0.004174346147487462,-0.005121912447063615,110.9899,244.63,0.9233,1.1932,1
2021-03-23,-0.029353921664108995,-0.007327393395045512,-0.007901944989636256,-0.004372244827485439,-0.057736803253207736,-0.015547452899156156,-0.0014713097308423073,0.007953294189883664,109.08,244.5942,0.9327,1.1872,1
2021-03-24,4.1365047125507814e-4,0.0034548741873061672,-0.005096404946075772,-0.017009105162273386,0.05148377662565773,-0.029353921664108995,-0.007327393395045512,-0.007901944989636256,109.25,247.61,0.9355,1.1831,1
2021-03-25,0.0020656896417876602,-0.003640294009216838,0.005609751979936739,-0.0017329914478398933,-0.038362215663988675,4.1365047125507814e-4,0.0034548741873061672,-0.005096404946075772,107.16,245.04,0.9393,1.1777,1
2021-03-26,-0.0028931617618201955,0.0028393328130125184,0.015986492583889067,0.014888770721611877,0.040290391725346986,0.0020656896417876602,-0.003640294009216838,0.005609751979936739,110.38,252,0.9398,1.1798,1
2021-03-29,-0.014172809139460174,-0.011967279701236677,-5.052036077950461e-4,-2.848506926893535e-4,0.009346982370124657,-0.0028931617618201955,0.0028393328130125184,0.015986492583889067,109.99,236.44,0.9381,1.1779,1
2021-03-30,-0.028530783394910664,-0.01723963672762796,-0.0026565144463539525,-0.005045787644018418,-0.018053204230973563,-0.014172809139460174,-0.011967279701236677,-5.052036077950461e-4,107.86,240.6,0.9427,1.1724,0
2021-03-31,0.019675570565178102,0.01505398000466407,0.00404521068396857,0.015186968030458381,-0.015667395141595986,-0.028530783394910664,-0.01723963672762796,-0.0026565144463539525,111.31,244.85,0.9418,1.1743,0
2021-04-01,0.01971126934319889,0.012549086842225776,0.010741187917951756,0.016902686086928576,0.03181037911645035,0.019675570565178102,0.01505398000466407,0.00404521068396857,113.55,249.98,0.9409,1.1772,0
2021-04-05,-0.0033277900926744763,-3.7048472174294744e-4,0.014251080747020417,0.019768192003263962,-0.03799775190630594,0.01971126934319889,0.012549086842225776,0.010741187917951756,113.445,249.66,0.9359,1.181,1
2021-04-06,0.012422519998557036,0.007996597941995809,-5.907837903222912e-4,-6.950005567807338e-4,0.010373024598187897,-0.0033277900926744763,-3.7048472174294744e-4,0.014251080747020417,116.23,251.61,0.9325,1.1852,0
2021-04-07,-0.0012353306079928572,-0.002822260907607621,0.001156624263011885,0.0024153142591520904,0.00392349694092653,0.012422519998557036,0.007996597941995809,-5.907837903222912e-4,115.05,245.84,0.9274,1.189,0
2021-04-08,0.012285166794578029,0.01069463549784011,0.0047355660138643785,0.010379574212382003,-9.7943200777717e-4,-0.0012353306079928572,-0.002822260907607621,0.001156624263011885,115.31,246.03,0.92490000000000006,1.1904,0
2021-04-09,-0.008173318895972947,-0.0075660864932558525,0.0072438457753705165,0.006039977302312316,-0.00441935411147254,0.012285166794578029,0.01069463549784011,0.0047355660138643785,112.87,247.42,0.92490000000000006,1.1897,1
2021-04-12,-0.01613271803774685,-0.00608203379982708,3.644624826222298e-4,-0.0013060644796407672,0.006377259778529432,-0.008173318895972947,-0.0075660864932558525,0.0072438457753705165,109.98,251.43,0.9228,1.1907,0
2021-04-13,0.020227727855211874,0.007061525766720145,0.0029593714745521638,0.011605546120307508,0.012150817782512924,-0.01613271803774685,-0.00608203379982708,3.644624826222298e-4,108.41,252.2944,0.9213,1.1939,0
2021-04-14,0.0024489808158181248,-0.004353831804716712,-0.003421046390721827,-0.012080901903345875,0.038849035022260114,0.020227727855211874,0.007061525766720145,0.0029593714745521638,109.71,250.3984,0.9228,1.1974,1
2021-04-15,0.018978966597802405,0.016033507127551694,0.010685205371241402,0.015041869165381527,0.005329638383264612,0.0024489808158181248,-0.004353831804716712,-0.003421046390721827,112.06,256.89,0.9227,1.1964,0
2021-04-16,0.0031948908965193645,0.006029563036684671,0.00333681727876467,0.001170240910590259,-0.0020821291501320616,0.018978966597802405,0.016033507127551694,0.010685205371241402,112.59,259.72,0.9196,1.198,0
2021-04-19,-0.004796172263493048,-0.002769084360302543,-0.004925112361662265,-0.009193913988172042,0.0032369970461285646,0.0031948908965193645,0.006029563036684671,0.00333681727876467,113.25,263.32,0.9155,1.2028,0
2021-04-20,-0.0012026459657605848,0.0035502639811957337,-0.007348530736098979,-0.007315408240020638,-0.013479172241788184,-0.004796172263493048,-0.002769084360302543,-0.004925112361662265,111.38,258.2723,0.9145,1.2045,1
2021-04-21,0.03041909436570789,0.009862307605457588,0.009417629732387134,0.008524544739576534,-0.02295687138191793,-0.0012026459657605848,0.0035502639811957337,-0.007348530736098979,114.35,270.0909,0.9166,1.2033,1
2021-04-22,-0.020043901536655362,-0.006504184996562579,-0.009175040822362313,-0.012127830304669907,0.007631804273395382,0.03041909436570789,0.009862307605457588,0.009417629732387134,112.785,264.5,0.9182,1.2012,1
2021-04-23,-0.0035792442267803537,-0.003838776307166114,0.01078405162806284,0.012510909975191886,0.008752273492630636,-0.020043901536655362,-0.006504184996562579,-0.009175040822362313,115.22,267.42,0.9152,1.2069,1
2021-04-26,0.007541214544135144,0.0026407409416364658,0.0020854564998185054,0.006490001489219743,-0.00306640174227768,-0.0035792442267803537,-0.003838776307166114,0.01078405162806284,116.55,273.47,0.9145,1.2083,0
2021-04-27,0.002369669355318571,-0.0025205558564609376,-2.1553530671525323e-4,-0.004341583281269656,0.018258934226210943,0.007541214544135144,0.0026407409416364658,0.0020854564998185054,115.12,275.81,0.9134,1.2079,0
2021-04-28,0.0011827322490494119,0.002940031518042119,-2.874526920573217e-4,-0.003386589410619756,0.00969536680516292,0.002369669355318571,-0.0025205558564609376,-2.1553530671525323e-4,114.36,275.74,0.9124,1.2098,0
2021-04-29,-0.005531424613229419,-0.004142532865445858,0.006352563574060888,0.0035923598009866,0.01663097905869737,0.0011827322490494119,0.002940031518042119,-2.874526920573217e-4,112.5,276.89,0.9099,1.211,1
2021-04-30,-0.010354532975580533,-0.0033747169547622136,-0.006592170619653892,-0.006576157934902405,-0.022621780386109958,-0.005531424613229419,-0.004142532865445858,0.006352563574060888,112.05,274.64,0.9127,1.203,0
2021-05-03,0.03886652097722543,0.01289489184295256,0.002154399397026552,-0.005339832914267539,0.01627543088982142,-0.010354532975580533,-0.0033747169547622136,-0.006592170619653892,114.99,277.6,0.9116,1.2059,0
2021-05-04,-0.015913396165323057,-0.007356712505876217,-0.006188405731965219,-0.018159669412871615,0.020034434861277095,0.03886652097722543,0.01289489184295256,0.002154399397026552,115.6,279.31,0.9136,1.2014,1
2021-05-05,3.9115979376136423e-4,0.004133598816723705,3.127368104687278e-4,-0.0033678749008254627,-0.004691173575880114,-0.015913396165323057,-0.007356712505876217,-0.006188405731965219,114.7,277.07,0.913,1.2003,0
2021-05-06,0.031565361212137155,0.016542042633728826,0.007953852334532385,0.007509043064884757,-0.005613577108001255,3.9115979376136423e-4,0.004133598816723705,3.127368104687278e-4,117.6,275.1275,0.9096,1.2049,1
2021-05-07,0.003404580553574732,0.008956594339883495,0.007251663395320129,0.008081641077838597,4.5024764380663385e-4,0.031565361212137155,0.016542042633728826,0.007953852334532385,117.62,272.67,0.9009,1.2165,1
2021-05-10,-0.003404580553574732,0.0030258969843597328,-0.009951752250938029,-0.025578702239189788,0.0011247329945094364,0.003404580553574732,0.008956594339883495,0.007251663395320129,117.1701,277.08,0.8986,1.217,1
2021-05-11,0.010929070532190277,1.7429193943829802e-4,-0.008964789955780539,-0.0013823400606920444,0.0087297700455653,-0.003404580553574732,0.0030258969843597328,-0.009951752250938029,116,274.7,0.902,1.2169,1
2021-05-12,-0.02312899310201244,-0.009983443984182827,-0.021474190886936917,-0.026223863358230126,0.007770046861931945,0.010929070532190277,1.7429193943829802e-4,-0.008964789955780539,113.74,266.19,0.9088,1.2074,1
2021-05-13,0.004592430574210216,0.004098846352214913,0.011940952729975862,0.007701655408374641,-0.03167736502401697,-0.02312899310201244,-0.009983443984182827,-0.021474190886936917,113.06,267.64,0.9068,1.207,1
2021-05-14,0.010256500167189042,0.009074578007218115,0.01523866655402717,0.02183661945416393,0.020335088420082137,0.004592430574210216,0.004098846352214913,0.011940952729975862,114.89,270.82,0.9021,1.2141,1
2021-05-17,0.029419362422443474,0.011572137543432781,-0.002547772078798971,-0.006084837459010117,0.015094626222485363,0.010256500167189042,0.009074578007218115,0.01523866655402717,116.25,271,0.9016,1.2155,1
2021-05-18,-0.0011015238859330978,0.001944302093605188,-0.008653040238106868,-0.006773605843868324,-0.012191218264415049,0.029419362422443474,0.011572137543432781,-0.002547772078798971,114.4,272.62,0.8986,1.2203,1
2021-05-19,-0.016670139691058683,6.853226995815476e-4,-0.002625183811966636,0.001147625007703823,-0.0319501516572287,-0.0011015238859330978,0.001944302093605188,-0.008653040238106868,111.45,268,0.9003,1.2216,1
2021-05-20,0.0018660203212710336,0.00455685454732091,0.010700467654609191,0.019158732825196978,-0.02211706961304749,-0.016670139691058683,6.853226995815476e-4,-0.002625183811966636,112.29,266.78,0.8985,1.2225,1
2021-05-21,-0.010118130165584382,4.545454623716694e-4,-8.190600539803583e-4,-0.005550148426323176,0.028314725167861265,0.0018660203212710336,0.00455685454732091,0.010700467654609191,109.47,259.7,0.8987,1.2178,1
2021-05-24,0.009745204559919785,0.0017594147391708503,0.010142634095454461,0.016679183362210637,0.029758733377041935,-0.010118130165584382,4.545454623716694e-4,-8.190600539803583e-4,110.08,255.0511,0.8973,1.221,1
2021-05-25,0.0074322155566566295,0.009031955274140024,-0.0022211351245911004,0.0013824610003689841,-0.002223705608344062,0.009745204559919785,0.0017594147391708503,0.010142634095454461,111.83,258.53,0.8971,1.2233,1
2021-05-26,-0.010046596130727448,-0.0017435815322999204,0.0019825399717126047,0.003477742974527409,0.006213956967943357,0.0074322155566566295,0.009031955274140024,-0.0022211351245911004,111.37,256.5694,0.8973,1.2204,0
2021-05-27,0.0059657149339962245,3.939777734931482e-4,5.248342121522143e-4,-0.0037480741318400845,0.007713536867781645,-0.010046596130727448,-0.0017435815322999204,0.0019825399717126047,110.36,262.3087,0.8977,1.2194,0
2021-05-28,0.002227999436313244,0.003763098040666435,0.001787140218071137,0.0031493254985583974,-0.0028580870285548343,0.0059657149339962245,3.939777734931482e-4,5.248342121522143e-4,110.46,263.15,0.8995,1.2194,0
2021-06-01,-0.002227999436313244,-0.002694511566271096,-8.812566813443112e-4,-0.0033295868780456317,0.019837162751144444,0.002227999436313244,0.003763098040666435,0.001787140218071137,111.84,268.325,0.8954,1.2241,1
2021-06-02,0.011458266187361676,0.004878468755207699,0.0015714288948007749,0.0019511029917955724,0.012227976023676757,-0.002227999436313244,-0.002694511566271096,-8.812566813443112e-4,111.44,267.3473,0.898,1.2213,0
2021-06-03,-0.027194821726347573,-0.019772421341913038,-0.003718273858472898,-0.010460251826468259,0.0014914245866699538,0.011458266187361676,0.004878468755207699,0.0015714288948007749,108.81,266.22,0.9051,1.2122,1
2021-06-04,0.012758146784725088,0.010725636969913133,0.009104261989180351,0.01682732013252508,0.006155171719858021,-0.027194821726347573,-0.019772421341913038,-0.003718273858472898,109.34,265.7127,0.899,1.2173,1
2021-06-07,0.005206408190574052,0.003999667332388768,-9.706555053705657e-4,0.0029753071636546835,2.1157304638341756e-4,0.012758146784725088,0.010725636969913133,0.009104261989180351,109.91,265.0357,0.8969,1.22,0
2021-06-08,-0.01118997129354371,-0.0030969365105333324,2.131514449077443e-4,4.7522871275784695e-4,0.012822035884627159,0.005206408190574052,0.003999667332388768,-9.706555053705657e-4,108.87,262.0598,0.8963,1.218,0
2021-06-09,0.005983563102969658,-0.0019192780376489083,-0.001493015100843209,2.3752969232848642e-4,-0.006285375814960581,-0.01118997129354371,-0.0030969365105333324,2.131514449077443e-4,107.73,258.7476,0.8958,1.2184,0
2021-06-10,0.00816937332123091,0.00428507647112486,0.004637634604537588,0.010366459732169098,0.005240552817393773,0.005983563102969658,-0.0019192780376489083,-0.001493015100843209,107.99,259.3125,0.8951,1.2173,1
2021-06-11,-0.004447746398235974,-0.011316178242632091,0.0016510995353904434,0.002611542146532919,0.005005224213663784,0.00816937332123091,0.00428507647112486,0.004637634604537588,107.48,259.545,0.8993,1.2101,0
2021-06-14,-7.432181687341277e-4,-0.005878173581344015,0.0022364264179763893,0.009537075568124997,0.005187271720690223,-0.004447746398235974,-0.011316178242632091,0.0016510995353904434,108.74,257.41,0.8991,1.2126,0
2021-06-15,-0.007088259485923842,-0.00378484222890485,-0.0018358561891256286,-0.006552435459313166,0.013566497897462337,-7.432181687341277e-4,-0.005878173581344015,0.0022364264179763893,107.8565,258.5,0.8985,1.212,0
2021-06-16,-0.015849388380079432,-0.01703598971356879,-0.005598946813138106,-0.0036588797825771735,-0.004706854080165801,-0.007088259485923842,-0.00378484222890485,-0.0018358561891256286,105.85,262.7893,0.8986,1.2119,1
2021-06-17,-0.048714092509892115,-0.031222859150817683,-3.31722114689903e-4,0.012617636617555661,-0.014671200232073023,-0.015849388380079432,-0.01703598971356879,-0.005598946813138106,99.65,235.03,0.9173,1.1911,1
2021-06-18,-0.006812288416584433,-0.0055626239330006655,-0.016848490897974244,-0.007878291253658354,0.006639028534809022,-0.048714092509892115,-0.031222859150817683,-3.31722114689903e-4,97.51,231.1723,0.9215,1.1872,1
2021-06-21,0.0076106916526086366,0.01217322492960271,0.014214506246849723,0.005036474059128437,0.020467353850540437,-0.006812288416584433,-0.0055626239330006655,-0.016848490897974244,99.2,241.5612,0.9184,1.1909,1
2021-06-22,-0.008817692402644184,-0.004201686853700259,0.005331955710691005,0.009278461777932456,0.0012148209633315865,0.0076106916526086366,0.01217322492960271,0.014214506246849723,100.63,238.8645,0.92,1.191,1
2021-06-23,0.002814072208811247,-6.618731250380705e-4,-0.001206087339211237,4.889905319567234e-4,0.006052066082046448,-0.008817692402644184,-0.004201686853700259,0.005331955710691005,101.49,244.52,0.9169,1.195,0
2021-06-24,0.004805776169593656,-6.020832260871245e-4,0.005898330182787959,0.006163745271424936,0.0024106078366874506,0.002814072208811247,-6.618731250380705e-4,-0.001206087339211237,102.29,247.385,0.9188,1.1927,0
2021-06-25,0.005180326388557255,0.003306980736787146,0.0035458115604471985,-0.001229713460175752,0.008192672459987005,0.004805776169593656,-6.020832260871245e-4,0.005898330182787959,103.43,245.75,0.9175,1.194,0
2021-06-28,0.0015885626851375179,-6.002941443128407e-5,0.002013863550614836,0.012088262448237685,-0.014230122877971318,0.005180326388557255,0.003306980736787146,0.0035458115604471985,102.35,251.01,0.9184,1.1938,0
2021-06-29,-0.012779726646398704,-0.010561034763929555,5.379047570563955e-4,0.0036122517054471004,0.007040157811732506,0.0015885626851375179,-6.002941443128407e-5,0.002013863550614836,99.67,250.83,0.9201,1.1905,0
2021-06-30,0.012382822493540058,0.004841745220798721,8.413574395538248e-4,-0.0015787548034031929,-2.004610611101576e-4,-0.012779726646398704,-0.010561034763929555,5.379047570563955e-4,100.26,259.66,0.9253,1.1848,0
2021-07-01,-0.0035792442267803537,0.003435497457284775,0.005521336348274453,3.9492243108441016e-4,0.014726634305141761,0.012382822493540058,0.004841745220798721,8.413574395538248e-4,101.5,258.08,0.9253,1.1857,0
2021-07-02,0.01737800446665494,0.006536950921841367,0.007614455583289548,0.011413312154925137,0.006105385779535677,-0.0035792442267803537,0.003435497457284775,0.005521336348274453,102.31,260.8,0.9224,1.1848,1
2021-07-06,-0.01221208795142692,0.0049491767937261955,-0.0018231124878846927,0.0043125701550428275,-0.020431138139040517,0.01737800446665494,0.006536950921841367,0.007614455583289548,101.87,260.1,0.9245,1.1816,1
2021-07-07,3.962750200456888e-4,0.003799577119222519,0.0035278285126878473,0.0021077745829432004,-0.02516366540209658,-0.01221208795142692,0.0049491767937261955,-0.0018231124878846927,101.51,267.23,0.9252,1.1803,1
2021-07-08,-0.00915429278348423,-6.520257484785574e-4,-0.00818142260279231,-0.006057929936344131,0.017519291020964278,3.962750200456888e-4,0.003799577119222519,0.0035278285126878473,100.47,261.7908,0.9153,1.184,1
2021-07-09,0.006774283726673325,0.0033149855728753508,0.010618261437109311,0.006224144131419251,0.017812939718198972,-0.00915429278348423,-6.520257484785574e-4,-0.00818142260279231,102.76,262.8718,0.9151,1.1861,1
2021-07-12,0.0039635406624554115,-0.001241832157461431,0.0035755252394436,0.003898101503766682,-0.0019857035913122267,0.006774283726673325,0.0033149855728753508,0.010618261437109311,104.96,266.7348,0.9154,1.1858,0
2021-07-13,-0.007942853513936754,0.0013009285732810127,-0.003414810748390451,0,0.016558627894408318,0.0039635406624554115,-0.001241832157461431,0.0035755252394436,103.5,264.27,0.9164,1.1813,0
2021-07-14,0.009128858792312844,0.010697803780380433,0.0014911166636517592,0.0017918928556497349,-0.028757559295052637,-0.007942853513936754,0.0013009285732810127,-0.003414810748390451,105.55,264.165,0.9154,1.1826,0
2021-07-15,0.002761887729208823,1.7538218746526724e-4,-0.003421397383413627,-0.007048219451452731,-0.013368641474627019,0.009128858792312844,0.010697803780380433,0.0014911166636517592,106.4,255.3057,0.9186,1.1806,0
2021-07-16,-0.025135973271542156,-0.00975101711134485,-0.007874511010557583,-0.008132390388849053,0.0020370754650769207,0.002761887729208823,1.7538218746526724e-4,-0.003421397383413627,102.51,244.88,0.9192,1.181,1
2021-07-19,-0.019996585498795127,0.0011798715308923846,-0.014878064026178528,-0.008227263613804325,-0.06951629468654863,-0.025135973271542156,-0.00975101711134485,-0.007874511010557583,100.02,242.54,0.9179,1.1804,1
2021-07-20,-0.007862651720923708,-0.0012979352854571857,0.014228713354011546,0.01154947943064677,0.014510270829521499,-0.019996585498795127,0.0011798715308923846,-0.014878064026178528,99.67,246.58,0.9218,1.1776,1
2021-07-21,0.013206960432848192,-0.003726161342152423,0.008063721331801332,0.0076907438140079165,0.03714290643639595,-0.007862651720923708,-0.0012979352854571857,0.014228713354011546,101,248.3468,0.9179,1.1799,1
2021-07-22,0.005723646042569364,0.001953530294199979,0.0020919307407032406,0.006588492634056919,0.018473431751446334,0.013206960432848192,-0.003726161342152423,0.008063721331801332,102.01,253.61,0.9195,1.1771,0
2021-07-23,-0.00983211525631722,-0.0031393480544048558,0.010235410353404362,0.011609773234710907,0.0060827438157691205,0.005723646042569364,0.001953530294199979,0.0020919307407032406,99.24,249.6491,0.9211,1.1761,1
2021-07-26,0.0012343140838853017,-0.0023758623672920365,0.002451871914844972,7.873054201352758e-4,0.004034703879641999,-0.00983211525631722,-0.0031393480544048558,0.010235410353404362,99.905,248.78,0.9157,1.181,0
2021-07-27,-0.017420598160501122,0.0016636961650862148,-0.004568034033408885,-0.01107908510893818,-0.004034703879641999,0.0012343140838853017,-0.0023758623672920365,0.002451871914844972,98.41,242.44,0.9135,1.1831,1
2021-07-28,0.007918357689314703,0.005033617355430842,-4.100975178227273e-4,0.0038342555122188315,0.005040841402893292,-0.017420598160501122,0.0016636961650862148,-0.004568034033408885,99.885,244.8094,0.9134,1.1809,0
2021-07-29,0.023791113914485518,0.011043994058414164,0.004138815204479229,0.0017752049560932903,0.01833451119341012,0.007918357689314703,0.005033617355430842,-4.100975178227273e-4,99.5,246.81,0.9062,1.1886,0
2021-07-30,-0.0032480743131642065,-0.0079181621363551,-0.004868292976357935,-0.005225372672095219,3.94866737608357e-4,0.023791113914485518,0.011043994058414164,0.004138815204479229,98.01,248.0931,0.9061,1.1864,0
2021-08-02,-0.003666738677419623,-0.0012373686874695977,-0.002100217642210467,8.228533817078443e-5,-0.029649607785482424,-0.0032480743131642065,-0.0079181621363551,-0.004868292976357935,98.44,249.8954,0.9051,1.1873,1
2021-08-03,0.005698021114637353,-7.077558537842421e-4,0.008102554741012291,0.006043140579645723,-0.0067326582992546236,-0.003666738677419623,-0.0012373686874695977,-0.002100217642210467,98.01,246.59,0.9047,1.1859,1
2021-08-04,-0.0061062677012424516,2.3597427989852093e-4,-0.004931099717303766,0.001443846876180821,-0.034360485897282356,0.005698021114637353,-7.077558537842421e-4,0.008102554741012291,95.54,247,0.9061,1.1841,0
2021-08-05,-0.0094359674481721,-0.003959933068507837,0.006312894231034427,0.00632286607376642,0.018888284520206078,-0.0061062677012424516,2.3597427989852093e-4,-0.004931099717303766,94.03,247.14,0.907,1.1838,0
2021-08-06,-0.03395840862361599,-0.0253086971556149,0.001651117140725411,-0.0043919172694408815,-0.011079866667525362,-0.0094359674481721,-0.003959933068507837,0.006312894231034427,91.55,245.3872,0.9142,1.1761,0
2021-08-09,-0.03515224155730623,-0.01789482731316916,-8.139088419287788e-4,0.0018458703902846096,-0.020601769312590168,-0.03395840862361599,-0.0253086971556149,0.001651117140725411,91.4,242.51,0.9191,1.1749,0
2021-08-10,-0.006202944124607868,3.0912856903242414e-4,0.0012432049159443181,-0.0051388832042560395,0.02291148162549428,-0.03515224155730623,-0.01789482731316916,-8.139088419287788e-4,92.94,246.54,0.9226,1.1722,0
2021-08-11,0.009730284642576414,0.013690854482596215,0.002481782741685201,-0.0017188463409247845,0.01291953790143241,-0.006202944124607868,3.0912856903242414e-4,0.0012432049159443181,95.55,245.4276,0.9215,1.1737,0
2021-08-12,-0.015524818350912462,2.4387269965941982e-4,0.0029924984925422393,0.003598008624370763,-0.004149383546811158,0.009730284642576414,0.013690854482596215,0.002481782741685201,95.41,245.1,0.923,1.1736,0
2021-08-13,0.02297935846243737,0.014224129903557703,0.0018181211028256428,0.003503772172783748,-0.01402723722222543,-0.015524818350912462,2.4387269965941982e-4,0.0029924984925422393,96.01,246.2598,0.9162,1.1796,0
2021-08-16,0.005663269329260867,0.004975880294495916,0.0023519145337198566,4.337218826462319e-4,-0.008256636299118547,0.02297935846243737,0.014224129903557703,0.0018181211028256428,95.62,242.8505,0.9123,1.1776,1
2021-08-17,-0.009164366997439721,-0.0014961551610461754,-0.006576829802911632,-0.008847085784454478,-0.009827039134176818,0.005663269329260867,0.004975880294495916,0.0023519145337198566,93.02,231.8931,0.9144,1.1714,1
2021-08-18,-0.0070391843672537036,7.782800404827483e-4,-0.011005296646600549,-0.009671202121204203,-0.025659159408892407,-0.009164366997439721,-0.0014961551610461754,-0.006576829802911632,93.22,226.0092,0.9179,1.1702,1
2021-08-19,-0.010652564116207408,-0.002936683660371031,0.0015471426457045467,0.0048198173645293,-0.013973832794428098,-0.0070391843672537036,7.782800404827483e-4,-0.011005296646600549,90.84,215.96,0.9173,1.1693,1
2021-08-20,-0.007614818430453862,5.40037815770944e-4,0.007925586651118088,0.010305001741888198,-0.030387825706143623,-0.010652564116207408,-0.002936683660371031,0.0015471426457045467,92.87,212.7102,0.9176,1.169,1
2021-08-23,0.023990488636654206,0.012104014453497847,0.008757999883902912,0.01484587836413187,0.05422475215574307,-0.007614818430453862,5.40037815770944e-4,0.007925586651118088,94.64,222.9,0.9137,1.1732,1
2021-08-24,0.010045946028238717,-4.742427025865581e-4,0.0015861848884917151,0.0030497615933633426,0.03261391823318638,0.023990488636654206,0.012104014453497847,0.008757999883902912,94.35,230.64,0.913,1.1746,0
2021-08-25,-4.3468811812497066e-4,-0.006961620356716658,0.0020961563290216034,0.0011479371763938317,0.009245705702352058,0.010045946028238717,-4.742427025865581e-4,0.0015861848884917151,93.2,226.29,0.9137,1.1758,0
2021-08-26,-0.011808578064697706,0.0011338207987732218,-0.005920680409727375,-0.006370300710650589,-0.0069262528965450265,-4.3468811812497066e-4,-0.006961620356716658,0.0020961563290216034,91.29,222.92,0.9174,1.1761,0
2021-08-27,0.022619494168913512,0.01491769805686971,0.008901242249708119,0.009673271056733768,0.0140125685026673,-0.011808578064697706,0.0011338207987732218,-0.005920680409727375,94.32,225.4163,0.9122,1.1794,1
2021-08-30,-0.00344679358908051,-0.004947880742805388,0.004387915913653728,0.011159708571089944,0.0051786754784513,0.022619494168913512,0.01491769805686971,0.008901242249708119,94.19,233.49,0.9172,1.1795,0
2021-08-31,-0.004758823603371987,0.0020056637209542316,-0.0014826455763730095,-8.155641656459878e-4,-0.007465816510802803,-0.00344679358908051,-0.004947880742805388,0.004387915913653728,94.77,231.02,0.9161,1.18,0
2021-09-01,0.010353845730741718,5.892925544603855e-5,5.313496405570106e-4,0.0016567397580669052,-0.0022923840402429008,-0.004758823603371987,0.0020056637209542316,-0.0014826455763730095,93.525,228.3,0.9145,1.185,0
2021-09-02,-0.010353845730741718,-0.0026552604477965147,0.0030718595631782364,-4.7307420262576727e-4,0.021057755804979372,0.010353845730741718,5.892925544603855e-5,5.313496405570106e-4,93.36,224.79,0.9159,1.1858,0
2021-09-03,0.032845776269737836,0.01063746036025126,-2.4275326456812962e-4,0.0030709894602676258,-0.005942031621143151,-0.010353845730741718,-0.0026552604477965147,0.0030718595631782364,95.55,226.64,0.9136,1.1884,0
2021-09-07,-0.016928038590946493,-0.01977807480909899,-0.003581934977081147,0.0014142051382748377,-0.01282334014359332,0.032845776269737836,0.01063746036025126,-2.4275326456812962e-4,93.1,221.08,0.9179,1.1849,0
2021-09-08,-0.014184634991956546,-0.0025074640003470705,-0.0012190123078292814,-0.0034867447402469054,0.011383751206028858,-0.016928038590946493,-0.01977807480909899,-0.003581934977081147,91.6,210.49,0.9219,1.1818,0
2021-09-09,0.003888533739692779,0.004413701546661208,-0.004289419727280475,-0.0034462382019704307,-0.01743868149107275,-0.014184634991956546,-0.0025074640003470705,-0.0012190123078292814,91.28,203.36,0.9173,1.1827,1
2021-09-10,-0.011711259420901676,-0.00507145861884073,-0.007915785614321713,-0.007618479829333502,0.02175124593236255,0.003888533739692779,0.004413701546661208,-0.004289419727280475,89.45,198.5,0.918,1.1821,1
2021-09-13,-4.363953811346022e-4,0.003344085285255538,0.0025559978938733963,-6.906444518275379e-4,0.0138382346651853,-0.011711259420901676,-0.00507145861884073,-0.007915785614321713,89.83,194.43,0.9213,1.1809,1
2021-09-14,0.004355407581870363,0.006417896999308503,-0.005411183565712463,-0.0028472989871710652,-0.0034416472882523585,-4.363953811346022e-4,0.003344085285255538,0.0025559978938733963,88.16,184.74,0.9193,1.1824,1
2021-09-15,-8.695652721844027e-4,-0.005881496235486061,0.008317967357834632,0.007407342945050743,0.027601752248223477,0.004355407581870363,0.006417896999308503,-0.005411183565712463,87.885,187.99,0.9196,1.1811,1
2021-09-16,-0.0390293439057352,-0.022902224395693338,-0.0015865038800564335,6.875033323838764e-4,1.97258112879517e-4,-8.695652721844027e-4,-0.005881496235486061,0.008317967357834632,87.45,190.02,0.9251,1.1764,1
2021-09-17,-0.023336680179235625,-0.0015863334626189385,-0.012987341689303378,-0.011912816713777197,-0.0075232982049526775,-0.0390293439057352,-0.022902224395693338,-0.0015865038800564335,87.75,187.93,0.9308,1.1734,1
2021-09-20,-0.007901505204633619,0.0071187669434333856,-0.016814798070629244,-0.02198782346755035,-0.014411778661302943,-0.023336680179235625,-0.0015863334626189385,-0.012987341689303378,85.27,176.73,0.9277,1.1729,1
2021-09-21,0.01344168558024883,0.006646951779629262,-9.450598280809075e-4,0.001229760351743714,-4.033071238374042e-4,-0.007901505204633619,0.0071187669434333856,-0.016814798070629244,89.55,178.1,0.9235,1.1724,1
2021-09-22,0.006424987682657868,-0.003741028921077749,0.009707588655263777,0.009297082134913204,0.017989691625913018,0.01344168558024883,0.006646951779629262,-9.450598280809075e-4,92.8,188.77,0.9223,1.1739,1
2021-09-23,-0.00458506076065035,-0.011613543717265529,0.012076783481869136,0.009184631261308418,0.017671773448780126,0.006424987682657868,-0.003741028921077749,0.009707588655263777,92.7,185.7713,0.9243,1.1735,1
2021-09-24,-0.008306462157753547,-0.0012851505700757215,0.001645831121493302,9.379481064417661e-4,0.00852718345222625,-0.00458506076065035,-0.011613543717265529,0.012076783481869136,91.34,182.47,0.9246,1.1715,1
2021-09-27,0.011060020574936047,0.002079893084778739,-0.002865040592697987,-0.008014242550443917,0.02081618178207645,-0.008306462157753547,-0.0012851505700757215,0.001645831121493302,91.51,182.65,0.9256,1.1702,0
2021-09-28,-0.007359738832080076,-0.009763963473641724,-0.020357633985873314,-0.028705649336571604,-0.009685765589043882,0.011060020574936047,0.002079893084778739,-0.002865040592697987,90.1,174.85,0.9282,1.1681,1
2021-09-29,-0.04243918327515672,-0.004514959582389011,0.001681698681234245,-0.0016408263432445835,-0.0015278841780532737,-0.007359738832080076,-0.009763963473641724,-0.020357633985873314,88.93,172.65,0.9335,1.1612,1
2021-09-30,0.028960011033368538,0.017817022275475658,-0.012297657268280027,-0.0036807804648244513,0.004576667027411663,-0.04243918327515672,-0.004514959582389011,0.001681698681234245,90.2,178.35,0.9339,1.1577,1
2021-10-01,0.014863255507726603,0.0022505407753339313,0.011814170629569354,0.006182658177149136,0.013230206209431383,0.028960011033368538,0.017817022275475658,-0.012297657268280027,90.9949,179.61,0.9297,1.1598,1
2021-10-04,0.008264509849893464,0.004667382317536273,-0.01297997085020608,-0.021212916639193224,0.02283161820922075,0.014863255507726603,0.0022505407753339313,0.011814170629569354,90.12,177.55,0.9248,1.1622,1
2021-10-05,-0.004123717183861952,-0.004667382317536273,0.010351242424282425,0.013408651597901056,0.020705425492194784,0.008264509849893464,0.004667382317536273,-0.01297997085020608,89.89,177.71,0.9271,1.1609,1
2021-10-06,0.003208804036784585,0.0026697424994992502,0.004147471383011414,0.00638730293715728,-0.02677999548318244,-0.004123717183861952,-0.004667382317536273,0.010351242424282425,92.47,176.84,0.9279,1.1546,1
2021-10-07,-0.003668046295143057,-0.005285713573071504,0.008608505929687205,0.009133241833824357,0.021914682705395094,0.003208804036784585,0.0026697424994992502,0.004147471383011414,91.71,183.82,0.928,1.1561,1
2021-10-08,0.002294105158468618,4.2632236706463544e-4,-0.0018254009540896732,-0.004999112782217985,0.001985022757728494,-0.003668046295143057,-0.005285713573071504,0.008608505929687205,95.66,193.51,0.9272,1.1572,0
2021-10-12,-0.0018348629001101457,0.0026148575208111424,-0.009730650056245516,-0.011193211670299519,0.011471715695737572,0.002294105158468618,4.2632236706463544e-4,-0.0018254009540896732,94.31,191.66,0.9302,1.1541,1
2021-10-13,0.01910017137341935,0.017637778526501613,0.00359116408043203,0.00797616968117687,8.907099546746622e-4,-0.0018348629001101457,0.0026148575208111424,-0.009730650056245516,95.3,196.48,0.926,1.1568,1
2021-10-14,0.02227263560912318,0.0024434590064768003,0.016680725844607558,0.018249133667863404,0.011507606851480112,0.01910017137341935,0.017637778526501613,0.00359116408043203,99.09,199,0.9232,1.1591,1
2021-10-15,-0.010183838290119152,-0.016020502840005335,0.007586965262952994,0.006280864075414172,0.005967023671784588,0.02227263560912318,0.0024434590064768003,0.016680725844607558,98.62,193.64,0.9241,1.1594,0
2021-10-18,-0.0044603106951996985,-0.0024829687245544463,0.0029561305203626986,0.010005612134269093,-0.003330123137099683,-0.010183838290119152,-0.016020502840005335,0.007586965262952994,96.71,187.95,0.9232,1.1609,1
2021-10-19,0.019478260794258517,0.0032085265289225617,0.0076852343551587765,0.007538933209467302,0.008043407589197749,-0.0044603106951996985,-0.0024829687245544463,0.0029561305203626986,97.13,196.38,0.9227,1.1632,0
2021-10-20,0.028523973566635608,0.00872579630016812,0.003920053743659224,-0.0013058833223649202,0.012117164009164405,0.019478260794258517,0.0032085265289225617,0.0076852343551587765,98.1,193.55,0.9197,1.1643,0
2021-10-21,-0.008128386999695092,-8.991458720561951e-4,0.002604857985032183,0.006088420269777295,-0.012291334522537056,0.028523973566635608,0.00872579630016812,0.003920053743659224,98.26,188.24,0.9173,1.1643,0
2021-10-22,0.008128386999695092,0.006098308986575596,-0.0010367152498496068,-0.008437970130481531,0.010741614022971469,-0.008128386999695092,-8.991458720561951e-4,0.002604857985032183,97.1,188.72,0.9164,1.1632,1
2021-10-25,0.008485413662960184,0.006890434152327707,0.005348489094567199,0.010185851931407974,-0.003452446032389922,0.008128386999695092,0.006098308986575596,-0.0010367152498496068,98.73,192.55,0.9193,1.1609,1
2021-10-26,-0.016613800662655276,-0.007427026801959613,8.99606208710324e-4,0.003143784373824232,0.010664015747950728,0.008485413662960184,0.006890434152327707,0.005348489094567199,95.77,186,0.9204,1.159,0
2021-10-27,-0.0021500760809192165,0.002620609004238439,-0.004440055651254049,0.0023184750610987237,-0.02687634678579265,-0.016613800662655276,-0.007427026801959613,8.99606208710324e-4,93.97,182.22,0.9183,1.16,1
2021-10-28,-0.0025862083380330247,-2.3795360017064837e-4,0.009602599382998456,0.011044052479864952,0.008748962193235954,-0.0021500760809192165,0.002620609004238439,-0.004440055651254049,95.08,185,0.9123,1.1685,0
2021-10-29,-0.006929434397010326,-0.008544251782995893,0.002027093994913187,0.004906997760394383,-0.004364913084700994,-0.0025862083380330247,-2.3795360017064837e-4,0.009602599382998456,94.71,185.74,0.9165,1.1552,1
2021-11-01,0.006065876484968591,0.0052069423684777405,0.001718718129144925,0.0034128843531178177,0.006627160634382179,-0.006929434397010326,-0.008544251782995893,0.002027093994913187,99.35,191.71,0.9105,1.1591,0
2021-11-02,-0.018749186679292595,-0.002151309542512081,0.004034975212179326,0.0041726827491306295,0,0.006065876484968591,0.0052069423684777405,0.001718718129144925,96.64,187.6,0.9145,1.1581,0
2021-11-03,-8.806693655936115e-4,-0.008350152142940104,0.006086656247717315,0.010559652216521442,-0.038810576516421946,-0.018749186679292595,-0.002151309542512081,0.004034975212179326,96.07,186.08,0.9121,1.1584,1
2021-11-04,0.010081172382455872,0.011277187475463357,0.004701445925753056,0.012737094106427982,-0.007618393459010164,-8.806693655936115e-4,-0.008350152142940104,0.006086656247717315,95.93,186.57,0.9127,1.1546,0
2021-11-05,0.014718880444387406,0.012978344482762694,0.0034636141698953793,9.53791392805492e-4,0.029247621662359613,0.010081172382455872,0.011277187475463357,0.004701445925753056,96.83,189.46,0.9133,1.1554,1
2021-11-08,0.013657916105383361,0.0035851811889111573,8.533697955641628e-4,-0.001355660087619448,0.0095037674140385775,0.014718880444387406,0.012978344482762694,0.0034636141698953793,98.84,193.28,0.9132,1.159,0
2021-11-09,-0.005952398527295344,0.004916027925982114,-0.003310872287829447,-0.006907184183091886,0.01529666537547314,0.013657916105383361,0.0035851811889111573,8.533697955641628e-4,98.9,188.05,0.9118,1.1589,1
2021-11-10,0.01439482942257797,0.010800244338536658,-0.008077380114112742,-0.01480602458580016,-0.02887592350185475,-0.005952398527295344,0.004916027925982114,-0.003310872287829447,99.7,187.95,0.9164,1.1517,1
2021-11-12,0.025317807984289953,0.007479896784352569,0.007841997884384888,0.013236443746619031,-0.006055227762479021,0.01439482942257797,0.010800244338536658,-0.008077380114112742,100.96,197.03,0.9211,1.1443,1
2021-11-15,-0.009057287112509638,-0.0015489203681893216,3.4235583944042247e-4,-2.2804728279179898e-4,0.001606426048273768,0.025317807984289953,0.007479896784352569,0.007841997884384888,101.54,201.42,0.9217,1.1421,0
2021-11-16,-0.01039294326636453,-0.007260187465162993,0.0039500003317680665,0.007095720591660637,0.0023158467640644886,-0.009057287112509638,-0.0015489203681893216,3.4235583944042247e-4,99,200.86,0.9298,1.1333,1
2021-11-17,0.008737313749103581,0.009095681843050762,-0.0024322087473827025,5.28268674632848e-4,-0.021583571667174617,-0.01039294326636453,-0.007260187465162993,0.0039500003317680665,98.96,204.67,0.9286,1.1322,0
2021-11-18,-0.009155286586954414,-0.0032143294808628653,0.0033906650672284044,0.010308079965318129,0.009950330853167877,0.008737313749103581,0.009095681843050762,-0.0024322087473827025,97.8,198.54,0.926,1.1358,1
2021-11-19,-0.009239880941345646,-0.0076756977630205725,-0.0017898621897094458,0.005560120561933779,-0.032381865244920593,-0.009155286586954414,-0.0032143294808628653,0.0033906650672284044,96.08,191.81,0.9262,1.1318,0
2021-11-22,-0.01873990105056711,-0.022675645661117017,-0.0028191292190244965,-0.011677111110379279,0.012381198538251148,-0.009239880941345646,-0.0076756977630205725,-0.0017898621897094458,94.71,181.8,0.93,1.126,1
2021-11-23,-0.018659686548814225,-0.008690013617102643,0.001325126294615231,-0.004568395706013639,0.031633907520676185,-0.01873990105056711,-0.022675645661117017,-0.0028191292190244965,90.58,173.76,0.9325,1.1265,1
2021-11-24,-0.007032996022266591,-9.569378720684085e-4,0.0026662985197489775,0.0032151137913407624,-0.0057102225108849325,-0.018659686548814225,-0.008690013617102643,0.001325126294615231,91.5,172.5,0.9354,1.1196,1
2021-11-26,-0.01735304946035443,-0.0016169120509275103,-0.022555646507218974,-0.01914079399384061,-0.11861104478941131,-0.007032996022266591,-9.569378720684085e-4,0.0026662985197489775,89.08,164.0677,0.9234,1.1302,1
2021-11-29,-0.012192519520712874,-0.0013794346506195154,0.01219197188891119,0.02147030847956799,0.010821748896812089,-0.01735304946035443,-0.0016169120509275103,-0.022555646507218974,89.72,166.3148,0.925,1.1261,1
2021-11-30,-0.0022742788970404604,-0.006744575729645597,-0.01964938893015855,-0.01479529452320616,-0.0460929876011309,-0.012192519520712874,-0.0013794346506195154,0.01219197188891119,87.1,160.91,0.9217,1.1287,1
2021-12-01,-0.024897551621727132,0.003979984750739796,-0.01116935435775801,-0.017159229631960926,-0.018325947304659085,-0.0022742788970404604,-0.006744575729645597,-0.01964938893015855,86.6,161.78,0.9195,1.1323,1
2021-12-02,0.006514681021193347,-0.005552217039293872,0.015200204540288809,0.007181220776542929,0.02622619629507872,-0.024897551621727132,0.003979984750739796,-0.01116935435775801,87.59,165.22,0.9205,1.1306,1
2021-12-03,0.007854048227541988,0.00837682302196896,-0.008739433327997759,-0.01754158608532652,-0.0060234889775592215,0.006514681021193347,-0.005552217039293872,0.015200204540288809,87.09,167.24,0.9185,1.1308,1
2021-12-06,-0.006926834438349516,-0.002463573425652399,0.01177374076745874,0.007981012818134126,0.05097032557207015,0.007854048227541988,0.00837682302196896,-0.008739433327997759,87.66,172.64,0.9256,1.1282,1
2021-12-07,0.005545300716425228,0.003543228041084312,0.020473818583329972,0.029669408363202976,0.02115651877659719,-0.006926834438349516,-0.002463573425652399,0.01177374076745874,88.65,172.02,0.9264,1.1247,1
2021-12-08,-0.002768806568132831,5.393905018253875e-4,0.002644488638607001,0.004464293128685348,0.015960342638701608,0.005545300716425228,0.003543228041084312,0.020473818583329972,89.47,172.86,0.9217,1.133,1
2021-12-09,-0.022903548485994296,-0.006130195289609119,-0.006774471077206634,-0.014823676287294418,-0.027070485181594606,-0.002768806568132831,5.393905018253875e-4,0.002644488638607001,87.2,168.37,0.926,1.1285,1
2021-12-10,0.009880108599707338,0.00421103912901355,0.0093694994409379,0.010811735397926903,0.019602762588546874,-0.022903548485994296,-0.006130195289609119,-0.006774471077206634,87.75,163.47,0.9205,1.1312,1
2021-12-13,0.005136597798695686,0.0025181379095613465,-0.008897861992757328,-0.014552245363569583,-0.01140439537284843,0.009880108599707338,0.00421103912901355,0.0093694994409379,86.57,156.55,0.9212,1.1298,1
2021-12-14,-0.014544004900590934,-0.009385221096691154,-0.00690377286375643,-0.010404214498455744,-0.010160306240158068,0.005136597798695686,0.0025181379095613465,-0.008897861992757328,85.74,150.56,0.9236,1.1267,1
2021-12-15,0.0051850222220468645,0.004282403480538655,0.015504186535965303,0.022541546606310803,0.013653420601261956,-0.014544004900590934,-0.009385221096691154,-0.00690377286375643,85.71,148.6,0.9258,1.1261,1
2021-12-16,0.018169612360698917,0.012024912328038262,-0.00885764288629165,-0.026051046492457708,0.004831394072840833,0.0051850222220468645,0.004282403480538655,0.015504186535965303,87.2,160.44,0.9215,1.1309,1
2021-12-17,-0.006019930196572876,-0.002143113095534943,-0.014206992560844789,-0.005001630122329459,-0.021238012086776337,0.018169612360698917,0.012024912328038262,-0.00885764288629165,86.97,165.35,0.9226,1.1277,1
2021-12-20,-0.003722666002245578,-0.0042402046270542115,-0.010690378905226616,-0.01102414508512961,-0.017481573519059435,-0.006019930196572876,-0.002143113095534943,-0.014206992560844789,86.79,162.36,0.92,1.1298,1
2021-12-21,0.00881880860425488,-4.190236809682446e-4,0.017603173382153336,0.022133648071197776,0.03291910530539477,-0.003722666002245578,-0.0042402046270542115,-0.010690378905226616,87.09,166.67,0.9242,1.1272,1
2021-12-22,0.016044350588388934,0.00935616610262624,0.009949047952924062,0.012104953979195976,0.01749203657296583,0.00881880860425488,-4.190236809682446e-4,0.017603173382153336,90.21,175.96,0.9201,1.1324,1
2021-12-23,0.003178209258686504,0.0022514525448480427,0.006202793017285657,0.007510751354343093,0.012309595827018516,0.016044350588388934,0.00935616610262624,0.009949047952924062,90.71,181.44,0.9186,1.132,1
2021-12-27,0.006776624080979676,0.002364486530471943,0.014052939471808301,0.01639217114059388,0.02582586636548001,0.003178209258686504,0.0022514525448480427,0.006202793017285657,90.31,183.12,0.9175,1.1329,1
2021-12-28,-0.002253776027253185,-0.004319405550032407,-8.174987092317565e-4,-0.0046454517207186186,0.0027475060785757677,0.006776624080979676,0.002364486530471943,0.014052939471808301,90.61,184.98,0.9167,1.1314,0
2021-12-29,-0.007246408520766856,-2.965335252875789e-4,0.0012783571709995556,-1.4940983144473563e-4,0.007471560953546508,-0.002253776027253185,-0.004319405550032407,-8.174987092317565e-4,90.16,184.64,0.9149,1.1337,0
2021-12-30,0.010850016024065656,0.007151542049537163,-0.002768342022165804,-0.0029928941158283706,3.6304229841466196e-4,-0.007246408520766856,-2.965335252875789e-4,0.0012783571709995556,89.59,182.36,0.9146,1.1318,1
2022-01-03,-0.00857986748952655,-0.008694935446256657,0.0032499216124985963,0.0033165872078075864,-0.004912226742911585,0.010850016024065656,0.007151542049537163,-0.002768342022165804,89.13,169.33,0.9188,1.129,1
2022-01-04,0.00768018231862877,0.007339482488045057,-3.3498733642378653e-4,-0.01305537555693892,0.013765839549420456,-0.00857986748952655,-0.008694935446256657,0.0032499216124985963,90.81,174.11,0.9154,1.1296,1
2022-01-05,-0.014962872676712369,-0.0030121394182538452,-0.019388934217043463,-0.031202900274770684,-0.0028823655336642773,0.00768018231862877,0.007339482488045057,-3.3498733642378653e-4,91.5,173.98,0.9161,1.1335,1
2022-01-06,-0.0235740059378724,-0.012319751116440791,-9.398496932417899e-4,-7.028413299705605e-4,0.02599861533084269,-0.014962872676712369,-0.0030121394182538452,-0.019388934217043463,89.73,174.05,0.9196,1.1307,1
2022-01-07,0.0055970295367178124,0.004540845467450261,-0.0039613340453916734,-0.010891870780679547,-0.0038746085810279496,-0.0235740059378724,-0.012319751116440791,-9.398496932417899e-4,89.22,179.6,0.9191,1.1358,1
2022-01-10,0.006028304831350528,0.0030356262708766124,-0.0012451697615674107,6.579207311281365e-4,-0.009040210463973075,0.0055970295367178124,0.004540845467450261,-0.0039613340453916734,87.98,177.64,0.9252,1.1328,1
2022-01-11,0.013774322464829236,0.01199246391584552,0.009067059530072363,0.014910254944524581,0.034993073507708417,0.006028304831350528,0.0030356262708766124,-0.0012451697615674107,90.9,178.09,0.9237,1.1363,1
2022-01-12,0.018970758629781148,0.0026390655436472343,0.0026999176663320412,0.003957737618168089,0.012813022308332478,0.013774322464829236,0.01199246391584552,0.009067059530072363,90.95,178.34,0.9134,1.1431,1
2022-01-13,-0.005383593083472693,-0.003402760690178752,-0.01387441421568436,-0.02533435712447929,-0.010923474378612852,0.018970758629781148,0.0026390655436472343,0.0026999176663320412,90.27,175.31,0.9102,1.1464,1
2022-01-14,-0.005865119452398204,-0.0028837968371338008,4.089319400542024e-4,0.006203248210218781,0.028757056025435546,-0.005383593083472693,-0.003402760690178752,-0.01387441421568436,90.31,174.52,0.9133,1.1414,1
2022-01-18,0.023256862164267478,-0.001651625456557504,-0.017868279694227773,-0.025209179766283007,0.016537502739305765,-0.005865119452398204,-0.0028837968371338008,4.089319400542024e-4,91.53,176.96,0.9168,1.1336,1
2022-01-19,0.030047982359691083,0.015755736361183992,-0.010437864517711226,-0.011044438818880842,0.0013112606369887203,0.023256862164267478,-0.001651625456557504,-0.017868279694227773,95.64,186.07,0.9155,1.1346,1
2022-01-20,0.009818648784464923,-0.002501965055773603,-0.011129775432800137,-0.013073517706207127,-0.006408698296278104,0.030047982359691083,0.015755736361183992,-0.010437864517711226,96.98,192.89,0.9157,1.1336,1
2022-01-21,-0.008961015798791827,-0.003267786067143952,-0.019825906806093307,-0.028120326120433248,0.001976285228211694,0.009818648784464923,-0.002501965055773603,-0.011129775432800137,95.91,195.93,0.912,1.1346,1
2022-01-24,-0.011640571192425675,0.005479146372390886,0.004237777183490721,0.004567448613252978,-0.011084570437576602,-0.008961015798791827,-0.003267786067143952,-0.019825906806093307,95.7,198.86,0.9146,1.131,1
2022-01-25,-0.004345943389547191,0.003192016871214065,-0.012284126974367204,-0.023454347572885226,0.014205722868654291,-0.011640571192425675,0.005479146372390886,0.004237777183490721,95.79,205.67,0.9194,1.1283,1
2022-01-26,-0.014477111805919929,-0.016298517752241892,-0.0025119561517579214,-0.0015659439460273816,0.01157778933534992,-0.004345943389547191,0.003192016871214065,-0.012284126974367204,96.13,217.12,0.9213,1.1279,1
2022-01-27,-0.03324654811067429,-0.012982191279937716,-0.00495016161989259,-0.010121573421586483,0.002914038001849306,-0.014477111805919929,-0.016298517752241892,-0.0025119561517579214,95.02,222.13,0.9318,1.1141,1
2022-01-28,-0.014262951704782978,-0.0029877524466339622,0.02453197383603989,0.030887142878857077,0.0017766297170922485,-0.03324654811067429,-0.012982191279937716,-0.00495016161989259,93.97,220.71,0.9298,1.116,1
2022-01-31,0.004623216741456826,0.005907114643954436,0.017850809254740696,0.0314777335227987,0.008196108557414483,-0.014262951704782978,-0.0029877524466339622,0.02453197383603989,95.37,219.72,0.9303,1.1212,1
2022-02-01,0.005978403642092012,8.325404857663088e-4,0.006734181353598601,0.0067804314287593925,7.99936047775951e-4,0.004623216741456826,0.005907114643954436,0.017850809254740696,95.62,219.2108,0.9231,1.1239,1
2022-02-02,0.0013745706631667076,0.0036194301832290776,0.009667217987076704,0.008092576964097375,-1.5993602593056266e-4,0.005978403642092012,8.325404857663088e-4,0.006734181353598601,96.37,220.42,0.9186,1.1299,1
2022-02-03,-0.012439690475638976,-0.0014224753465432727,-0.02378562269631601,-0.04138865616886278,0.015710868261607835,0.0013745706631667076,0.0036194301832290776,0.009667217987076704,96.27,215.7,0.9213,1.1425,1
2022-02-04,0.005086716170380257,0.0015409236735992593,0.004691173575880114,0.012536000921225643,0.02180432123049325,-0.012439690475638976,-0.0014224753465432727,-0.02378562269631601,95.59,213.02,0.9248,1.1455,1
2022-02-07,0.022800805350775555,0.00737531738013697,-0.0032144319833662394,-0.00807699934678574,-0.003549660336470417,0.005086716170380257,0.0015409236735992593,0.004691173575880114,95.29,210.31,0.9243,1.1434,1
2022-02-08,0.008082666364677582,0.003052182917682167,0.008194211959795084,0.011172674848986652,-0.01652414838790861,0.022800805350775555,0.00737531738013697,-0.0032144319833662394,96.26,208.48,0.9244,1.1416,1
2022-02-09,0.0035714323675972715,0.003393403677553586,0.014530019629271251,0.020969288001764674,0.00860792544142619,0.008082666364677582,0.003052182917682167,0.008194211959795084,96.35,211.85,0.9233,1.1435,0
2022-02-10,-0.004466287013441317,-0.0038037322392474593,-0.018128983814269084,-0.022892499520621,-0.003277923796670912,0.0035714323675972715,0.003393403677553586,0.014530019629271251,95.8,209.91,0.923,1.1487,1
2022-02-11,0.017746694681335384,0.018875607597909294,-0.01991569342262345,-0.032235707292462834,0.02744968027031991,-0.004466287013441317,-0.0038037322392474593,-0.018128983814269084,95.96,216.44,0.9255,1.1404,1
2022-02-14,0.010933850452700344,0.005336406294559559,-0.003274665226751239,0.001238211950006729,0.009386897086170798,0.017746694681335384,0.018875607597909294,-0.01991569342262345,96.04,221.2,0.9265,1.1306,1
2022-02-15,-0.019767830163460065,-0.00954523951326447,0.015998172010225353,0.02455994512118842,-0.03184592445293166,0.010933850452700344,0.005336406294559559,-0.003274665226751239,95.73,208.4,0.9258,1.1363,1
2022-02-16,0.011030334645962814,0.010231738396060841,0.001120197271838208,-2.527486428220982e-4,-0.011578912027942145,-0.019767830163460065,-0.00954523951326447,0.015998172010225353,99.49,213.1,0.9219,1.1381,1
2022-02-17,0.007431728193772802,0.013575511659492001,-0.02159285396405064,-0.03019516915592657,0.009866182921054012,0.011030334645962814,0.010231738396060841,0.001120197271838208,101.56,220.57,0.9202,1.1364,1
2022-02-18,0.0034782643763247023,-7.336964519097933e-4,-0.006496137800534818,-0.011470953775818415,0.008843436735674004,0.007431728193772802,0.013575511659492001,-0.02159285396405064,99.42,217.8,0.921,1.1327,1
2022-02-22,0.009503311262827996,0.002086800339927919,-0.010789639287446917,-0.010094407291239449,0.012281394772570842,0.0034782643763247023,-7.336964519097933e-4,-0.006496137800534818,100.07,220.01,0.9204,1.1342,1
2022-02-23,0.017895662925286437,0.0044971687464236965,-0.01789788475004972,-0.025949021513216763,0.01062386680633498,0.009503311262827996,0.002086800339927919,-0.010789639287446917,101.87,231.48,0.9179,1.1316,1
2022-02-24,-0.017465832701604622,-0.006471057665241808,0.01493706101735004,0.033052224228148575,0.001508523441902554,0.017895662925286437,0.0044971687464236965,-0.01789788475004972,98.38,223.62,0.9266,1.1154,1
2022-02-25,0.003860180645825828,-0.003336258007041515,0.021824086544635968,0.015388057553136214,-0.008173195187635152,-0.017465832701604622,-0.006471057665241808,0.01493706101735004,98.35,221.99,0.9274,1.1261,1
2022-02-28,0.009373737149198647,0.01031198386366583,-0.0025618166301555334,0.002974430770573022,0.025211419346495845,0.003860180645825828,-0.003336258007041515,0.021824086544635968,97.2,233.49,0.9179,1.1224,1
2022-03-01,0.040312959131304726,0.018000486023621143,-0.015347458557803506,-0.015429848901152177,0.06233173112016921,0.009373737149198647,0.01031198386366583,-0.0025618166301555334,98.005,239.34,0.9186,1.1103,1
2022-03-02,-0.0081800047119307,-0.010460867497738668,0.018229041304612004,0.016640188808567657,0.04890950303227459,0.040312959131304726,0.018000486023621143,-0.015347458557803506,99.85,249.5,0.9216,1.1102,1
2022-03-03,-0.004115232145106784,0.005935723194133047,-0.004990852850418115,-0.014387902664497076,-0.011870762936608159,-0.0081800047119307,-0.010460867497738668,0.018229041304612004,100.61,259.58,0.9204,1.1053,1
2022-03-04,0.01676588035270621,0.01580366517312548,-0.008157855077672416,-0.014597940081700678,0.0640520214928495,-0.004115232145106784,0.005935723194133047,-0.004990852850418115,104.53,280.67,0.9183,1.0912,1
2022-03-07,0.0016207458977333111,0.01475343574995236,-0.02992238268668057,-0.037578421776355064,0.03596754256670476,0.01676588035270621,0.01580366517312548,-0.008157855077672416,104.36,279.71,0.9267,1.086,1
2022-03-08,0.031090587070031095,0.02699147769731347,-0.007610605373189472,-0.004658992398647754,0.036476034210370045,0.0016207458977333111,0.01475343574995236,-0.02992238268668057,107.64,295,0.9302,1.0881,1
2022-03-09,-0.02664703300025284,-0.030161563365301625,0.026457698602595947,0.03536535274065322,-0.12396210086675019,0.031090587070031095,0.02699147769731347,-0.007610605373189472,100.88,275.46,0.9264,1.1069,1
2022-03-10,0.007629027164490765,0.003116439038324259,-0.004525796513785707,-0.011166927796971926,-0.01885965081131058,-0.02664703300025284,-0.030161563365301625,0.026457698602595947,101.03,271.08,0.9294,1.1007,1
2022-03-11,-0.004409708488700037,-0.007052708982865141,-0.012796579326729507,-0.020956430595025388,0.031107120687008383,0.007629027164490765,0.003116439038324259,-0.004525796513785707,99.42,259.75,0.9326,1.0937,1
2022-03-14,-0.030595900710114865,-0.015188511584008246,-0.0073351422579328585,-0.01939149110907934,-0.04771744131306743,-0.004409708488700037,-0.007052708982865141,-0.012796579326729507,96.7,222.44,0.9358,1.0979,1
2022-03-15,-0.007067167223092863,-0.018882589881492606,0.021752105899755847,0.03088498978755272,-0.05953549793886381,-0.030595900710114865,-0.015188511584008246,-0.0073351422579328585,92.32,226.19,0.9415,1.0974,1
2022-03-16,0.005408792050316524,0.006241313099488721,0.021931975988524144,0.03641553053219582,-0.005112858994303693,-0.007067167223092863,-0.018882589881492606,0.021752105899755847,95.13,223.61,0.9414,1.0996,1
2022-03-17,0.008675947831422448,0.004876706810930109,0.012433289322196117,0.01203355837603759,0.07611449402081139,0.005408792050316524,0.006241313099488721,0.021931975988524144,94.9799,233.4,0.9349,1.111,1
2022-03-18,-0.013250711476428645,-0.008828731102456189,0.00779145530816816,0.02026135151592623,0.012945164592037095,0.008675947831422448,0.004876706810930109,0.012433289322196117,95.23,231.89,0.9337,1.1044,1
2022-03-21,0.011603942886906804,0.007611782174748782,-2.924930553751537e-4,-0.0040195615503293425,0.06358348324045604,-0.013250711476428645,-0.008828731102456189,0.00779145530816816,96.31,242.45,0.9303,1.1048,1
2022-03-22,-0.016618579387771337,-0.007277203461986126,0.011633501077171537,0.019462030890660564,-0.012397375733334215,0.011603942886906804,0.007611782174748782,-2.924930553751537e-4,95.23,232.92,0.9325,1.1022,1
2022-03-23,0.014969094477695677,0.0135672264073321,-0.012962045840748893,-0.014475626291688748,0.042246641143628416,-0.016618579387771337,-0.007277203461986126,0.011633501077171537,95.58,234.27,0.9318,1.1001,1
2022-03-24,0.01556132957453027,0.007234097421675578,0.014961868745261064,0.021983231920831514,-0.027212563524884992,0.014969094477695677,0.0135672264073321,-0.012962045840748893,95.46,235.93,0.9308,1.1006,1
2022-03-25,-0.005704986948384505,-0.004103860647338031,0.004871685270060766,-8.344923989129782e-4,0.012337373759841341,0.01556132957453027,0.007234097421675578,0.014961868745261064,93.6,217.3,0.9308,1.0985,1
2022-03-28,-0.022732948372148787,-0.018371477299509387,0.0070878570998083035,0.0153539039208761,-0.08003238653119205,-0.005704986948384505,-0.004103860647338031,0.004871685270060766,91.5954,207.4,0.9344,1.0977,1
2022-03-29,-0.0020924887316926544,4.4667784103946673e-4,0.012294968822537555,0.017063313058665486,0.021503350447567904,-0.022732948372148787,-0.018371477299509387,0.0070878570998083035,91.83,198.62,0.9303,1.1104,1
2022-03-30,0.0012560185867265261,0.008006269832283586,-0.00619398883303468,-0.011107011296149771,0.022849235001595858,-0.0020924887316926544,4.4667784103946673e-4,0.012294968822537555,92.65,210.96,0.9233,1.1163,1
2022-03-31,-0.002094241603114888,3.8756471431611317e-4,-0.015510999290804683,-0.01247223656307117,-0.049868912925607134,0.0012560185867265261,0.008006269832283586,-0.00619398883303468,91.76,208.9,0.9211,1.1093,1
2022-04-01,-0.006731199163656054,-0.0063862496653159795,0.002830107133517501,-0.0019050517226357755,6.743543313074696e-4,-0.002094241603114888,3.8756471431611317e-4,-0.015510999290804683,91.9799,211.93,0.9256,1.1043,1
2022-04-04,-0.003382667073272838,0.004835088753774919,0.008530148895961709,0.020379560546381015,0.03562582938823056,-0.006731199163656054,-0.0063862496653159795,0.002830107133517501,91.825,212.99,0.9256,1.0992,1
2022-04-05,-0.011501724239011413,-0.006284606764165979,-0.012711802204396605,-0.02245439357510559,-0.027167700156265795,-0.003382667073272838,0.004835088753774919,0.008530148895961709,90.19,205.5,0.9292,1.0921,1
2022-04-06,0.008957193604016922,0.002340485883117971,-0.010049663990872482,-0.021950598556115253,-0.02367374678372336,-0.011501724239011413,-0.006284606764165979,-0.012711802204396605,89.44,204.59,0.9325,1.0913,1
2022-04-07,0.005927197708267329,0.0037777822707001363,0.005026314907947693,0.00237502939056089,8.210181085157586e-4,0.008957193604016922,0.002340485883117971,-0.010049663990872482,90.05,209,0.9332,1.09,1
2022-04-08,0.0046325625067349385,0.006246392715172355,-0.002677556991613095,-0.014077729825813456,0.013585319658043105,0.005927197708267329,0.0037777822707001363,0.005026314907947693,90.98,225,0.9333,1.0874,1
2022-04-11,0.013770298959511429,0.00494723964180821,-0.01724005786330718,-0.023941784694017088,-0.02472634679854835,0.0046325625067349385,0.006246392715172355,-0.002677556991613095,91,226.84,0.9308,1.0875,1
2022-04-12,0.01399199781763949,0.0076473852785925445,-0.00371210045829784,-0.004233183850371525,0.04964601859476048,0.013770298959511429,0.00494723964180821,-0.01724005786330718,90,216,0.9302,1.0852,1
2022-04-13,0.012185366046688184,0.004777165591239196,0.011388507842390538,0.02012316372095846,0.03160884910470596,0.01399199781763949,0.0076473852785925445,-0.00371210045829784,92,216.16,0.9335,1.0874,1
2022-04-14,-0.0044507457650699855,-0.003309016011304955,-0.012529956235887596,-0.023132548183675716,0.014558140525258167,0.012185366046688184,0.004777165591239196,0.011388507842390538,91.86,218.66,0.9426,1.0796,1
2022-04-18,0.008881770134780531,0.003092366495210719,4.110715322340752e-4,7.679584498410108e-4,0.010501409170614373,-0.0044507457650699855,-0.003309016011304955,-0.012529956235887596,94.05,225.9,0.9441,1.0785,1
2022-04-19,-0.026472733042544494,-0.01522830508876627,0.016013750887039713,0.022104703216150767,-0.04515296142336034,0.008881770134780531,0.003092366495210719,4.110715322340752e-4,92.16,221.52,0.9482,1.0789,1
2022-04-20,0.0024732081856466692,0.004883009729861776,-7.41781433283073e-4,-0.014691814439323103,0.004931872423616035,-0.026472733042544494,-0.01522830508876627,0.016013750887039713,92.2,229,0.9469,1.0857,1
2022-04-21,-0.021640461641978526,-0.003563893346431257,-0.01506649703770524,-0.020908129554528365,0.01132864844816428,0.0024732081856466692,0.004883009729861776,-7.41781433283073e-4,89.88,224.39,0.9533,1.0839,1
2022-04-22,-0.022119149338736932,-0.009769637523033836,-0.02782264872108442,-0.026534799172141632,-0.02344211470693569,-0.021640461641978526,-0.003563893346431257,-0.01506649703770524,86.4,219.49,0.9587,1.079,1
2022-04-25,-0.020861251957717375,-0.01813448699619613,0.0057808364134306345,0.012763921797646738,-0.021993467316343107,-0.022119149338736932,-0.009769637523033836,-0.02782264872108442,85.6591,199,0.9585,1.0703,1
2022-04-26,-0.00793654959573642,0.0015238313189405162,-0.0293884589995006,-0.038475799821163115,0.023957204283068023,-0.020861251957717375,-0.01813448699619613,0.0057808364134306345,85.78,204.35,0.961,1.0661,1
2022-04-27,-0.008000042667076102,-0.007585657659438638,0.0028078782982534634,-0.0011989274192094612,-0.001177779367973919,-0.00793654959573642,0.0015238313189405162,-0.0293884589995006,85.28,205.94,0.9695,1.0549,1
2022-04-28,-0.0026809667532576853,0.005383821907496866,0.024945677497025365,0.03489970638206685,0.022143993204544188,-0.008000042667076102,-0.007585657659438638,0.0028078782982534634,85.39,206.78,0.9724,1.05,1
2022-04-29,-0.018970758629781148,-1.1304544438850428e-4,-0.03765582243464749,-0.04604250194810078,-0.011852754067309235,-0.0026809667532576853,0.005383821907496866,0.024945677497025365,87.02,213.06,0.9723,1.0537,1
2022-05-02,-0.006404413473268367,-0.01871453032447601,0.006001373157006107,0.016558084915883953,0.015687604733956917,-0.018970758629781148,-1.1304544438850428e-4,-0.03765582243464749,87.02,205.77,0.977,1.0521,1
2022-05-03,-0.003217653890793759,0.0026458085145799615,0.0045735823410950616,0.001067001513439081,-0.021797470994717294,-0.006404413473268367,-0.01871453032447601,0.006001373157006107,89.31,209.18,0.9785,1.0532,1
2022-05-04,0.02095748685648635,0.009774578380449483,0.029998464440732064,0.033253117829816325,0.04500153856513922,-0.003217653890793759,0.0026458085145799615,0.0045735823410950616,92.34,209.772,0.9829,1.0539,1
2022-05-05,-0.02233965708343799,-0.0038184299665031673,-0.03618983800502118,-0.051676607495164006,0.003235846009522092,0.02095748685648635,0.009774578380449483,0.029998464440732064,91.45,202.26,0.98740000000000006,1.0507,1
2022-05-06,-0.006939653110540345,0.0016545432386623204,-0.005986808162025348,-0.012053179267555336,0.02029465140067188,-0.02233965708343799,-0.0038184299665031673,-0.03618983800502118,89.36,188.8,0.9858,1.0572,1
2022-05-09,-0.029684158287700324,-0.014585386324604599,-0.03254107335495959,-0.03991294945992774,-0.070098002627069,-0.006939653110540345,0.0016545432386623204,-0.005986808162025348,88.42,196.02,0.9927,1.0559,1
2022-05-10,-0.0246926125903717,-0.008481026727894303,0.0023079055975703255,0.012075542697155939,-0.027003626231429045,-0.029684158287700324,-0.014585386324604599,-0.03254107335495959,89.82,191.15,0.9949,1.0531,1
2022-05-11,0.016529301951210496,0.008133904942516423,-0.016013678228193662,-0.030106897623859652,0.04781213147120589,-0.0246926125903717,-0.008481026727894303,0.0023079055975703255,92.5743,187.63,0.9907,1.0537,1
2022-05-12,-0.039336438267688845,-0.01545265302990817,-0.0010444663344912897,-0.0023671086028373978,0.013341154612342088,0.016529301951210496,0.008133904942516423,-0.016013678228193662,87.65,176.02,1.0004,1.0376,1
2022-05-13,0.01592073428684504,-0.008142598682508329,0.023626517723899454,0.036389723856460776,0.025544968853020933,-0.039336438267688845,-0.01545265302990817,-0.0010444663344912897,87.51,179.2,1.0014,1.041,1
2022-05-16,0.026304487886735117,0.0094932756943793,-0.004065806725860099,-0.01165941453627628,0.02226504773476279,0.01592073428684504,-0.008142598682508329,0.023626517723899454,87.74,188.15,1.0028,1.042,1
2022-05-17,-9.620010361910403e-4,-0.006299140717966445,0.02036165891709185,0.025571595640767164,-0.024358773482680895,0.026304487886735117,0.0094932756943793,-0.004065806725860099,88.61,190.64,0.9931,1.0532,1
2022-05-18,-0.00967125526517787,5.313653261556084e-4,-0.04114654757374936,-0.05033625210756565,-0.022694240797946463,-9.620010361910403e-4,-0.006299140717966445,0.02036165891709185,86.36,184.03,0.9902,1.0494,1
2022-05-19,0.02732017508638318,0.014590245049997286,-0.006143468869188595,-0.005372653783239478,0.016138462478894056,-0.00967125526517787,5.313653261556084e-4,-0.04114654757374936,89.47,185.84,0.9729,1.0587,1
2022-05-20,-0.009501259124140127,6.977961555456602e-4,4.3640658382937403e-4,-0.003112789149202655,0.013191339653272571,0.02732017508638318,0.014590245049997286,-0.006143468869188595,88.63,182.42,0.9749,1.0559,1
2022-05-23,0,0.004639572203453568,0.018537178188778647,0.016490685641721292,0.003911507248465007,-0.009501259124140127,6.977961555456602e-4,4.3640658382937403e-4,89,185.32,0.9664,1.0668,1
2022-05-24,0.015629018105296932,0.007493694278889684,-0.007663066545539721,-0.02149139060367755,3.659205993145065e-4,0,0.004639572203453568,0.018537178188778647,88.69,186.4478,0.9597,1.0744,1
2022-05-25,-0.0037664827954766444,-0.006048231334607301,0.00879615407816825,0.013898235812318305,0.005836592444451227,0.015629018105296932,0.007493694278889684,-0.007663066545539721,88.3,186.59,0.9637,1.0658,1
2022-05-26,-0.0014160965311931228,-0.0018505672641833115,0.01978436983288656,0.027330304660189597,0.025260216607218666,-0.0037664827954766444,-0.006048231334607301,0.00879615407816825,88.23,186.61,0.9595,1.0725,1
2022-05-27,0.003771810223652139,5.208182751328394e-4,0.02425262367027159,0.03211820542344679,0.010232373899955682,-0.0014160965311931228,-0.0018505672641833115,0.01978436983288656,88.65,191.99,0.9575,1.0709,1
2022-05-31,-0.026223195099102536,-0.009942231377724653,-0.005626743011529989,-0.00265638822827885,1.1700696204730576e-4,0.003771810223652139,5.208182751328394e-4,0.02425262367027159,90,184.5581,0.957,1.0731,1
2022-06-01,0.014388737452099676,0.006348857857746637,-0.00812142770552704,-0.00742335895741153,8.18665620836434e-4,-0.026223195099102536,-0.009942231377724653,-0.005626743011529989,92.51,185.1455,0.9644,1.0646,1
2022-06-02,0.021668299479129516,0.01223398027400524,0.018864377157124856,0.027017343347710998,0.019793458283773546,0.014388737452099676,0.006348857857746637,-0.00812142770552704,94.9,190.72,0.9592,1.0733,1
2022-06-03,-0.016443875342323278,-0.010203876041498638,-0.01654767023286219,-0.02636396207650815,0.025125812476968434,0.021668299479129516,0.01223398027400524,0.018864377157124856,94.35,182.48,0.9625,1.0721,1
2022-06-06,0.006610033510196622,-0.004413479870251535,0.0030401443769729752,0.0033256200974163264,-0.012144532486647819,-0.016443875342323278,-0.010203876041498638,-0.01654767023286219,95.41,186,0.969,1.0699,1
2022-06-07,0.007501207231165541,0.006497296322374169,0.009546554201339319,0.008588751365651959,0.018495174965674543,0.006610033510196622,-0.004413479870251535,0.0030401443769729752,94.2,184.11,0.9731,1.0697,1
2022-06-08,-0.00938533402500008,-9.25604601546226e-4,-0.010931713776889396,-0.007222586497798389,0.021425859450534546,0.007501207231165541,0.006497296322374169,0.009546554201339319,93.78,180.14,0.975,1.074,1
2022-06-09,-0.01759855169142499,-0.0031883160830830093,-0.02407026847234306,-0.02714979620332514,-0.009941634293527457,-0.00938533402500008,-9.25604601546226e-4,-0.010931713776889396,90.38,178.44,0.9778,1.0656,1
2022-06-10,0.010501289820663118,0.013323148887510072,-0.029424295544652423,-0.03590757040254733,-0.01048516862721982,-0.01759855169142499,-0.0031883160830830093,-0.02407026847234306,90.76,178.88,0.9886,1.0521,1
2022-06-13,-0.0342945948172253,-0.026767354189151327,-0.03870776110304952,-0.047612005127024126,0.0025486190314838453,0.010501289820663118,0.013323148887510072,-0.029424295544652423,86.73,166.2286,0.9966,1.0436,1
2022-06-14,-0.007398307481444988,-0.008035493753797418,-0.003017882563418617,0.0018138291267595363,-0.02136427099400784,-0.0342945948172253,-0.026767354189151327,-0.03870776110304952,85.43,168.1294,1.0016,1.0416,1
2022-06-15,0.030711650865721474,0.012966528106931108,0.014155626973874291,0.024665208439701658,-0.017334223514821723,-0.007398307481444988,-0.008035493753797418,-0.003017882563418617,87.62,172.5177,1.0021,1.0388,1
2022-06-16,0.013352606587348603,0.01118045769743059,-0.033656055841057686,-0.04118303328426709,0.008362497899690347,0.030711650865721474,0.012966528106931108,0.014155626973874291,88.5,174.48,0.9663,1.0531,1
2022-06-17,-0.01239291361541861,-0.00825682095230107,-0.002156967976656432,0.012086288351350838,-0.05053706899635557,0.013352606587348603,0.01118045769743059,-0.033656055841057686,86.77,167.92,0.9717,1.0473,1
2022-06-21,-0.0014398850579877553,-0.0037437891051039784,0.024861928653870713,0.022996137234494896,0.008483233860316908,-0.01239291361541861,-0.00825682095230107,-0.002156967976656432,87.24,174.39,0.966,1.0548,1
2022-06-22,-0.01013766828445517,0.0039773112031937785,-0.0018146403719976334,-0.0014597243357439282,-0.038445285142408636,-0.0014398850579877553,-0.0037437891051039784,0.024861928653870713,86.08,173.14,0.9615,1.0583,1
2022-06-23,-0.019104181310042545,-0.006148100286456071,0.009754878336994288,0.014783123938151732,-0.023771918853712215,-0.01013766828445517,0.0039773112031937785,-0.0018146403719976334,84.48,171.49,0.9606,1.0503,1
2022-06-24,0.005917177028088805,-9.989717299108136e-4,0.03129893311088683,0.03368972185732666,0.028582288906609854,-0.019104181310042545,-0.006148100286456071,0.009754878336994288,84.34,174.63,0.9569,1.0539,1
2022-06-27,0,-0.001117680048113634,-0.0038270430826319313,-0.007358735894696267,0.020219933697998904,0.005917177028088805,-9.989717299108136e-4,0.03129893311088683,84.54,174.13,0.9551,1.0601,1
2022-06-28,-0.01585761673333952,-0.0016493877443322091,-0.020644485458053197,-0.03094050519954905,0.021354822830038422,0,-0.001117680048113634,-0.0038270430826319313,84.53,174.23,0.9563,1.0534,1
2022-06-29,-0.0025006264593505634,-7.667129035908715e-4,-8.147282280912549e-4,9.165580364562942e-4,-0.021113684656697274,-0.01585761673333952,-0.0016493877443322091,-0.020644485458053197,85.2472,182.7,0.9541,1.0477,1
2022-06-30,-0.02535632804361576,-0.006095595142745935,-0.008157491876171541,-0.012480661223609246,-0.03184592445293255,-0.0025006264593505634,-7.667129035908715e-4,-8.147282280912549e-4,83.1,178.59,0.955,1.0469,1
2022-07-01,-0.018663061131926284,-8.314033378722385e-4,0.010521000421467086,0.006578854118996169,0.01629464518666346,-0.02535632804361576,-0.006095595142745935,-0.008157491876171541,82.6,181.09,0.9623,1.0409,1
2022-07-05,-0.03298171285314844,-0.02143775616672894,0.0018867930125763266,0.01697487560269817,-0.0881362678212172,-0.018663061131926284,-8.314033378722385e-4,0.010521000421467086,80.83,179.5024,0.969,1.0254,1
2022-07-06,5.406866852455394e-4,-0.01596901382305571,0.0033716266699217456,0.006391573794643612,-0.014954808854245272,-0.03298171285314844,-0.02143775616672894,0.0018867930125763266,80.1,178.13,0.9714,1.0173,1
2022-07-07,0.0010804971337541325,5.54921862747193e-4,0.014866118595219469,0.02117315041268597,0.038348461408970635,5.406866852455394e-4,-0.01596901382305571,0.0033716266699217456,81.26,185.86,0.9734,1.0159,1
2022-07-08,0.0032345041676591357,4.313930982373648e-4,-8.229818122602595e-4,0.0012535363218875162,0.025663927046171153,0.0010804971337541325,5.54921862747193e-4,0.014866118595219469,82.94,200.25,0.9775,1.0178,1
2022-07-11,-0.011911348193347937,-0.005374862351107623,-0.011489322917771716,-0.021596006913859433,-0.00395484345287489,0.0032345041676591357,4.313930982373648e-4,-8.229818122602595e-4,80.87,198.18,0.9794,1.0088,1
2022-07-12,-0.008752791109594593,-0.0037237056618817377,-0.008888250290396194,-0.009734467078975406,-0.07179989729036951,-0.011911348193347937,-0.005374862351107623,-0.011489322917771716,78.3,188.1921,0.9812,1.0069,1
2022-07-13,0.012558177598982034,0.004776239579439512,-0.005265525685063999,-0.002063334589937682,0.005205491206516477,-0.008752791109594593,-0.0037237056618817377,-0.008888250290396194,79.22,183.6915,0.9784,1.0081,1
2022-07-14,-0.03985031988698928,-0.014146622984577917,-0.0024314836093299874,0.0035644432483454835,-0.0046562669719225624,0.012558177598982034,0.004776239579439512,-0.005265525685063999,78.25,177.94,0.9829,1.0028,1
2022-07-15,0.0123458358222992,-0.002010429778112055,0.01892486759802825,0.017976769236629053,0.012142860164784608,-0.03985031988698928,-0.014146622984577917,-0.0024314836093299874,78.57,171.02,0.9776,1.0089,1
2022-07-18,0.0016717752570118982,9.428922344225654e-4,-0.008291229642980902,-0.008498683458062928,0.040789447204592655,0.0123458358222992,-0.002010429778112055,0.01892486759802825,80.18,171.1917,0.9764,1.016,1
2022-07-19,0.004444451760424073,0.0023846889242555847,0.0266606682163113,0.03028987732331956,0.016014806950850335,0.0016717752570118982,9.428922344225654e-4,-0.008291229642980902,81.15,173.3861,0.9683,1.0238,1
2022-07-20,-0.005001399700189868,-0.00944650893979393,0.006352938626479343,0.0157321189884998,-0.005266888660631075,0.004444451760424073,0.0023846889242555847,0.0266606682163113,79.7,173,0.9721,1.0217,1
2022-07-21,0.011080445776571857,0.014011727462294843,0.010131645717458504,0.014252956669962735,-0.028082561149276764,-0.005001399700189868,-0.00944650893979393,0.006352938626479343,81.36,175.1139,0.9693,1.0197,1
2022-07-22,-0.015547231539522866,0.002492679049758806,-0.009321375498665851,-0.017690862935310747,-0.012798468257930296,0.011080445776571857,0.014011727462294843,0.010131645717458504,80.96,188.27,0.9613,1.0225,1
2022-07-25,-0.007865209085220037,-0.0027422890354547036,0.00121417564811388,-0.005711834344817923,0.022422166552111378,-0.015547231539522866,0.002492679049758806,-0.009321375498665851,81.75,186.2121,0.9651,1.0211,1
2022-07-26,0.009542592760592328,-0.0011864990307541845,-0.011901572215659684,-0.019844590410608376,-0.014004720900449463,-0.007865209085220037,-0.0027422890354547036,0.00121417564811388,80.9,186.7237,0.9634,1.0116,1
2022-07-27,0.024828861653870327,0.010133436624480296,0.025634982473841994,0.04139118399760289,0.03542159504362985,0.009542592760592328,-0.0011864990307541845,-0.011901572215659684,82.71,188.4801,0.965,1.0108,1
2022-07-28,0.04580140227988583,0.012111672447683297,0.012464385578038417,0.0097305428653911,-0.009548459642986451,0.024828861653870327,0.010133436624480296,0.025634982473841994,82.5,193.4249,0.9568,1.0163,1
2022-07-29,0.014470536739004114,0.002807105034847268,0.014473518677013963,0.018072684707905573,0.01185733701553282,0.04580140227988583,0.012111672447683297,0.012464385578038417,83.02,196.76,0.9513,1.0202,1
2022-08-01,0.00409626788851547,0.005651277459430837,-0.002965630060173474,-6.024765137135901e-4,-0.03812970058037202,0.014470536739004114,0.002807105034847268,0.014473518677013963,84.44,203.3429,0.9486,1.027,1
2022-08-02,-0.01908750237424872,-0.005956016148365606,-0.006619224734524032,-0.002986025090365274,0.010591916844073346,0.00409626788851547,0.005651277459430837,-0.002965630060173474,83.48,190.5,0.9543,1.0194,1
2022-08-03,0.005712817406687165,0.00243531322795576,0.015538117621932912,0.026868318489067455,-0.032118377017011035,-0.01908750237424872,-0.005956016148365606,-0.006619224734524032,83.57,187.3562,0.963,1.0146,1
2022-08-04,0.006195166948925301,0.016404686079472874,-6.758224775103017e-4,0.004665614296941456,-0.027576544087838606,0.005712817406687165,0.00243531322795576,0.015538117621932912,86.4,192.1949,0.9565,1.0221,0
2022-08-05,-0.0160833557660931,-0.011309751785277378,-0.0016915571188267364,-0.008202475765021866,1.3979171057876272e-4,0.006195166948925301,0.016404686079472874,-6.758224775103017e-4,86.65,197.64,0.9635,1.017,1
2022-08-08,0.03696519423347144,0.008434293025734618,-0.0011615808483673717,-0.003237558473434099,0.02757274204225446,-0.0160833557660931,-0.011309751785277378,-0.0016915571188267364,87.35,207.42,0.9545,1.0207,1
2022-08-09,-0.0045466105095961495,0.0030549006956048785,-0.0039789459778916125,-0.011383180033846863,-0.001224573253239214,0.03696519423347144,0.008434293025734618,-0.0011615808483673717,86.72,205.6507,0.9525,1.0226,0
2022-08-10,0.0015178348474353953,-0.0025151219917622925,0.02078646785521343,0.027528526414888788,0.011775191885695868,-0.0045466105095961495,0.0030549006956048785,-0.0039789459778916125,87.41,207.84,0.941,1.0337,1
2022-08-11,-0.014256860624865197,-0.0026416922182974645,0,-0.005692235489409114,0.026030686226635957,0.0015178348474353953,-0.0025151219917622925,0.02078646785521343,88.8,211.0542,0.9391,1.0338,1
2022-08-12,0.026317308317373556,0.009155983893781361,0.016787276377267624,0.019283375950527315,-0.017189369424452927,-0.014256860624865197,-0.0026416922182974645,0,89.29,205.246,0.943,1.0257,1
2022-08-15,-0.026317308317373556,-0.012950597692620747,0.004112347493664181,0.008048879085162497,-0.028407158356063,0.026317308317373556,0.009155983893781361,0.016787276377267624,86.72,200,0.9449,1.0186,1
2022-08-16,-0.007205383721269776,-0.0017515783779415983,0.0019567654398642276,-0.0023446669592539493,-0.02275979453024135,-0.026317308317373556,-0.012950597692620747,0.004112347493664181,86.96,199.5003,0.9506,1.0174,1
2022-08-17,-0.016141980275721224,-0.006489394153532224,-0.007123285798355639,-0.011471590909859053,0.011305864024070189,-0.007205383721269776,-0.0017515783779415983,0.0019567654398642276,85.86,198.76,0.9537,1.0164,1
2022-08-18,-0.013210231736806133,-0.0026197961795837443,0.0029021482208468896,0.0024020565846729625,0.029538589536510784,-0.016141980275721224,-0.006489394153532224,-0.007123285798355639,84.65,200.0022,0.9546,1.0114,1
2022-08-19,-0.026409511149484644,-0.007347571630394789,-0.013529140630968328,-0.01968965991630167,-0.0020233364965758227,-0.013210231736806133,-0.0026197961795837443,0.0029021482208468896,83.06,197.08,0.959,1.0039,1
2022-08-22,-0.0027344835195965977,-0.006659292089977065,-0.021042320873787546,-0.026679966731408378,0.008336743188055884,-0.026409511149484644,-0.007347571630394789,-0.013529140630968328,81.15,184.4314,0.9652,0.9936,1
2022-08-23,0.006550241760718389,0.006966521193134234,-0.0024221884193202925,-8.274194533735013e-4,0.028382870206021593,-0.0027344835195965977,-0.006659292089977065,-0.021042320873787546,82.02,183.6569,0.9632,0.9976,1
2022-08-24,5.439216886888865e-4,0.0029446067531333497,0.0031960512423951926,0.0028929778088837566,0.015626326875366914,0.006550241760718389,0.006966521193134234,-0.0024221884193202925,81.71,189.1967,0.9664,0.9967,1
2022-08-25,0.005423006782803608,0.0030581063588206447,0.014018809003648158,0.017527470844250104,-0.019930774922420902,5.439216886888865e-4,0.0029446067531333497,0.0031960512423951926,82.07,199.3345,0.9648,0.9959,1
2022-08-26,-0.020213744784200127,-0.012227119243199525,-0.03443515711385192,-0.041851908941146654,-0.008533035037948444,0.005423006782803608,0.0030581063588206447,0.014018809003648158,80.13,195.8439,0.9635,0.9998,1
2022-08-29,-0.0038706158359431697,6.180087953948643e-4,-0.006634180333731088,-0.009904469297486784,0.03675837675235094,-0.020213744784200127,-0.012227119243199525,-0.03443515711385192,80.4,198.91,0.9688,1,1
2022-08-30,-0.019016232984147674,-0.008375518142430316,-0.01103852175451614,-0.011198769234884942,-0.041780856250115406,-0.0038706158359431697,6.180087953948643e-4,-0.006634180333731088,78.69,193.26,0.9746,1.0018,1
2022-08-31,-0.023422950291009048,-0.007755370661436167,-0.007638147017637209,-0.005830531768365788,-0.03177006999155285,-0.019016232984147674,-0.008375518142430316,-0.01103852175451614,78.26,192.65,0.9748,1.0065,1
2022-09-01,-0.012213004376234071,-0.008828965720054427,0.0031328979641784827,4.342960296774834e-4,-0.02998975269917281,-0.023422950291009048,-0.007755370661436167,-0.007638147017637209,76.76,185.7884,0.9838,0.995,1
2022-09-02,0.011634802567699776,0.00876617728566309,-0.010600357926871418,-0.01422901043974445,0.006742545560830315,-0.012213004376234071,-0.008828965720054427,0.0031328979641784827,77.65,187.13,0.9801,1.003,1
2022-09-06,-0.002316156217830212,-0.005856624315955905,-0.0037803365582362858,-0.00720821862334553,-1.4000700057881232e-4,0.011634802567699776,0.00876617728566309,-0.010600357926871418,79.2,184.3519,0.9839,0.9914,1
2022-09-07,0.029136594086655254,0.010117282390400995,0.01780552785035816,0.019999990986249827,-0.05467414488656264,-0.002316156217830212,-0.005856624315955905,-0.0037803365582362858,80.56,189.127,0.9808,0.9942,1
2022-09-08,0.0016877641137194033,-0.006020336758776779,0.0065150075084705605,0.005171073592271647,0.006926562215134879,0.029136594086655254,0.010117282390400995,0.01780552785035816,81.79,198.5878,0.9726,0.9956,1
2022-09-09,0.015063046311095896,0.005269773801350297,0.015415805050675857,0.021626556732476487,0.043256977314319656,0.0016877641137194033,-0.006020336758776779,0.0065150075084705605,81.68,201.3606,0.9604,1.0046,1
2022-09-12,0.04968624519294229,0.005055401623358158,0.010690317937161353,0.011815685430418554,0.017704512068841716,0.015063046311095896,0.005269773801350297,0.015415805050675857,84.12,211,0.9519,1.0129,1
2022-09-13,-0.01914952133286052,-0.013096656160665354,-0.0444561867035933,-0.05639771145928041,-0.004986850617260785,0.04968624519294229,0.005055401623358158,0.010690317937161353,81.69,194.82,0.9608,0.9997,1
2022-09-14,0.00908854157645278,-0.003855030527046388,0.0038085611607003855,0.007901962335136403,0.009948955905673351,-0.01914952133286052,-0.013096656160665354,-0.0444561867035933,84.1,199.9775,0.9612,0.9993,1
2022-09-15,-0.02043081818038761,-0.018855820546159308,-0.011418209484700625,-0.01679394978813331,-0.041693174565724966,0.00908854157645278,-0.003855030527046388,0.0038085611607003855,84.0822,198.4088,0.9607,0.9991,1
2022-09-16,0.01936585535343127,0.005533763558420723,-0.011757561188046495,-0.0061335087704978974,0.00200486963904023,-0.02043081818038761,-0.018855820546159308,-0.011418209484700625,84.31,196.57,0.9647,1.0013,1
2022-09-19,-0.0010660981819978765,7.697242201718524e-4,0.007725038739483381,0.0059617317366651434,0.002143623543251927,0.01936585535343127,0.005533763558420723,-0.011757561188046495,85.37,205.53,0.9663,1.0003,1
2022-09-20,-0.013423020332140823,-0.0057229362383388604,-0.011544961529053488,-0.008003078349871906,-0.011919434575817789,-0.0010660981819978765,7.697242201718524e-4,0.007725038739483381,85.52,200.75,0.9628,0.9994,1
2022-09-21,0.01927254512103227,0.004632318648279288,-0.017597764628122015,-0.018068254381056192,-0.007831802177923564,-0.013423020332140823,-0.0057229362383388604,-0.011544961529053488,84.41,198.8509,0.9652,0.988,1
2022-09-22,0.0010598835120432248,-5.778676843846142e-4,-0.008435275731989655,-0.012384169062359618,0.004213591413924966,0.01927254512103227,0.004632318648279288,-0.017597764628122015,83.62,200.64,0.9806,0.9841,1
2022-09-23,-0.04053513595059499,-0.017427800106230684,-0.01689680039347774,-0.016415646349577706,-0.05437335934093568,0.0010598835120432248,-5.778676843846142e-4,-0.008435275731989655,79.53,191.29,0.9816,0.9719,1
2022-09-26,-0.0262658295909457,-0.011701421971072712,-0.009941905830906705,-0.004146365146112885,-0.032993966949452336,-0.04053513595059499,-0.017427800106230684,-0.01689680039347774,79.13,188.82,0.9924,0.9623,1
2022-09-27,-0.0017001987660347773,0.0020477597405781367,-0.0025560348674069644,4.008381214282153e-4,0.019119842750241034,-0.0262658295909457,-0.011701421971072712,-0.009941905830906705,78.72,192.5142,0.9896,0.9616,1
2022-09-28,0.03072009233955386,0.020573497745346003,0.019485294443738255,0.01969689594230495,0.041206894047607356,-0.0017001987660347773,0.0020477597405781367,-0.0025560348674069644,80.72,200.0393,0.9756,0.9681,1
2022-09-29,-0.0033057881344995543,-1.9395506768393744e-4,-0.021110258652738523,-0.029251283623261237,-0.005377160080882959,0.03072009233955386,0.020573497745346003,0.019485294443738255,80.42,204.87,0.9798,0.9774,1
2022-09-30,0.008244069775082075,6.465586915904709e-5,-0.01558429807194095,-0.017102043516323384,-0.02256816721392596,-0.0033057881344995543,-1.9395506768393744e-4,-0.021110258652738523,79.91,200.8759,0.9845,0.9783,1
2022-10-03,0.08596174768618958,0.02401904033690272,0.026058756327073773,0.023189337707592905,0.039203037657704165,0.008244069775082075,6.465586915904709e-5,-0.01558429807194095,83.85,205.78,0.9929,0.9809,1
2022-10-04,0.013469896849358065,0.01422641735651542,0.030516214670220698,0.03095665256082114,0.03459851500534139,0.08596174768618958,0.02401904033690272,0.026058756327073773,86.62,215,0.9806,0.9977,1
2022-10-05,-0.01850515421500365,-0.005553663146448784,-0.0023309416428922702,-5.318111841141615e-4,0.023345174948580905,0.013469896849358065,0.01422641735651542,0.030516214670220698,85.1,208.76,0.9838,0.9866,1
2022-10-06,0.0025207979065671182,-0.001126972320630415,-0.010369416774566709,-0.007904053682094236,0.014490007196062749,-0.01850515421500365,-0.005553663146448784,-0.0023309416428922702,85.96,209.23,0.9899,0.9806,1
2022-10-07,-0.028602562706186774,-0.011023386481740616,-0.028290314507894543,-0.03884903502226056,0.028498113306548944,0.0025207979065671182,-0.001126972320630415,-0.010369416774566709,84.58,203.09,0.9914,0.9785,1
2022-10-11,-0.04558287778239167,-0.01737840822288028,-0.014017688900194614,-0.023880047975799457,-0.0456327041303588,-0.028602562706186774,-0.011023386481740616,-0.028290314507894543,82.79,197.22,0.994,0.9757,1
2022-10-12,-0.004347832936103746,0.005335060059010743,-0.0033039369267990892,-3.425896000468498e-4,-0.011494379425735168,-0.04558287778239167,-0.01737840822288028,-0.014017688900194614,81.95,199.64,0.998,0.9692,1
2022-10-13,-0.011503824481484681,-0.0069475995125056755,0.026048834190455672,0.023181590485988224,0.02216891067265525,-0.004347832936103746,0.005335060059010743,-0.0033039369267990892,83.85,195.3,0.9987,0.978,1
2022-10-14,-0.033046972503889105,-0.012537109224551202,-0.023052430430736237,-0.03051826840836913,-0.03294151662245337,-0.011503824481484681,-0.0069475995125056755,0.026048834190455672,83.71,185.35,1.0049,0.9739,1
2022-10-17,0.01749974096436624,0.0028720646374296166,0.025372332124866226,0.032487906891909724,-5.702067153778856e-4,-0.033046972503889105,-0.012537109224551202,-0.023052430430736237,84.6978,184.63,0.9953,0.9843,1
2022-10-18,0.006136699872137719,0.0021486481554777725,0.011681141019963981,0.00787682270901513,-0.02060146332051538,0.01749974096436624,0.0028720646374296166,0.025372332124866226,84.36,186.56,0.9962,0.9842,1
2022-10-19,-0.012874513122049791,-0.013488942083046851,-0.007111693913459227,-0.0036533428090859132,0.01931730818934696,0.006136699872137719,0.0021486481554777725,0.011681141019963981,82.06,184.3,1.0039,0.978,1
2022-10-20,0.00785638159920321,-0.0015834271303347691,-0.008420700791214486,-0.005114911077335194,0.0019968627374185033,-0.012874513122049791,-0.013488942083046851,-0.007111693913459227,85.21,191.55,1.0003,0.9823,1
2022-10-21,0.035688662617081146,0.017670616858913135,0.024010887177777107,0.02317698734984308,0.005541754857668835,0.00785638159920321,-0.0015834271303347691,-0.008420700791214486,86.53,186.9543,0.9981,0.9855,1
2022-10-24,-0.004324331063002784,-0.00324886575566552,0.012162240310234829,0.010941304736697965,-0.0026959931192989117,0.035688662617081146,0.017670616858913135,0.024010887177777107,85.82,182.9066,1.0007,0.98740000000000006,1
2022-10-25,0.008630042774214974,0.0022753138371358617,0.015842382162011504,0.020474891496681025,0.0032626456348161526,-0.004324331063002784,-0.00324886575566552,0.012162240310234829,85.34,179.4,0.9961,0.9959,1
2022-10-26,0.00802357874949644,0.006343473922174603,-0.007562557231211464,-0.022344118109453248,0.03287662024927318,0.008630042774214974,0.0022753138371358617,0.015842382162011504,88.31,182.02,0.9865,1.0068,1
2022-10-27,5.326231816993321e-4,-0.0015497872144960567,-0.005354343500594716,-0.01837379212882695,0.008868330173346095,0.00802357874949644,0.006343473922174603,-0.007562557231211464,89.06,180.37,0.9899,0.9985,1
2022-10-28,-0.014481347194710725,-0.010263162512214485,0.023512136422151997,0.030141789868591395,-0.010926085203587732,5.326231816993321e-4,-0.0015497872144960567,-0.005354343500594716,87.71,176.43,0.9968,0.9934,1
2022-10-31,-0.005417131340419878,-0.00819488638952226,-0.007249493199834589,-0.011696039763191557,-0.01787370062699445,-0.014481347194710725,-0.010263162512214485,0.023512136422151997,85.9,171.6341,1.0006,0.9885,1
2022-11-01,0.024149281960324842,0.010151706529947901,-0.004385459781095946,-0.010270223711580151,0.0219849850256022,-0.005417131340419878,-0.00819488638952226,-0.007249493199834589,87.53,174.34,0.9995,0.9871,1
2022-11-02,-0.018192047987278137,-0.006996922447750187,-0.02541650399665052,-0.0348784406194067,0.013043663192028987,0.024149281960324842,0.010151706529947901,-0.004385459781095946,86.55,171.24,0.9988,0.9875,1
2022-11-03,0.01020691106796523,-0.003813285357145091,-0.010350282778889053,-0.0197281043278279,-0.010721416400165218,-0.018192047987278137,-0.006996922447750187,-0.02541650399665052,85.4,166.71,1.0131,0.9759,1
2022-11-04,0.07066615453753,0.03023455936934205,0.014290545058464943,0.015957076403195103,0.04704084898000005,0.01020691106796523,-0.003813285357145091,-0.010350282778889053,89.28,174.0028,0.9981,0.9895,1
2022-11-07,-0.0059940239402105355,-0.003970292100619943,0.009520103635253463,0.010934409204195639,-0.0033902757730599475,0.07066615453753,0.03023455936934205,0.014290545058464943,91.13,175.75,0.9906,0.9997,1
2022-11-08,0.028156960147524668,0.022836387242720413,0.00538094349078122,0.0072608439929586766,-0.0276783874221449,-0.0059940239402105355,-0.003970292100619943,0.009520103635253463,92.62,177.33,0.9842,1.0089,1
2022-11-09,-0.01620462662368327,-0.005029875426862063,-0.02081727800580957,-0.023346779741337365,-0.03832410971672573,0.028156960147524668,0.022836387242720413,0.00538094349078122,91.37,172.4785,0.9836,1.0037,1
2022-11-10,0.03023145877966371,0.029990140666871667,0.05349731604908303,0.07119309239655447,0.007921659102901657,-0.01620462662368327,-0.005029875426862063,-0.02081727800580957,96.28,183.3,0.9672,1.0176,1
2022-11-14,0.01335897729519786,0.00876984914262291,0.0010888695825208572,0.009468734395414735,-0.004578571994326985,0.03023145877966371,0.029990140666871667,0.05349731604908303,94.47,187.59,0.9427,1.0337,1
2022-11-15,-0.016726793805313278,0.003510686978418498,0.008492887580151987,0.013743409958554054,0.018462910782774067,0.01335897729519786,0.00876984914262291,0.0010888695825208572,94.07,194.87,0.9444,1.0372,1
2022-11-16,-0.006769851774339752,-0.002298712523919555,-0.007658046847095257,-0.013743409958554054,-0.016656727589421827,-0.016726793805313278,0.003510686978418498,0.008492887580151987,93.15,191.99,0.9445,1.0395,0
2022-11-17,-0.02306850761195145,-0.0072939783625534105,-0.003064496060326327,-0.0022095581106977846,-0.02672827559572255,-0.006769851774339752,-0.002298712523919555,-0.007658046847095257,91.06,185.75,0.954,1.0341,1
2022-11-18,-0.003481724482169657,-0.006917477310225628,0.004530105055677858,3.511051033466828e-5,-0.015952051996648287,-0.02306850761195145,-0.0072939783625534105,-0.003064496060326327,90.95,180.19,0.9522,1.0349,1
2022-11-21,-0.001495886591582618,-0.005605706612754169,-0.003642714811981307,-0.010340477872605724,0,-0.003481724482169657,-0.006917477310225628,0.004530105055677858,91.44,173.36,0.9586,1.0238,1
2022-11-22,0.010918222603873318,0.0011730206623630224,0.013367264703975756,0.014300046442649261,0.01366829422415794,-0.001495886591582618,-0.005605706612754169,-0.003642714811981307,92.33,172.63,0.9531,1.0276,1
2022-11-23,0.021001992936914515,0.006212537281024666,0.006281803486928972,0.009986686337093431,-0.03741611207419471,0.010918222603873318,0.0011730206623630224,0.013367264703975756,92.77,175.0302,0.9432,1.0364,1
2022-11-25,-0.005816788092586123,8.581060900443305e-4,-2.2367194874295393e-4,-0.006600225440185348,-0.0066979486841276525,0.021001992936914515,0.006212537281024666,0.006281803486928972,91.09,170.05,0.9459,1.0402,0
2022-11-28,-0.02311388859983543,-0.00793484095571717,-0.016085734694110343,-0.014781793997181047,-0.00119545740477367,-0.005816788092586123,8.581060900443305e-4,-2.2367194874295393e-4,91.67,170.84,0.9463,1.0386,1
2022-11-29,0.014815085785140347,0.00492824258714375,-0.00171903877305013,-0.0075983890646114105,0.021595277910699373,-0.02311388859983543,-0.00793484095571717,-0.016085734694110343,92.95,169.62,0.9506,1.0356,1
2022-11-30,0.04364154526035513,0.012700909573565511,0.031014679019945923,0.04457727556662938,0.027280323483783953,0.014815085785140347,0.00492824258714375,-0.00171903877305013,95.83,174.675,0.9486,1.0323,1
2022-12-01,0.026853465424245826,0.01821784940189808,-7.361421577494198e-4,0.0012264088203393086,0.0031276681737599787,0.04364154526035513,0.012700909573565511,0.031014679019945923,96.56,180.44,0.9377,1.0498,1
2022-12-02,0.015412816441333632,-0.0034616566946068517,-0.00115438001742163,-0.003991340349164041,-0.008696326813342203,0.026853465424245826,0.01821784940189808,-7.361421577494198e-4,94.34,176.37,0.9369,1.0521,1
2022-12-05,-0.041797128678461526,-0.01730783443196149,-0.018153009332330328,-0.016925893999951924,-0.030825354266412752,0.015412816441333632,-0.0034616566946068517,-0.00115438001742163,92.56,173.77,0.9421,1.0494,1
2022-12-06,0,0.002733652949197918,-0.014519677330389058,-0.020938023387496507,-0.03746207145692981,-0.041797128678461526,-0.01730783443196149,-0.018153009332330328,91.87,171.6,0.9406,1.0497,1
2022-12-07,0.02409755157906046,0.00899846033182694,-0.0017026904074244342,-0.004091003731332421,-0.024520160804589075,0,0.002733652949197918,-0.014519677330389058,93.18,171.2,0.9401,1.0505,1
2022-12-08,0.014094345614440229,8.413462034759789e-4,0.00780343458155297,0.011765258501270637,-0.014878400448486317,0.02409755157906046,0.00899846033182694,-0.0017026904074244342,92.94,179.1,0.9358,1.0552,1
2022-12-09,0.016122158427496647,0.0035379163218411946,-0.0074982619023122865,-0.006397024765895765,0.0022300104813268717,0.014094345614440229,8.413462034759789e-4,0.00780343458155297,94.82,180.58,0.932,1.055,1
2022-12-12,-0.004898696057646923,-0.008294812240431604,0.014314269376620281,0.012473295151309571,0.02451796552254315,0.016122158427496647,0.0035379163218411946,-0.0074982619023122865,92.98,174.478,0.9356,1.0545,1
2022-12-13,0.017260884396598897,0.016936878125122234,0.007541363214336627,0.010692681504793633,0.022262376389418748,-0.004898696057646923,-0.008294812240431604,0.014314269376620281,96.05,179.21,0.9268,1.063,1
2022-12-14,0.007431728193772802,-0.0024360547978812264,-0.006414037986911758,-0.007441441947317884,0.02252009298585289,0.017260884396598897,0.016936878125122234,0.007541363214336627,95.28,177.92,0.9238,1.0655,1
2022-12-15,-0.03411183450686339,-0.01649460098676858,-0.02476585012445298,-0.0341531241554609,-0.018126479373106186,0.007431728193772802,-0.0024360547978812264,-0.006414037986911758,93.51,166.8,0.9288,1.0638,1
2022-12-16,0.004496410453274979,0.008671096661280409,-0.016457869209276943,-0.009580216248824769,-0.01907726685092026,-0.03411183450686339,-0.01649460098676858,-0.02476585012445298,92.13,159.7702,0.9324,1.061,1
2022-12-19,-0.01037213357242095,-0.002821892539324189,-0.00851581873359919,-0.01654449501709543,0.017867162331749675,0.004496410453274979,0.008671096661280409,-0.016457869209276943,90.76,154.2508,0.9303,1.0624,1
2022-12-20,0.051678532956961565,0.01645833214883119,0.0013674136978689688,-7.78801797230777e-4,0.0022677460773063984,-0.01037213357242095,-0.002821892539324189,-0.00851581873359919,93.48,160.6,0.9259,1.0635,1
2022-12-21,-0.008646832949724015,-0.0016573935367318882,0.014841750323798308,0.014401987451768683,0.02740713695365926,0.051678532956961565,0.01645833214883119,0.0013674136978689688,92.75,156.55,0.9277,1.0599,1
2022-12-22,-0.0179632431446195,-0.012158929149260977,-0.014368850123197774,-0.024769412028676108,-0.005303489154530716,-0.008646832949724015,-0.0016573935367318882,0.014841750323798308,90.74,155.77,0.931,1.0588,1
2022-12-23,0.008364565608322216,0.0029938349407840903,0.005735777808863141,0.0022466870829784824,0.023647284929175783,-0.0179632431446195,-0.012158929149260977,-0.014368850123197774,94.83,163.03,0.9335,1.0621,1
2022-12-27,0.0117674053436021,0.008394655316543265,-0.003951281455399247,-0.014239137631340881,0.003024849263521645,0.008364565608322216,0.0029938349407840903,0.005735777808863141,95.05,170.19,0.9285,1.0654,1
2022-12-28,-0.022344850810454453,-0.0045160216985458135,-0.012505769399718147,-0.013290754761137613,-0.013757367076152605,0.0117674053436021,0.008394655316543265,-0.003951281455399247,93.56,165.77,0.9275,1.0622,1
2022-12-29,0.016696345677109647,0.005582625260199592,0.01784023108477495,0.024082905090373252,-7.293414370419526e-4,-0.022344850810454453,-0.0045160216985458135,-0.012505769399718147,98.1,167.66,0.9233,1.0668,1
2022-12-30,0.0013063359140557118,0.004667797774812854,-0.0026375248684722408,-6.006908124760457e-4,0.022793831621144456,0.016696345677109647,0.005582625260199592,0.01784023108477495,99.28,165.11,0.9241,1.0698,1
2023-01-03,0.0017391308731267152,0.008335827546245511,-0.004218807436469518,-0.006782752659789004,-0.035865913188496634,0.0013063359140557118,0.004667797774812854,-0.0026375248684722408,100.56,158.26,0.9368,1.0559,1
2023-01-04,-0.007850018505926926,0.009367886271703263,0.0076905346473745695,0.004752753090448536,-0.050639892786805696,0.0017391308731267152,0.008335827546245511,-0.004218807436469518,100.05,166.23,0.9271,1.062,1
2023-01-05,-0.02258231893574303,-0.01252966652732912,-0.011479015895232259,-0.015778223102156375,0.007437282499608955,-0.007850018505926926,0.009367886271703263,0.0076905346473745695,98.26,161.61,0.9364,1.0522,1
2023-01-06,0.02520584470812759,0.018534650216822435,0.022673162638384703,0.027227444587988536,7.715454437215996e-4,-0.02258231893574303,-0.01252966652732912,-0.011479015895232259,101.09,166.83,0.9293,1.0619,1
2023-01-09,-0.00833155444272693,0.0022426046603110095,-5.670541688660435e-4,0.006452353012053713,0.016066446122534828,0.02520584470812759,0.018534650216822435,0.022673162638384703,100.05,164.32,0.918,1.0759,1
2023-01-10,-8.810573257167498e-4,0.003669308095805235,0.006988364086541132,0.008428928936414337,3.035361990217922e-4,-0.00833155444272693,0.0022426046603110095,-5.670541688660435e-4,100.05,164.8,0.9225,1.0737,1
2023-01-11,-0.008408989581376147,-6.86970487286942e-4,0.012568540974634779,0.017152206538708192,0.0321042875890134,-8.810573257167498e-4,0.003669308095805235,0.006988364086541132,98.9,164.5,0.9299,1.074,1
2023-01-12,0.014998075577435266,0.011501578706068827,0.0036341651142199893,0.005389880098271682,0.008195567605325138,-0.008408989581376147,-6.86970487286942e-4,0.012568540974634779,98.83,165.88,0.9288,1.0823,1
2023-01-13,0.020797976694482134,0.011930360976520227,0.0038719782867788766,0.006856924834045763,0.020770976080216386,0.014998075577435266,0.011501578706068827,0.0036341651142199893,99.01,166.12,0.9284,1.0811,1
2023-01-17,-0.014252022707201384,-0.006566601398746208,-0.001833549435533044,0.0020266313313310746,0.011496826654309622,0.020797976694482134,0.011930360976520227,0.0038719782867788766,96.56,161.84,0.9215,1.0793,1
2023-01-18,-0.02021158433093717,-0.0028759148025638837,-0.01591397647426529,-0.01308516757513889,-0.01923547232493128,-0.014252022707201384,-0.006566601398746208,-0.001833549435533044,96.21,158.86,0.914,1.0827,1
2023-01-19,0.01759834242565983,0.015743945110654245,-0.007306507066608958,-0.009872962318912215,0.015417864294986039,-0.02021158433093717,-0.0028759148025638837,-0.01591397647426529,96,162.64,0.9162,1.081,1
2023-01-20,0.0026132419052773415,-0.0033409463672589013,0.018457669774627483,0.026999112316885565,0.013508014595079665,0.01759834242565983,0.015743945110654245,-0.007306507066608958,96.32,160.68,0.9221,1.0831,1
2023-01-23,-0.021099683856449225,0.0018945731734083537,0.011927173067783237,0.02197275440596691,-6.990563024986685e-4,0.0026132419052773415,-0.0033409463672589013,0.018457669774627483,96.95,158.02,0.9231,1.0865,1
2023-01-24,0.009725982945810951,0.003612018041703635,-0.0010738859466403738,-0.0020438924199108754,-0.01806427895967566,-0.021099683856449225,0.0018945731734083537,0.011927173067783237,97.88,161.49,0.923,1.0873,1
2023-01-25,0.010067933586913824,0.004593383653997307,3.7474236900969515e-4,-0.002221837400740334,0.00412137299066373,0.009725982945810951,0.003612018041703635,-0.0010738859466403738,96.39,157.46,0.9199,1.0901,1
2023-01-26,4.3544524964111986e-4,-0.009096518435259604,0.010930428039102047,0.019309805410639314,0.005938931483045806,0.010067933586913824,0.004593383653997307,3.7474236900969515e-4,94.47,154.77,0.921,1.0866,1
2023-01-27,-0.01447076336602482,-0.00139396158511218,0.0022950789290190343,0.009905101335297317,-0.020366722643249346,4.3544524964111986e-4,-0.009096518435259604,0.010930428039102047,93.85,149.68,0.9218,1.0857,1
2023-01-30,-8.837826470076138e-4,-0.002569977390822764,-0.012626211122781505,-0.02042592283440481,-0.02034953941527906,-0.01447076336602482,-0.00139396158511218,0.0022950789290190343,93.41,151.57,0.9231,1.0867,1
2023-01-31,0.00792606527242068,0.003629565366042975,0.014596266921494738,0.014874866067291492,0.01775625169193784,-8.837826470076138e-4,-0.002569977390822764,-0.012626211122781505,93.7,153.08,0.9186,1.0858,1
2023-02-01,0.011338978880517825,0.012518165019359984,0.010571750768926691,0.02115805830522799,-0.028682094913333955,0.00792606527242068,0.003629565366042975,0.014596266921494738,93.26,155.74,0.9147,1.0917,1
2023-02-02,-0.023695711569423406,-0.020970259778863465,0.014452026588539724,0.0352609002833395,-0.011797344321458958,0.011338978880517825,0.012518165019359984,0.010571750768926691,94.65,153.38,0.912,1.0918,1
2023-02-03,-0.048679157897463465,-0.025274569415480563,-0.010686001363579223,-0.017932184671424878,-0.03314039250230394,-0.023695711569423406,-0.020970259778863465,0.014452026588539724,90.45,150.56,0.925,1.0825,1
2023-02-06,-0.003268739777126939,0.0020732557530047657,-0.0061300637118586465,-0.008495057401347594,0.016936509530898647,-0.048679157897463465,-0.025274569415480563,-0.010686001363579223,89.92,148.8767,0.9278,1.0722,1
2023-02-07,-0.00421842669151129,9.200690700801317e-4,0.012993807215710085,0.020507018861113835,0.03392190770259251,-0.003268739777126939,0.0020732557530047657,-0.0061300637118586465,90.15,153.28,0.9239,1.0705,1
2023-02-08,0.0056206236962035305,0.002468499201182972,-0.010994976597014094,-0.01794105916649613,0.013485985685475654,-0.00421842669151129,9.200690700801317e-4,0.012993807215710085,89.74,152.6337,0.9198,1.0734,1
2023-02-09,-0.016007874785493925,-0.007943859412019805,-0.008706978968159973,-0.008877213647103588,-0.011127494026182738,0.0056206236962035305,0.002468499201182972,-0.010994976597014094,88.31,149.89,0.9192,1.0761,1
2023-02-10,0.0028436038118679896,0.0019053673595461618,0.0023309175962769046,-0.0065848786274846915,0.028305830561267342,-0.016007874785493925,-0.007943859412019805,-0.008706978968159973,87.62,142.4,0.9246,1.067,1
2023-02-13,-9.469697677362277e-4,-0.005089069507471677,0.011670677130982021,0.015889112827334628,-0.005309619993613346,0.0028436038118679896,0.0019053673595461618,0.0023309175962769046,88.29,145.05,0.9207,1.0718,1
2023-02-14,-0.0047483470033200526,7.534266779662957e-4,-4.603438122661174e-4,0.007361996441068719,-0.0014398850579873113,-9.469697677362277e-4,-0.005089069507471677,0.011670677130982021,86.35,139.68,0.9224,1.0722,1
2023-02-15,-0.010526412986987754,-0.010014639739781117,0.0032421213466102827,0.007631765547050584,-0.005490549842901871,-0.0047483470033200526,7.534266779662957e-4,-4.603438122661174e-4,84.97,136,0.9238,1.0683,1
2023-02-16,-0.002890175422233021,-8.195762079177271e-4,-0.013864449944346546,-0.018942434443535383,-0.008292765935398627,-0.010526412986987754,-0.010014639739781117,0.0032421213466102827,85.38,140.16,0.9245,1.0684,1
2023-02-17,0.007688649120785929,0.002982371147146168,-0.0025014114129291443,-0.007080729712614087,-0.021112469425293767,-0.002890175422233021,-8.195762079177271e-4,-0.013864449944346546,85.12,138.7034,0.9266,1.0678,1
2023-02-21,0.0033452838843670563,-0.0037440081174970885,-0.020264846758444754,-0.02395988203272381,-0.004936065664949751,0.007688649120785929,0.002982371147146168,-0.0025014114129291443,87.44,140.94,0.9267,1.0657,1
2023-02-22,-0.015384918839479234,-0.005642427100959857,-0.0013790857594857542,7.479431911887602e-4,-0.026899273997824658,0.0033452838843670563,-0.0037440081174970885,-0.020264846758444754,87.84,137.1197,0.9297,1.0623,1
2023-02-23,-0.007782140442055052,-5.306134605529422e-4,0.005305317749067839,0.008696148327286046,0.02224006364543829,-0.015384918839479234,-0.005642427100959857,-0.0013790857594857542,87.83,133.98,0.9343,1.0583,1
2023-02-24,-0.02772454801485491,-0.0072206753119523626,-0.010739840257304678,-0.016885922817872157,0.010788237685807722,-0.007782140442055052,-5.306134605529422e-4,0.005305317749067839,84.34,130.59,0.94,1.0545,1
2023-02-27,-0.007558614973926847,0.003912739163053125,0.003400036016489416,0.007135693228738305,-0.012748579111304892,-0.02772454801485491,-0.0072206753119523626,-0.010739840257304678,86.98,132.13,0.9375,1.0596,1
2023-02-28,0.015558657641002949,0.004545596539685448,-0.0037028216465779806,-0.0012936172016768666,0.014386581115543251,-0.007558614973926847,0.003912739163053125,0.003400036016489416,88.17,131.2,0.9376,1.0602,1
2023-03-01,0.002486944828171911,0.005755580579939412,-0.003843241140151221,-0.008071731354331035,0.012714541477985897,0.015558657641002949,0.004545596539685448,-0.0037028216465779806,88.63,133.05,0.9387,1.0674,1
2023-03-02,-0.0029850768434536157,-5.857887813220941e-4,0.007747184038382038,0.008242039783307398,0.00337317911688384,0.002486944828171911,0.005755580579939412,-0.003843241140151221,89.09,133.51,0.942,1.0595,1
2023-03-03,0.016798814013506913,0.010665990668098146,0.01591056007152236,0.02046288258994,0.022583472801941618,-0.0029850768434536157,-5.857887813220941e-4,0.007747184038382038,90.34,134.99,0.9381,1.0616,1
2023-03-06,-0.011828624855632963,-0.005056533397562291,6.925036756850744e-4,0.0011339004049659707,0.008977616407098488,0.016798814013506913,0.010665990668098146,0.01591056007152236,90.19,133.38,0.9308,1.0694,1
2023-03-07,-0.04616594559614118,-0.01763506788444502,-0.01544740087112384,-0.012341695320155388,-0.03817146950490624,-0.011828624855632963,-0.005056533397562291,6.925036756850744e-4,86.16,128.55,0.9413,1.0573,1
2023-03-08,-0.0020790028278327988,-4.7455215032243814e-4,0.001630728293239514,0.004981833381470402,-0.01111534230324196,-0.04616594559614118,-0.01763506788444502,-0.01544740087112384,86.77,127.51,0.9395,1.0549,1
2023-03-09,0.0020790028278327988,0.009801105795066434,-0.0186221351404372,-0.01747775149777908,-0.012899533900632143,-0.0020790028278327988,-4.7455215032243814e-4,0.001630728293239514,87.59,128.63,0.9363,1.0577,1
2023-03-10,0.023095714794649336,0.021333677400424023,-0.014534578736324022,-0.014143144507304584,0.013495481474884663,0.0020790028278327988,0.009801105795066434,-0.0186221351404372,88.8,127.9,0.9213,1.0659,1
2023-03-13,0.05862303780613631,0.022688830431795814,-0.0014262193349399155,0.007389026091368045,-0.02855394534908573,0.023095714794649336,0.021333677400424023,-0.014534578736324022,92.69,136.77,0.9118,1.0733,1
2023-03-14,-0.0062395210827439485,-0.00580790490460803,0.016394864643463514,0.022719747446119598,-0.0362030486639604,0.05862303780613631,0.022688830431795814,-0.0014262193349399155,91.12,138.5,0.9137,1.0722,1
2023-03-15,0.0062395210827439485,0.0077738111181222536,-0.006273947930217183,0.0052322775749553685,-0.04734515752662105,-0.0062395210827439485,-0.00580790490460803,0.016394864643463514,88.66,135.58,0.9243,1.0535,1
2023-03-16,-0.0033549036978843816,0.0020180510240255245,0.01739307142394253,0.02601923121661276,4.997085137707913e-4,0.0062395210827439485,0.0077738111181222536,-0.006273947930217183,90.28,131.64,0.9299,1.0622,1
2023-03-17,0.032588480020702804,0.02870429449829981,-0.015570852689839931,-0.0047372550490569765,-0.02341948497668689,-0.0033549036978843816,0.0020180510240255245,0.01739307142394253,90.09,129.57,0.9284,1.0647,1
2023-03-20,0.0037105793965359624,3.808383931120929e-4,0.009569695222626962,0.001995649493562013,0.019080359343507602,0.032588480020702804,0.02870429449829981,-0.015570852689839931,91.38,130.22,0.9267,1.0722,1
2023-03-21,-0.006968669316093301,-0.01905551741833733,0.013045034544783007,0.014181412724801667,0.02379884259705012,0.0037105793965359624,3.808383931120929e-4,0.009569695222626962,89.95,129.73,0.9238,1.0769,1
2023-03-22,0.02668051544022587,0.01687734186754053,-0.01719341486561632,-0.013691288713618022,0.006186929536616148,-0.006968669316093301,-0.01905551741833733,0.013045034544783007,91.29,133.27,0.9237,1.0792,1
2023-03-23,0.008587623397231958,0.012460207798214107,0.002699675641287591,0.011788338567531476,-0.0101142787181141,0.02668051544022587,0.01687734186754053,-0.01719341486561632,91.4,132.5105,0.9145,1.089,1
2023-03-24,-0.001801802289262966,-0.01131607408218649,0.006540610448725559,0.0036736313549843302,-4.920049299741436e-4,0.008587623397231958,0.012460207798214107,0.002699675641287591,90.51,132.45,0.9181,1.0762,1
2023-03-27,-9.021200431380549e-4,-0.009299848207507289,0.0018681213147759834,-0.0068748757825831674,0.05100617968325416,-0.001801802289262966,-0.01131607408218649,0.006540610448725559,90.34,130.91,0.9163,1.0789,1
2023-03-28,0.00987884100469616,0.008155714491479671,-0.002247220327340038,-0.0053257253891105805,0.006216026231006033,-9.021200431380549e-4,-0.009299848207507289,0.0018681213147759834,89.36,131.5604,0.9198,1.0844,0
2023-03-29,8.932559772150128e-4,-0.004973095474955613,0.014430264829028872,0.01806967079215749,-0.006216026231006033,0.00987884100469616,0.008155714491479671,-0.002247220327340038,89.59,133.1,0.9195,1.0826,0
2023-03-30,0.02294893298554479,0.00899899721852826,0.00583816328130915,0.0094208207896056,0.018074177040618977,8.932559772150128e-4,-0.004973095474955613,0.014430264829028872,91.2,134.4,0.914,1.0899,0
2023-03-31,0.008255532439750635,-0.00522592370615893,0.013996219080722128,0.016493988539484583,0.017001016642829825,0.02294893298554479,0.00899899721852826,0.00583816328130915,91.94,135.04,0.9129,1.0872,1
2023-04-03,-0.0030335884585990236,0.007178625563347474,0.003803305654891176,-0.0024333948489783097,0.056045680459011926,0.008255532439750635,-0.00522592370615893,0.013996219080722128,91.78,134.96,0.913,1.0891,0
2023-04-04,0.039988313771677664,0.018469332041745723,-0.005563568192875401,-0.0033791215157892296,0,-0.0030335884585990236,0.007178625563347474,0.003803305654891176,94.75,134.87,0.9071,1.0951,1
2023-04-05,-0.0016694494695408402,-7.982757668267837e-4,-0.0026216830530634283,-0.009921497470628537,-4.2701587724458534e-4,0.039988313771677664,0.018469332041745723,-0.005563568192875401,92.695,131.6,0.905,1.0918,0
2023-04-06,-0.0020907387921091924,-0.007159680081973541,0.003893294502626432,0.006719586146419765,2.8469751081949823e-4,-0.0016694494695408402,-7.982757668267837e-4,-0.0026216830530634283,93.37,135.5,0.904,1.0927,1
2023-04-10,4.1849759974699197e-4,-0.00742737537176108,0.001025891638583687,-5.661089596404878e-4,-0.007141867236956756,-0.0020907387921091924,-0.007159680081973541,0.003893294502626432,92.69,131,0.9112,1.084,1
2023-04-11,0.005424590810912289,0.006300675142582257,2.6851207855393966e-4,-0.006438400022105384,0.018604527238079704,4.1849759974699197e-4,-0.00742737537176108,0.001025891638583687,92.64,133.89,0.904,1.0906,0
2023-04-12,0.018144827706202626,0.004873225699061123,-0.00408428365308211,-0.008873116240910583,0.018955271368430893,0.005424590810912289,0.006300675142582257,2.6851207855393966e-4,94.105,135.63,0.8968,1.0987,1
2023-04-13,0.013395775716356528,0.013425157196143012,0.01319524452594667,0.0193928982942273,-0.008736102153056535,0.018144827706202626,0.004873225699061123,-0.00408428365308211,97.06,139.8,0.8874,1.1054,1
2023-04-14,-0.018311803642337754,-0.01786901406078467,-0.0024457290652977193,-0.0018816451125207578,0.0040308623623088735,0.013395775716356528,0.013425157196143012,0.01319524452594667,96.52,139.21,0.8955,1.098,1
2023-04-17,-0.0132287997802214,-0.004463692909809858,0.0035818044101718627,8.471784758592449e-4,-0.017491525501854177,-0.018311803642337754,-0.01786901406078467,-0.0024457290652977193,96.99,144.4,0.8994,1.0915,0
2023-04-18,0.006222795438269202,0.0038732632208828832,6.520558100984175e-4,6.272541949670085e-5,-0.001554001866733934,-0.0132287997802214,-0.004463692909809858,0.0035818044101718627,100.11,150.26,0.898,1.0958,0
2023-04-19,0.0037151745518633206,-0.004789977135548185,-1.6901068429220345e-4,-4.70536577215519e-4,-0.020424904852041514,0.006222795438269202,0.0038732632208828832,6.520558100984175e-4,100.99,148.84,0.8984,1.0953,0
2023-04-20,-0.002062281613563588,0.003930547529015449,-0.005472036123328472,-0.007653701199277663,-0.024836923146938972,0.0037151745518633206,-0.004789977135548185,-1.6901068429220345e-4,100.99,146.93,0.8944,1.097,1
2023-04-21,-0.008291921473108754,-0.009936896583690569,7.766236678081739e-4,0.0010428353423392878,0.008983198617709576,-0.002062281613563588,0.003930547529015449,-0.005472036123328472,103.91,148.24,0.8926,1.0973,0
2023-04-24,0.004569062985102956,0.0030347392282195074,0.0010426391837210502,-0.0020867593256017614,0.015131963400819792,-0.008291921473108754,-0.009936896583690569,7.766236678081739e-4,100.89,141.62,0.8887,1.1027,0
2023-04-25,-0.004569062985102956,0.005073413300203278,-0.01600112311405688,-0.019043934325090106,-0.023819347787707557,0.004569062985102956,0.0030347392282195074,0.0010426391837210502,100.94,137.27,0.8925,1.0968,1
2023-04-26,-0.007102599317487357,-0.00545225243340397,-0.0042446142401662,0.006046395418766615,-0.0339933467279927,-0.004569062985102956,0.005073413300203278,-0.01600112311405688,100.68,140.05,0.8901,1.1052,1
2023-04-27,0.001675744003367896,5.4128663847130554e-5,0.019712429865581527,0.026827713771890416,0.006861351916279901,-0.007102599317487357,-0.00545225243340397,-0.0042446142401662,100,138.01,0.8957,1.1017,1
2023-04-28,0.005426855314119461,2.705993792719852e-4,0.008498976720201057,0.0068750173579186225,0.02535579541045685,0.001675744003367896,5.4128663847130554e-5,0.019712429865581527,99.41,138.9665,0.8911,1.104,1
2023-05-01,-0.004171887569406341,-0.004501458369891687,-0.0010102954770632167,-0.0011477318049371021,-0.014174053037363521,0.005426855314119461,2.705993792719852e-4,0.008498976720201057,97.61,134.25,0.8961,1.097,0
2023-05-02,0.019458283145397548,0.019112805550956402,-0.011302837096972773,-0.0087598172252914,-0.05402548243019201,-0.004171887569406341,-0.004501458369891687,-0.0010102954770632167,98.53,132.52,0.8931,1.0997,1
2023-05-03,0.003274665226751239,0.008443349950533197,-0.0068876514870197525,-0.006565434235745293,-0.044430134948033384,0.019458283145397548,0.019112805550956402,-0.011302837096972773,97.04,131.69,0.8871,1.1049,1
2023-05-04,0.02142794741362053,0.007008327987136909,-0.007108189555238731,-0.0035361385630201525,0.006445770602557133,0.003274665226751239,0.008443349950533197,-0.0068876514870197525,97.02,134.25,0.8861,1.1009,1
2023-05-05,-0.014910612735754114,-0.01577169500797826,0.01834330438473497,0.02103166433036119,0.03766710545956631,0.02142794741362053,0.007008327987136909,-0.007108189555238731,97.94,138.5,0.8913,1.1026,1
2023-05-08,-0.0036607728496811376,0.0012261763498182532,2.6654712589824214e-4,0.002474559708712576,0.01932655016269358,-0.014910612735754114,-0.01577169500797826,0.01834330438473497,99.1,143.9396,0.8894,1.102,0
2023-05-09,0,0.007061163898751666,-0.0043949710769144446,-0.006353359973080508,0.009447913537251829,-0.0036607728496811376,0.0012261763498182532,2.6654712589824214e-4,102.11,145.0677,0.8916,1.0953,0
2023-05-10,-0.006951571645650301,-0.0014294414377760134,0.0046614471743744446,0.010822951126129077,-0.007426925674872464,0,0.007061163898751666,-0.0043949710769144446,103.18,148.3383,0.8911,1.0966,1
2023-05-11,-0.04963171636967445,-0.008619825639437195,-0.0017454973037063226,0.003254831380835377,-0.017863213942462153,-0.006951571645650301,-0.0014294414377760134,0.0046614471743744446,101.1,143.06,0.8953,1.0916,0
2023-05-12,-0.008226935338290886,-0.0017115049372264934,-0.0013111253274349366,-0.0035932044249609163,-0.01883234718206861,-0.04963171636967445,-0.008619825639437195,-0.0017454973037063226,97.85,139.22,0.8971,1.0856,1
2023-05-15,0.004338401598598107,0.0021389238677063105,0.0034440975106653227,0.005400277000511267,0.014713203208276404,-0.008226935338290886,-0.0017115049372264934,-0.0013111253274349366,98.65,140.9725,0.8949,1.0874,1
2023-05-16,-0.013072081567352622,-0.012578106055822325,-0.006705075772761582,0.0011315851043098846,-0.007169631604142523,0.004338401598598107,0.0021389238677063105,0.0034440975106653227,98.42,138.01,0.8965,1.0866,0
2023-05-17,0,-0.0034678983549367715,0.01206585360652035,0.012031499573703641,0.0324080587588611,-0.013072081567352622,-0.012578106055822325,-0.006705075772761582,99.61,137.7,0.8992,1.083,1
2023-05-18,-0.011469027348764982,-0.013057797465129362,0.009587111754963296,0.018402949076570252,-0.008706522660041571,0,-0.0034678983549367715,0.01206585360652035,97.71,136,0.9046,1.0776,1
2023-05-19,0.014097149755034177,0.00985013983673344,-0.0014561081524835373,-0.0022559301918052554,-0.0021885267450256762,-0.011469027348764982,-0.013057797465129362,0.009587111754963296,98.71,139.02,0.8989,1.0819,1
2023-05-22,-0.009670405031682261,-0.002344283477868636,4.060137861623403e-4,0.003352372790277336,1.5648227870190823e-4,0.014097149755034177,0.00985013983673344,-0.0014561081524835373,98.9144,137.5,0.8991,1.0806,1
2023-05-23,-0.007537167137744216,0.0012000874231068437,-0.01128625946176598,-0.012757252001320829,0.014909423562773583,-0.009670405031682261,-0.002344283477868636,4.060137861623403e-4,97.5,134.2992,0.9014,1.0771,1
2023-05-24,-0.016603477673530875,-0.00810119926809083,-0.007271172877377552,-0.005142791142633385,0.01210464484848206,-0.007537167137744216,0.0012000874231068437,-0.01128625946176598,95.11,131,0.9058,1.0758,0
2023-05-25,-0.014126459567178618,-0.009664578883931796,0.008622622270993752,0.02404155294024335,-0.024201566557310983,-0.016603477673530875,-0.00810119926809083,-0.007271172877377552,94.69,130.58,0.906,1.0725,1
2023-05-26,0.025375172103049515,0.003987599435404832,0.012867538294068837,0.025229496066539348,0.011017257842093287,-0.014126459567178618,-0.009664578883931796,0.008622622270993752,94.45,131.37,0.906,1.0713,1
2023-05-30,-0.004484312447328609,0.006171498538798836,3.808617041993756e-4,0.004524765015253784,-0.03934417756482134,0.025375172103049515,0.003987599435404832,0.012867538294068837,94.3,129.65,0.9048,1.0722,1
2023-05-31,0.013836418017608931,0.001536941788987889,-0.005560674448036096,-0.005702266264187017,-0.027171605709767732,-0.004484312447328609,0.006171498538798836,3.808617041993756e-4,92.21,126.3,0.9129,1.0654,0
2023-06-01,0.015831465216680662,0.007867173443414366,0.009456166310023661,0.011485840556060722,0.03117641682928074,0.013836418017608931,0.001536941788987889,-0.005560674448036096,93,129.22,0.9077,1.0752,1
2023-06-02,-0.01229163851155679,-0.014857322169192777,0.014357579465525738,0.007471803362620655,0.025257854148724945,0.015831465216680662,0.007867173443414366,0.009456166310023661,92.67,131.04,0.9075,1.0724,1
2023-06-05,-0.0017683470567417814,0.006002385928022491,-0.0019180843755739474,7.046720043550891e-4,-0.001872367530934227,-0.01229163851155679,-0.014857322169192777,0.014357579465525738,95.05,130.38,0.9058,1.0721,1
2023-06-06,0.0013265533672055518,0.001097454017084054,0.0021751087358881094,-1.690760000645497e-4,-0.003755285276847431,-0.0017683470567417814,0.006002385928022491,-0.0019180843755739474,95.5,130.5394,0.9076,1.0695,0
2023-06-07,-0.006650434619955625,-0.012083238962654619,-0.0034636932286051803,-0.017110953811863894,0.014319310815310793,0.0013265533672055518,0.001097454017084054,0.0021751087358881094,94.3,128.57,0.9089,1.0702,1
2023-06-08,0.03582733554616446,0.013124705880590781,0.0060303099719352105,0.012336866014408976,-0.019505962914124986,-0.006650434619955625,-0.012083238962654619,-0.0034636932286051803,93.5,125.63,0.9003,1.078,1
2023-06-09,-4.292766754052657e-4,-0.0026880999262521854,0.0017927201755973954,0.003815450117250485,-0.008386788616206786,0.03582733554616446,0.013124705880590781,0.0060303099719352105,93.34,122.51,0.9026,1.0749,1
2023-06-12,-0.00905764225635064,-8.793141916312308e-4,0.009030974890538168,0.016755871117041465,-0.043686414047204636,-4.292766754052657e-4,-0.0026880999262521854,0.0017927201755973954,91.62,125.12,0.9099,1.0747,1
2023-06-13,-0.016601517152541767,-0.007394769086801034,0.00657126184219603,0.007654614232073698,0.031053320473263035,-0.00905764225635064,-8.793141916312308e-4,0.009030974890538168,90.59,125.28,0.9053,1.0792,0
2023-06-14,0.010953012019196962,5.537405313429389e-4,0.0011901493668862173,0.007241240703863561,-0.005001220394423633,-0.016601517152541767,-0.007394769086801034,0.00657126184219603,90.15,127.7,0.8972,1.0859,1
2023-06-15,-0.0017444400411497085,0.0070059588727735544,0.012321418015092789,0.011845389535869444,0.025232894141463014,0.010953012019196962,5.537405313429389e-4,0.0011901493668862173,91.26,128.74,0.8927,1.0933,1
2023-06-16,0.011284841978880689,-0.0015404085127732614,-0.007119727147828492,-0.006312758877026425,0.014715356330195384,-0.0017444400411497085,0.0070059588727735544,0.012321418015092789,90.85,130.68,0.8943,1.0925,1
2023-06-20,-0.04276604956605112,-0.010404654160195648,-0.005201690867264297,-0.002803371322767312,-0.006704632584116688,0.011284841978880689,-0.0015404085127732614,-0.007119727147828492,88.9,128.22,0.8993,1.09,1
2023-06-21,-0.01910017137341935,-0.001447500531106094,-0.005136919061015099,-0.013721400791539828,0.01737016378153644,-0.04276604956605112,-0.010404654160195648,-0.005201690867264297,87.49,124.61,0.895,1.0951,0
2023-06-22,-0.015733781302213146,-0.009966487872655527,0.0036031939838423455,0.011729775868136727,-0.03951595968627952,-0.01910017137341935,-0.001447500531106094,-0.005136919061015099,85.33,118.86,0.8967,1.0953,0
2023-06-23,0.002794598931015635,0.0027535068393147455,-0.007588685638426185,-0.009962893403060669,-0.0016007687106425195,-0.015733781302213146,-0.009966487872655527,0.0036031939838423455,84.89,118.64,0.8979,1.0887,0
2023-06-26,0.016147986407982096,0.001738107022751123,-0.00409414785728579,-0.01349608110904743,0.004954065266018048,0.002794598931015635,0.0027535068393147455,-0.007588685638426185,85.64,120.3964,0.8946,1.091,1
2023-06-27,0.0041105333054849424,-0.00460416310247691,0.01090362458247185,0.017047993650117554,-0.023059959166485733,0.016147986407982096,0.001738107022751123,-0.00409414785728579,85.52,120.12,0.8941,1.0961,1
2023-06-28,-0.007319337342269527,-0.0023100553980643923,5.042633278211639e-4,0.0019495592209448631,0.019706662611110204,0.0041105333054849424,-0.00460416310247691,0.01090362458247185,84.46,116.36,0.8975,1.0904,1
2023-06-29,-0.006448663526533505,-0.0010723256382112467,0.003933681458931915,-0.0020045314599776987,0.007013098555871622,-0.007319337342269527,-0.0023100553980643923,5.042633278211639e-4,82.94,113.53,0.8984,1.0881,0
2023-06-30,0.00965746756331809,0.0066411770430621075,0.011731604160897469,0.015302454814364097,0.009327393526315397,-0.006448663526533505,-0.0010723256382112467,0.003933681458931915,83.65,113.78,0.8947,1.092,1
2023-07-03,0.0041105333054849424,0.0011212649041540956,0.0011498530131603957,0.0023522742727726254,-0.0025208773393883277,0.00965746756331809,0.0066411770430621075,0.011731604160897469,84.28,113.4219,0.8956,1.0919,0
2023-07-05,0.010428568781136072,-0.0035362502119831163,-0.0014882968516367612,-2.7006224936343415e-5,0.01937257897872957,0.0041105333054849424,0.0011212649041540956,0.0011498530131603957,84.98,116.1,0.898,1.0868,0
2023-07-06,-0.01820714838176407,-0.0029846565870439434,-0.007861479788647152,-0.007645007007421434,-0.0029441409660302398,0.010428568781136072,-0.0035362502119831163,-0.0014882968516367612,83.85,114.69,0.8965,1.0873,1
2023-07-07,0.017304621244688345,0.0074729944630052,-0.0025278705345801455,-0.0033256129873322493,0.021644869880516282,-0.01820714838176407,-0.0029846565870439434,-0.007861479788647152,84.4,115.5,0.8887,1.0964,1
2023-07-10,0.0013534854310766065,7.833921278042055e-4,0.0025278705345801455,3.2760033052969817e-4,-0.0047187849186212105,0.017304621244688345,0.0074729944630052,-0.0025278705345801455,86.01,114.6,0.8869,1.0991,0
2023-07-11,-4.509582940008805e-4,0.0037406179339098955,0.0063483639498702615,0.004928331486819815,0.022479637099197092,0.0013534854310766065,7.833921278042055e-4,0.0025278705345801455,85.78,115.4,0.8805,1.0992,1
2023-07-12,0.04239045261512775,0.013450511363193307,0.008013729182130724,0.012550941419493533,0.012453830345800831,-4.509582940008805e-4,0.0037406179339098955,0.0063483639498702615,87.91,118.64,0.8676,1.1123,0
2023-07-13,0.02771441501928784,7.145016655067948e-4,0.007905532586094388,0.016836175705845058,0.01781589178503662,0.04239045261512775,0.013450511363193307,0.008013729182130724,89.95,119.41,0.8595,1.1194,0
2023-07-14,0.004196397261765572,-0.0031917262402449964,-6.230252526746582e-4,-2.1102054890942412e-4,-0.02372694786136975,0.02771441501928784,7.145016655067948e-4,0.007905532586094388,89.77,117.75,0.8616,1.1237,0
2023-07-17,-0.002095997413750439,7.162732061933852e-4,0.003466207976486224,0.009295309024211384,-0.013278822492455156,0.004196397261765572,-0.0031917262402449964,-6.230252526746582e-4,90.45,118.92,0.8602,1.1236,0
2023-07-18,0.007941525541186767,0.011391141792756798,0.007403103322491944,0.008147373759403997,0.02051506465685282,-0.002095997413750439,7.162732061933852e-4,0.003466207976486224,90.85,121.72,0.8582,1.1223,1
2023-07-19,0.004983399017548074,1.6334975942200458e-4,0.0022212701157515724,-2.3334500164295946e-4,-0.003980838283215604,0.007941525541186767,0.011391141792756798,0.007403103322491944,90.02,120.89,0.8598,1.1195,0
2023-07-20,-0.018817197498691485,-0.005076291569968916,-0.006656552163950558,-0.023321842425391814,0.005304270576958814,0.004983399017548074,1.6334975942200458e-4,0.0022212701157515724,88.39,118.24,0.8671,1.1135,1
2023-07-21,-0.0038063061391295783,-0.003069168253810872,0,-0.003003763605650356,0.013718837460542588,-0.018817197498691485,-0.005076291569968916,-0.006656552163950558,88.92,119.26,0.8658,1.112,0
2023-07-24,-0.010649727916658414,-0.004290671635627241,0.004457299023287398,0.0015960421551026727,0.024342553624845387,-0.0038063061391295783,-0.003069168253810872,0,88.5,118.26,0.8664,1.1083,0
2023-07-25,0.01276613082303557,0.005552363017786277,0.0027263549713687496,0.006754903103520782,0.006626742614772141,-0.010649727916658414,-0.004290671635627241,0.004457299023287398,89.55,118.7,0.8644,1.105,0
2023-07-26,0.013022658309306934,0.0048672541468368635,1.5368571301976885e-4,-0.0033320141894570554,-0.007051220866635788,0.01276613082303557,0.005552363017786277,0.0027263549713687496,89.3,116.91,0.8625,1.1078,1
2023-07-27,-0.03568772944307197,-0.015836688617167027,-0.006652006907575725,-0.0023868258606363213,0.010838307235882638,0.013022658309306934,0.0048672541468368635,1.5368571301976885e-4,86.43,114.01,0.8686,1.0998000000000001,1
2023-07-28,0.008613317678114907,0.007949694069274038,0.009742657417475264,0.018050746651300464,0.009197389249605337,-0.03568772944307197,-0.015836688617167027,-0.006652006907575725,86.5,115.01,0.8687,1.1039,1
2023-07-31,0.01700721264723315,0.0026907569569223355,0.0019022428143200543,5.214036303531344e-4,0.014870162479451388,0.008613317678114907,0.007949694069274038,0.009742657417475264,87.89,118.33,0.8688,1.102,0
2023-08-01,-0.01829449023327534,-0.010418770688334078,-0.0028656762148759896,-0.0023223359035551283,-0.0028741551298621104,0.01700721264723315,0.0026907569569223355,0.0019022428143200543,86.06,114.35,0.8763,1.0971,0
2023-08-02,-0.023898595573859538,-0.0047769906982555455,-0.01400845753229607,-0.022188501090568913,-0.020493655474848715,-0.01829449023327534,-0.010418770688334078,-0.0028656762148759896,85.3,114.97,0.8779,1.0939,1
2023-08-03,-0.006175582044149586,-3.3413153955752506e-4,-0.002869953136228176,-0.0016038924553543055,0.022957722430007266,-0.023898595573859538,-0.0047769906982555455,-0.01400845753229607,84.45,115.74,0.8742,1.0947,1
2023-08-04,0.0017683470567417814,0.0036138254101807377,-0.004533028473386658,-0.004692767015404442,0.00884780834904042,-0.006175582044149586,-3.3413153955752506e-4,-0.002869953136228176,85.16,116.4228,0.8713,1.1036,1
2023-08-07,-0.02142939145589917,-0.002277968593469737,0.008690668835189541,0.008431188950594581,4.0647653157677155e-4,0.0017683470567417814,0.0036138254101807377,-0.004533028473386658,85.28,114.7,0.8742,1.1,0
2023-08-08,-0.01454571100237878,-0.006361273613350704,-0.0043581773559804304,-0.008538710051714915,0.003245877883614412,-0.02142939145589917,-0.002277968593469737,0.008690668835189541,83.51,113.54,0.8757,1.0951,1
2023-08-09,-0.004129393342011234,-0.0047695290034219795,-0.006707683059238079,-0.011055511232556547,0.013944983284623014,-0.01454571100237878,-0.006361273613350704,-0.0043581773559804304,82.45,114.42,0.877,1.0975,1
2023-08-10,9.191177117631177e-4,-0.0010692479704106361,3.58881191748317e-4,0.0018465721472473717,-0.012056408596754942,-0.004129393342011234,-0.0047695290034219795,-0.006707683059238079,84.13,119.09,0.8736,1.1016,1
2023-08-11,-9.191177117631177e-4,0,-5.832473582723097e-4,-0.0063960589835803106,6.736275094745281e-4,9.191177117631177e-4,-0.0010692479704106361,3.58881191748317e-4,84.45,119.57,0.8765,1.0957,1
2023-08-14,-0.004608303086194088,-0.0030451723751667714,0.0055048474135848124,0.011159648255041787,-0.005943553900848109,-9.191177117631177e-4,0,-5.832473582723097e-4,83.54,117.51,0.8775,1.0922,1
2023-08-15,-0.001386642237436675,-0.0026579967578701513,-0.011717305776205222,-0.010668287996200121,-0.016253857795771154,-0.004608303086194088,-0.0030451723751667714,0.0055048474135848124,82.36,113.7,0.8769,1.0928,1
2023-08-16,-0.006031101556643215,-0.005792837643915583,-0.007365222013405948,-0.01064540342832565,-0.017362753003213882,-0.001386642237436675,-0.0026579967578701513,-0.011717305776205222,81.81,111.78,0.8786,1.0904,1
2023-08-17,0.011566171038644324,-0.001539031853928563,-0.007649050342971364,-0.01098302586749167,0.0085106896679088,-0.006031101556643215,-0.005792837643915583,-0.007365222013405948,82.62,112.635,0.8792,1.0874,1
2023-08-18,0.003673098711861389,1.711205548486916e-4,4.8121542192802735e-4,-0.001255738190154787,0.011190280479281611,0.011566171038644324,-0.001539031853928563,-0.007649050342971364,84.18,115.84,0.8817,1.0875,1
2023-08-21,0.02355181323612987,0.002733953972660963,0.0064852255063829745,0.01598305564098812,-0.0028891813452416315,0.003673098711861389,1.711205548486916e-4,4.8121542192802735e-4,84.17,114.877,0.8799,1.0888,1
2023-08-22,0.004466287013441317,0.0016481490474618,-0.0027122832841799394,-0.0014299859438198226,-0.004141936060896967,0.02355181323612987,0.002733953972660963,0.0064852255063829745,84.99,115.41,0.88,1.0846,1
2023-08-23,0.03760827991715887,0.010113366235017907,0.011076170340667879,0.015645583923396877,-0.012809977452273635,0.004466287013441317,0.0016481490474618,-0.0027122832841799394,85.82,118.18,0.8785,1.0862,1
2023-08-24,-0.008187936285365183,-2.2488334271386634e-4,-0.01395604067992906,-0.021607511602174334,7.004272892645602e-4,0.03760827991715887,0.010113366235017907,0.011076170340667879,86.4,114.09,0.8825,1.0826,1
2023-08-25,0.004317796000055996,-0.0012940615641063857,0.00702509560704101,0.007721620186744715,0.014458753205673247,-0.008187936285365183,-2.2488334271386634e-4,-0.01395604067992906,87.21,113.2,0.886,1.0787,1
2023-08-28,8.613264959724809e-4,0.0028671839740361804,0.006321319747783605,0.007498871999437995,-5.522573659622054e-4,0.004317796000055996,-0.0012940615641063857,0.00702509560704101,89.34,115.32,0.8832,1.081,1
2023-08-29,0.021295523665354033,0.009720746935485636,0.01435130918691474,0.02160482128954566,0.012489011570774977,8.613264959724809e-4,0.0028671839740361804,0.006321319747783605,90.38,115,0.8798,1.0851,1
2023-08-30,-0.006341175338447247,0.002498682551586917,0.004110340501526366,0.005561261223099301,0.004626488045414767,0.021295523665354033,0.009720746935485636,0.01435130918691474,90.18,113.7,0.8772,1.0926,0
2023-08-31,-0.007662872745568983,-0.0016650944625267172,-0.0014644539761121678,0.0029939745488478664,0.01882788268995572,-0.006341175338447247,0.002498682551586917,0.004110340501526366,89.55,113.37,0.8837,1.0839,0
2023-09-01,-0.0103093696588612,4.998195200265343e-4,0.0018634785879241278,-0.0010587893733768894,0.024478127013703777,-0.007662872745568983,-0.0016650944625267172,-0.0014644539761121678,88.68,112.61,0.8857,1.0787,1
2023-09-05,-0.02536209398327882,-0.008195167817063975,-0.0043312707228411185,0.0012704127902969375,0.010861239431604552,-0.0103093696588612,4.998195200265343e-4,0.0018634785879241278,85.68,112.83,0.8888,1.0727,0
2023-09-06,-0.01652192081517967,-0.004544569776332885,-0.006745162151570838,-0.008846911489746034,0.009726209256077034,-0.02536209398327882,-0.008195167817063975,-0.0043312707228411185,84.37,112.35,0.8924,1.0714,1
2023-09-07,-0.008591506611802302,0.0010678657752158927,-0.003074957252487742,-0.007177320580525226,-0.007285773904475157,-0.01652192081517967,-0.004544569776332885,-0.006745162151570838,83.77,112.15,0.8927,1.0704,0
2023-09-08,-0.0018181823190586144,3.369839964495469e-4,0.0015049925906369666,0.001396648271721368,0.004480007492972504,-0.008591506611802302,0.0010678657752158927,-0.003074957252487742,82.62,110.14,0.8927,1.0709,0
2023-09-11,0.006801205087483275,0.001851384859377525,0.006555053282598422,0.011713828823324945,8.935980680151445e-4,-0.0018181823190586144,3.369839964495469e-4,0.0015049925906369666,83.23,112.64,0.891,1.0744,0
2023-09-12,-0.0013565455392514636,-0.005170003086357511,-0.005500662319977145,-0.011150350267556952,0.016828384731396362,0.006801205087483275,0.001851384859377525,0.006555053282598422,84.05,114,0.8913,1.0726,1
2023-09-13,-0.009090971701251949,-0.002312661436314478,0.0011652662382966028,0.0038018787427649414,-2.5097251982675317e-4,-0.0013565455392514636,-0.005170003086357511,-0.005500662319977145,83.32,115.37,0.8925,1.0737,0
2023-09-14,-0.010096460251009631,5.081157484054799e-4,0.00858546645259839,0.008143974324486436,0.017910926566530705,-0.009090971701251949,-0.002312661436314478,0.0011652662382966028,83.83,114.89,0.8949,1.066,1
2023-09-15,0.01737583725391101,0.006582117094387385,-0.015642627040338475,-0.017271309440242355,0.0020934679156079383,-0.010096460251009631,5.081157484054799e-4,0.00858546645259839,85.64,115.19,0.896,1.0673,1
2023-09-18,0.009474467443919998,0.005870366004265826,5.862457890559725e-4,-4.046016751759751e-4,0.001966327289572689,0.01737583725391101,0.006582117094387385,-0.015642627040338475,86.14,114.9085,0.8964,1.0695,0
2023-09-19,-4.491354218774113e-4,-9.481052549258351e-4,-0.0020759535401797535,-0.0021336078205926867,6.136851987630365e-4,0.009474467443919998,0.005870366004265826,5.862457890559725e-4,86.96,116.14,0.8979,1.0684,1
2023-09-20,0.0031397200046674456,7.251025222183571e-4,-0.00923589704767469,-0.014515307751783446,-0.016827915038818198,-4.491354218774113e-4,-9.481052549258351e-4,-0.0020759535401797535,85.79,116.21,0.8953,1.0715,1
2023-09-21,0.004468282680050617,-0.007274794254504613,-0.016666477752473874,-0.018494436333071462,0.0033634413520591266,0.0031397200046674456,7.251025222183571e-4,-0.00923589704767469,84.88,116.4351,0.9033,1.0664,1
2023-09-22,0.006222242297327263,0.003196234531952946,-0.002251077173879956,1.3970968350474067e-4,0.0027322421368731753,0.004468282680050617,-0.007274794254504613,-0.016666477752473874,85.58,115.23,0.9064,1.066,1
2023-09-25,-0.017881567201224247,-0.005163909095133867,0.004196377803539875,0.004738552739897095,-0.0029809983570618925,0.006222242297327263,0.003196234531952946,-0.002251077173879956,84.17,113.86,0.912,1.0591,1
2023-09-26,-0.012253386805765043,-0.008023095186819873,-0.014800237526573667,-0.01513015329998968,0.006076784372346822,-0.017881567201224247,-0.005163909095133867,0.004196377803539875,83.46,112.94,0.9144,1.0573,1
2023-09-27,-0.012405396857487538,-0.01244379319964306,3.9909382755975997e-4,0.0023405015971551535,0.02466848742903327,-0.012253386805765043,-0.008023095186819873,-0.014800237526573667,82.11,112.56,0.9198,1.051,1
2023-09-28,0.0027700848738154704,-0.005009655483293685,0.0057807011203925285,0.008330459787192268,-0.016173514828760283,-0.012405396857487538,-0.01244379319964306,3.9909382755975997e-4,83.76,117.38,0.915,1.0578,1
2023-09-29,-0.020023951924981187,-0.01032851238192034,-0.0024299077376612743,7.259731150366378e-4,-0.008742283099864245,0.0027700848738154704,-0.005009655483293685,0.0057807011203925285,83.62,115.08,0.9141,1.0584,1
2023-10-02,-0.046699219076078435,-0.01055418767868943,-3.977585190311217e-4,0.008311028617899119,-0.01834684847560286,-0.020023951924981187,-0.01032851238192034,-0.0024299077376612743,81.2,111.49,0.9176,1.05,1
2023-10-03,9.852217545698316e-4,-0.0028924786259514335,-0.013476467356901445,-0.017705508737274833,0.0067788359009055554,-0.046699219076078435,-0.01055418767868943,-3.977585190311217e-4,80.515,108.8582,0.9226,1.0453,1
2023-10-04,-0.006917023626172636,-1.1823825021206602e-4,0.0072555709728838735,0.013516933800340247,-0.05582725233384167,9.852217545698316e-4,-0.0028924786259514335,-0.013476467356901445,80.25,108.15,0.916,1.0518,1
2023-10-05,-0.0024820067345818764,-0.0018344828649734524,-3.7684300224505307e-4,-0.002950840067809324,-0.021394050366626338,-0.006917023626172636,-1.1823825021206602e-4,0.0072555709728838735,79.63,106.03,0.9141,1.0527,1
2023-10-06,0.024547133357275097,0.005139880751078074,0.01180286288474619,0.0166165921149668,0.0022949723201399763,-0.0024820067345818764,-0.0018344828649734524,-3.7684300224505307e-4,81.13,106.6523,0.9082,1.0596,1
2023-10-10,0.012530284425624316,0.016538962153592074,0.011573131670946424,0.010609817373202546,0.033807156713605124,0.024547133357275097,0.005139880751078074,0.01180286288474619,81.48,108.45,0.9039,1.0618,1
2023-10-11,0.009532960658723333,0.007276539382869984,0.0040879187901836644,0.007109963583115331,-0.013650297264773847,0.012530284425624316,0.016538962153592074,0.011573131670946424,81.92,107.74,0.9025,1.062,1
2023-10-12,-0.010012002584052215,-0.003054317314648891,-0.00611510216120692,-0.0034810802204034985,-0.003309288876219618,0.009532960658723333,0.007276539382869984,0.0040879187901836644,80.12,104.5626,0.9064,1.0553,1
2023-10-13,0.0403810731792289,0.03164227743795145,-0.004993306412589327,-0.012649615769063871,0.04624877034611696,-0.010012002584052215,-0.003054317314648891,-0.00611510216120692,81.36,105.84,0.9018,1.0502,1
2023-10-16,-0.005074982057275967,-0.004876827962104535,0.010466471736675587,0.011242955543069755,-0.007624893975696878,0.0403810731792289,0.03164227743795145,-0.004993306412589327,82.38,105.99,0.9007,1.0546,1
2023-10-17,0.011497022477614305,0.0018526321088376818,-4.5868403558024795e-5,-0.003280869525577046,0.005216628663202272,-0.005074982057275967,-0.004876827962104535,0.010466471736675587,82.8508,105.16,0.8995,1.0593,1
2023-10-18,0.0013708021337786036,0.014367103122745029,-0.013414652290806295,-0.013204669904526511,0.013111635139375188,0.011497022477614305,0.0018526321088376818,-4.5868403558024795e-5,81.75,104.682,0.8985,1.0532,1
2023-10-19,0.007732583446189878,0.01219929405508946,-0.008825234716264063,-0.009400904250044029,0.022784541853202,0.0013708021337786036,0.014367103122745029,-0.013414652290806295,82.2132,102.44,0.8956,1.057,1
2023-10-20,0.013054428018253628,0.0027271752476014655,-0.012364188561956091,-0.01503030100429914,-0.012070598580507408,0.007732583446189878,0.01219929405508946,-0.008825234716264063,82.67,101.76,0.8918,1.0592,1
2023-10-23,-0.015322516992364754,-0.0033828054956401843,-0.0017346882505941963,0.0030129410208461493,-0.02268409816890493,0.013054428018253628,0.0027271752476014655,-0.012364188561956091,82.81,103.99,0.8919,1.0646,1
2023-10-24,-0.0018181823190586144,-1.0931351125886835e-4,0.007511082712291284,0.009681105270433754,-0.025158559636154543,-0.015322516992364754,-0.0033828054956401843,-0.0017346882505941963,82.07,103.7016,0.8935,1.0595,1
2023-10-25,-0.004103037440703616,0.004199967992377651,-0.014456135150032523,-0.024780328407886465,0.019693023310562552,-0.0018181823190586144,-1.0931351125886835e-4,0.007511082712291284,83.56,103.42,0.8951,1.0583,1
2023-10-26,-0.0041199417397281834,0.0015772445006900782,-0.01204688704888568,-0.019251315004901848,-0.020213111737317213,-0.004103037440703616,0.004199967992377651,-0.014456135150032523,83.54,104.14,0.8995,1.0532,1
2023-10-27,0.015475957485447278,0.011562696360442715,-0.004543088119588035,0.004789767782360954,0.018937764032251003,-0.0041199417397281834,0.0015772445006900782,-0.01204688704888568,83.26,103.32,0.9021,1.0592,1
2023-10-30,0.008992866360563845,-0.0056565807392736644,0.011884874907132748,0.011202259664486292,-0.029922574371037847,0.015475957485447278,0.011562696360442715,-0.004543088119588035,86.11,103.7322,0.9017,1.062,1
2023-10-31,-0.018979331561239654,-0.005471451120981463,0.0062605896566365615,0.004770960526003343,-0.013636274051560981,0.008992866360563845,-0.0056565807392736644,0.011884874907132748,86.04,103.46,0.91,1.0568,1
2023-11-01,4.5610034998189164e-4,-0.003155606535887756,0.010608286339472528,0.017207946192772106,-0.0036055323829451424,-0.018979331561239654,-0.005471451120981463,0.0062605896566365615,85.1,102.15,0.9103,1.0538,1
2023-11-02,-0.0059455926347533605,0.003318557026458002,0.01898301712667383,0.017990490766925937,0.01894974877966238,4.5610034998189164e-4,-0.003155606535887756,0.010608286339472528,85.15,102.65,0.9061,1.0618,1
2023-11-03,0.01773176714945901,0.0036323262402930823,0.00908204289863157,0.011680362570035463,-0.01761285018482095,-0.0059455926347533605,0.003318557026458002,0.01898301712667383,85.9007,103.2217,0.8984,1.0733,1
2023-11-06,-0.006329135051647228,-0.007823150671999457,0.0022978479285109543,0.004071003831171538,8.012820941543097e-4,0.01773176714945901,0.0036323262402930823,0.00908204289863157,83.6,102.38,0.8969,1.0747,0
2023-11-07,-0.01738378634458737,-0.004153692368692674,0.002842017910728245,0.009408218632857235,-0.04240291690561371,-0.006329135051647228,-0.007823150671999457,0.0022978479285109543,82.42,97.58,0.9005,1.0687,1
2023-11-08,-0.0036985710215517997,-0.010017697161878836,7.321147001606576e-4,6.437423107348295e-4,-0.02267862531184761,-0.01738378634458737,-0.004153692368692674,0.002842017910728245,80.2,97.17,0.898,1.0715,1
2023-11-09,0.0023132094515649904,0.003975050781546585,-0.007829311365906477,-0.007725371862505881,8.544574715250164e-4,-0.0036985710215517997,-0.010017697161878836,7.321147001606576e-4,79.5,91.99,0.8996,1.071,1
2023-11-13,-0.01255538464722461,-0.005414377867939635,0.014530649354679959,0.019109884609123995,0.037302641596606456,0.0023132094515649904,0.003975050781546585,-0.007829311365906477,79.93,91,0.9014,1.07,0
2023-11-14,0.03494608473190208,0.00887963256621127,0.01921491867668479,0.02129804846520056,-0.0031591263139176817,-0.01255538464722461,-0.005414377867939635,0.014530649354679959,82.1,94.2,0.8905,1.0861,1
2023-11-15,0.013465194469158615,-0.0026391042368310025,0.0021148481296497934,7.523186034834595e-4,-0.018746643565799026,0.03494608473190208,0.00887963256621127,0.01921491867668479,82.93,95.38,0.8872,1.0853,0
2023-11-16,0.013726139790272818,0.011222847928222812,0.0012223446088626133,8.553987846138256e-4,-0.04721445083327058,0.013465194469158615,-0.0026391042368310025,0.0021148481296497934,82.66,95.99,0.8882,1.0851,0
2023-11-17,-4.398504579379292e-4,-1.0888501752948088e-4,0.0012430358307398137,2.3316364307213178e-4,0.038909807425872245,0.013726139790272818,0.011222847928222812,0.0012223446088626133,83.03,97.26,0.887,1.0879,0
2023-11-20,-0.011504551667214091,-0.0016346995793705688,0.007668122209848249,0.012101386124554026,0.021671592641371973,-4.398504579379292e-4,-1.0888501752948088e-4,0.0012430358307398137,85.01,99.5,0.8841,1.0945,1
2023-11-21,0.012823523060892406,0.010739960035667906,-0.002181746923411332,-0.005826430414630934,0.0031761402106020853,-0.011504551667214091,-0.0016346995793705688,0.007668122209848249,86.2,99.35,0.8831,1.0923,0
2023-11-22,-0.00484475732908729,-0.004271315731243064,0.0038533996090093225,0.0040846266955743005,-0.012765540356472371,0.012823523060892406,0.010739960035667906,-0.002181746923411332,85.25,97.43,0.8853,1.0871,0
2023-11-24,0.027864231967206443,0.005188079081777985,6.151683118682527e-4,-0.0014110345222499987,-0.011093282335091104,-0.00484475732908729,-0.004271315731243064,0.0038533996090093225,85.7,99.42,0.8818,1.0934,0
2023-11-27,0.013222628135315162,0.006715220378239906,-0.0018026340918648742,-8.732727734299672e-4,-0.012217796533356307,0.027864231967206443,0.005188079081777985,6.151683118682527e-4,84.86,98.69,0.8811,1.0937,0
2023-11-28,0.01597343756780356,0.013243817754570841,9.896527126995736e-4,0.002617533828721541,0.018411510027289246,0.013222628135315162,0.006715220378239906,-0.0018026340918648742,86.9,97.15,0.8763,1.1007,0
2023-11-29,-0.0020872476790860794,0.0014783529619624147,-7.036524247494569e-4,-9.743590514448286e-4,0.01752722570896026,0.01597343756780356,0.013243817754570841,9.896527126995736e-4,85.75,94.86,0.8752,1.0969,1
2023-11-30,0.01039294326636453,-0.004176695912915029,0.0039297094510990505,-0.002517210822635896,-0.0333691411746182,-0.0020872476790860794,0.0014783529619624147,-7.036524247494569e-4,85.75,93.52,0.8725,1.0908,1
2023-12-01,0.008237278866478626,0.017124065875691485,0.005898433267256031,0.0028506510309185273,-0.012914514404023691,0.01039294326636453,-0.004176695912915029,0.0039297094510990505,86.23,92.5,0.8706,1.0878,1
2023-12-04,-0.037188325382303766,-0.021850449438455932,-0.005263227515904134,-0.00932683956902558,-0.011183037175037214,0.008237278866478626,0.017124065875691485,0.005898433267256031,84.86,89.94,0.873,1.0824,1
2023-12-05,-0.015444322427473622,-0.0037865702159312065,-1.9708964357700864e-4,0.002507724844133641,-0.013083611846827381,-0.037188325382303766,-0.021850449438455932,-0.005263227515904134,83.1,86.43,0.876,1.0787,0
2023-12-06,-0.009120584396808962,0.0036801022892936075,-0.004037926834789651,-0.0058005704241610445,-0.0426239524767098,-0.015444322427473622,-0.0037865702159312065,-1.9708964357700864e-4,82.12,87.68,0.8741,1.079,1
2023-12-07,-0.005249355886143725,0.0016489803997146169,0.007601434207504809,0.013875499863604368,0.005390018439336508,-0.009120584396808962,0.0036801022892936075,-0.004037926834789651,83.68,89.7839,0.8758,1.0794,0
2023-12-08,-0.033447934067539986,-0.013430202666471658,0.004289936132854777,0.004446723401826169,0.021574826505025513,-0.005249355886143725,0.0016489803997146169,0.007601434207504809,84.52,87.0374,0.881,1.0746,1
2023-12-11,-0.00865411914446268,-0.01110430390086048,0.003882068224571711,0.008505935578581258,0.004050106788803909,-0.033447934067539986,-0.013430202666471658,0.004289936132854777,84.11,88.64,0.8795,1.0747,0
2023-12-12,-0.0027485129533491026,-5.448403752525977e-4,0.004556800421292806,0.00793265218225514,-0.03892135676727104,-0.00865411914446268,-0.01110430390086048,0.003882068224571711,85.86,90.53,0.8757,1.079,1
2023-12-13,0.04265517560191601,0.022311768402420995,0.01369591277830473,0.012637099416755504,0.01666962507732972,-0.0027485129533491026,-5.448403752525977e-4,0.004556800421292806,86.43,92.68,0.8761,1.0793,1
2023-12-14,0.018293193047325573,0.005845483750764657,0.0032042127763691752,-8.672705064558528e-4,0.02762648335668061,0.04265517560191601,0.022311768402420995,0.01369591277830473,88.42,101.96,0.8639,1.0997,1
2023-12-15,-0.014782877902580704,-0.00920880539546065,-0.005694026049874346,0.004822385169341636,-1.4890924009325346e-4,0.018293193047325573,0.005845483750764657,0.0032042127763691752,86.98,108.27,0.8688,1.0906,1
2023-12-18,-0.0017536172841112752,0.00453515516539138,0.005609278491612635,0.004283505232563378,0.013901436525628696,-0.014782877902580704,-0.00920880539546065,-0.005694026049874346,87.14,109,0.8682,1.092,1
2023-12-19,0.01047587057500099,0.006790837280385098,0.006062480941791293,0.0050965512650762435,0.018479972977411663,-0.0017536172841112752,0.00453515516539138,0.005609278491612635,87.88,113.27,0.8609,1.0977,0
2023-12-20,8.68055610063756e-4,-0.005460872993378274,-0.013954207975986677,-0.014971224176605347,-0.008251946934364263,0.01047587057500099,0.006790837280385098,0.006062480941791293,88.43,109.95,0.8615,1.0957,1
2023-12-21,0.012931214672248448,0.00704582683320254,0.009437240589844187,0.011568236548809452,0.003482807177461744,8.68055610063756e-4,-0.005460872993378274,-0.013954207975986677,89.07,111.95,0.8577,1.099,1
2023-12-22,-0.009898940310729465,0.0044245529121216265,0.0020077145223522663,0.0014948235338776428,-0.004937564489593704,0.012931214672248448,0.00704582683320254,0.009437240589844187,89.74,110.85,0.8564,1.1008,1
2023-12-26,0.005176888179533545,0.00759185823912123,0.004213637330922282,0.006103087566653009,0.02188712280336702,-0.009898940310729465,0.0044245529121216265,0.0020077145223522663,90.65,107.92,0.8552,1.1035,0
2023-12-27,4.302000496552161e-4,0.0045276026446900985,0.0018064195804470273,0.0015078190555826154,-0.018544339369428897,0.005176888179533545,0.00759185823912123,0.004213637330922282,91.8,106.49,0.8417,1.1114,0
2023-12-28,-0.010810916104215806,-0.005832438551006902,3.7767520381848385e-4,-4.8614488074605333e-4,-0.02557082747558148,4.302000496552161e-4,0.0045276026446900985,0.0018064195804470273,92.48,104.19,0.8396,1.1073,0
2023-12-29,-0.010050335853501569,-0.0015680538441866787,-0.002899161694518426,-0.004337133087050304,-0.007920537559429341,-0.010810916104215806,-0.005832438551006902,3.7767520381848385e-4,91.16,101.09,0.8405,1.1062,1
2024-01-02,-0.005725626740666012,-0.00235670066394178,-0.005612065870819194,-0.01706706780154743,-0.01329123931145837,-0.010050335853501569,-0.0015680538441866787,-0.002899161694518426,90.42,99.79,0.8483,1.0957,1
2024-01-03,-0.02731309252073011,-0.00837177457662186,-0.008200249894120937,-0.010637866886129999,0.03613411921930165,-0.005725626740666012,-0.00235670066394178,-0.005612065870819194,89.63,98.82,0.8523,1.0909,0
2024-01-04,9.074410786031883e-4,0.0010040957376835635,-0.0032262572452186333,-0.005159775356821328,-0.009133828968478142,-0.02731309252073011,-0.00837177457662186,-0.008200249894120937,88.13,95.67,0.8503,1.0957,1
2024-01-05,0.005878380029365804,1.5844930975728033e-4,0.0013686914027166708,0.0011853273016892985,0.021377095151301262,9.074410786031883e-4,0.0010040957376835635,-0.0032262572452186333,88.75,94.8218,0.8486,1.0957,1
2024-01-08,-0.004065964490195029,-0.00784692006859622,0.014175002866892328,0.02045724328848042,-0.03884413623299565,0.005878380029365804,1.5844930975728033e-4,0.0013686914027166708,87.26,92.11,0.8466,1.0976,1
2024-01-09,-0.004992068456550758,3.1931878930180346e-4,-0.0015182189151046188,0.001973603699701343,0.014799582475736983,-0.004065964490195029,-0.00784692006859622,0.014175002866892328,85.91,90.15,0.8515,1.0935,1
2024-01-10,-0.003646312153020137,-0.0022907076580445107,0.0056395082338740465,0.006754707905357371,-0.01239284244517247,-0.004992068456550758,3.1931878930180346e-4,-0.0015182189151046188,84.9,92.2,0.8514,1.096,1
2024-01-11,-0.005494519317640556,0.0019713888687427072,-4.407551676441912e-4,0.002078621522399793,0.016243558103844258,-0.003646312153020137,-0.0022907076580445107,0.0056395082338740465,84.57,91.39,0.8556,1.0943,1
2024-01-12,0.01819886441740648,0.009746356085246433,6.925280698171221e-4,5.128768841586862e-4,0.005454424962252347,-0.005494519317640556,0.0019713888687427072,-4.407551676441912e-4,83.49,90.19,0.8523,1.0959,1
2024-01-16,-0.010423842401040773,-0.009533465563393406,-0.003677981468809044,-9.767055728815421e-5,-0.011384761097101403,0.01819886441740648,0.009746356085246433,6.925280698171221e-4,82.76,86.23,0.8604,1.0882,1
2024-01-17,-0.016536894994464202,-0.01107703633890722,-0.005574221059148954,-0.005656719257778775,0.010207944250489653,-0.010423842401040773,-0.009533465563393406,-0.003677981468809044,81.67,84.7,0.8667,1.0858,0
2024-01-18,0.008302630719740023,0.008199183148267508,0.0088535328205257,0.014094356701281896,0.0163507292294085,-0.016536894994464202,-0.01107703633890722,-0.005574221059148954,83.57,86.86,0.8685,1.0863,1
2024-01-19,-0.00691406303539388,0.002984281458088489,0.01238909601886995,0.019636916158801476,-0.0034812915925117593,0.008302630719740023,0.008199183148267508,0.0088535328205257,82.91,87.42,0.8694,1.0887,1
2024-01-22,-0.022924980583096666,-0.0037851571249110094,0.002112064395513258,0.0013050030918027034,0.012562435081092893,-0.00691406303539388,0.002984281458088489,0.01238909601886995,82.42,86.43,0.8686,1.0895,0
2024-01-23,0.017359103505651508,0.0038915740665883547,0.002912292543855166,0.004140988631744058,-4.3057051257289203e-4,-0.022924980583096666,-0.0037851571249110094,0.002112064395513258,83.19,87.41,0.8718,1.0829,0
2024-01-24,0.008798389705165999,-0.008281067758696636,0.0010925020411551856,0.005533918115283143,0.012553659870051526,0.017359103505651508,0.0038915740665883547,0.002912292543855166,83.08,89.12,0.8631,1.0901,1
2024-01-25,0.010091828768592048,0.003962097596276415,0.005424187858880991,0.0012203995975959003,0.023675547254849327,0.008798389705165999,-0.008281067758696636,0.0010925020411551856,82.22,86.76,0.8674,1.0837,0
2024-01-26,-0.0032000027306708922,-6.949084871381572e-4,-0.0012712213636785208,-0.005975363596375516,0.011972894692977576,0.010091828768592048,0.003962097596276415,0.005424187858880991,84.24,88.42,0.8635,1.0866,0
2024-01-29,0.016349138001529706,0.007033651846026778,0.007888216813165094,0.010188359880517694,-0.014468044310201655,-0.0032000027306708922,-6.949084871381572e-4,-0.0012712213636785208,85.8,90.85,0.864,1.0807,1
2024-01-30,-4.5055193373144675e-4,0.0013796033176181055,-7.738047140204429e-4,-0.006678799212612496,0.010492985961088053,0.016349138001529706,0.007033651846026778,0.007888216813165094,85.08,89.94,0.86240000000000006,1.0844,0
2024-01-31,-0.014983254196109907,-7.426268111290213e-4,-0.01645189452942919,-0.019780525494812018,-0.026300827200611998,-4.5055193373144675e-4,0.0013796033176181055,-7.738047140204429e-4,84.39,90.28,0.8587,1.0855,1
2024-02-01,0.014983254196109907,0.010346922273344106,0.013003228233532838,0.01170663664363758,-0.026431998105126198,-0.014983254196109907,-7.426268111290213e-4,-0.01645189452942919,84.28,88.75,0.8579,1.0865,1
2024-02-02,-0.021868753054302026,-0.009498250923408946,0.010472364530124345,0.01675931527123886,-0.02284474804710168,0.014983254196109907,0.010346922273344106,0.013003228233532838,82.23,87.2,0.8676,1.0787,1
2024-02-05,-0.014382061862394657,-0.005529281990829915,-0.003647790041453547,-0.0013061835645249431,0.009875531655977099,-0.021868753054302026,-0.009498250923408946,0.010472364530124345,82.98,87.44,0.8711,1.0736,1
2024-02-06,0.0037313476128582046,0.00521111463211632,0.0028990522367013938,-0.0020092525800778915,0.00919781650463225,-0.014382061862394657,-0.005529281990829915,-0.003647790041453547,83.3,87.34,0.8702,1.0751,0
2024-02-07,-0.010294896726862124,-2.6521681630065075e-4,0.008305829540848464,0.010237647292989926,0.008825927219251462,0.0037313476128582046,0.00521111463211632,0.0028990522367013938,81.22,82.51,0.8731,1.0769,1
2024-02-08,0.015865941776317616,-9.022636814099982e-4,4.415808666520249e-4,0.001850182076855944,0.02980212043161856,-0.010294896726862124,-2.6521681630065075e-4,0.008305829540848464,81.84,81.88,0.8736,1.0774,0
2024-02-09,0.0023121397583794057,-0.003883706634531414,0.005762782076023321,0.00979498312160132,0.002095119140569146,0.015865941776317616,-9.022636814099982e-4,4.415808666520249e-4,80.78,79.61,0.875,1.0782,1
2024-02-12,0.0032280406172358056,-0.002615357365982618,-4.3904289355989334e-4,-0.003920270039805551,0.006120480922840343,0.0023121397583794057,-0.003883706634531414,0.005762782076023321,82.01,82.4,0.8759,1.0774,1
2024-02-13,-0.028013036227673815,-0.013884627317755083,-0.013868732731996403,-0.015719917641799697,0.007460659087623611,0.0032280406172358056,-0.002615357365982618,-4.3904289355989334e-4,80.45,79.76,0.8863,1.072,1
2024-02-14,0.012235446758838364,-5.962867773909863e-4,0.009046553411184988,0.010838264767940586,-0.01525688401383185,-0.028013036227673815,-0.013884627317755083,-0.013868732731996403,81.94,86.05,0.8852,1.0735,1
2024-02-15,0.02585554925018485,0.006701278860790971,0.0068760390045055075,0.0029732772874977442,0.017868748856947114,0.012235446758838364,-5.962867773909863e-4,0.009046553411184988,82.7,87.83,0.8808,1.0761,1
2024-02-16,0.020302975763579312,0.0036559180504927014,-0.004992421903817323,-0.009109047124740144,0.007794911263282245,0.02585554925018485,0.006701278860790971,0.0068760390045055075,83.3,87.43,0.8813,1.0769,1
2024-02-20,-0.016209269796411352,0.006045870586820712,-0.00552060582839875,-0.007576765197903512,-0.013577661785194373,0.020302975763579312,0.0036559180504927014,-0.004992421903817323,83.25,90,0.8807,1.0814,1
2024-02-21,-0.00409370596716796,5.334044540550309e-5,9.054599852005296e-4,-0.0040097130856828755,0.01071291662977103,-0.016209269796411352,0.006045870586820712,-0.00552060582839875,81.51,87.74,0.8799,1.0818,1
2024-02-22,-0.007319337342269527,4.2662116688063634e-4,0.02048423885091033,0.028855280966608277,0.005449604767564509,-0.00409370596716796,5.334044540550309e-5,9.054599852005296e-4,82.87,88.91,0.8816,1.0815,1
2024-02-23,0.009140831470660693,0.005635614894353047,6.894174695677435e-4,-0.0029490791219854984,-0.023090635571465512,-0.007319337342269527,4.2662116688063634e-4,0.02048423885091033,82.8,89.7,0.8804,1.0828,1
2024-02-26,-0.019293202934679066,-0.0022291819644593147,-0.0036692221391820823,-5.267195798097646e-4,0.012024192966801017,0.009140831470660693,0.005635614894353047,6.894174695677435e-4,81.06,87.99,0.8801,1.0855,0
2024-02-27,-0.0013924346645244334,-0.001063264321330415,0.0018560207515774252,0.002402334850954979,0.014457425847222538,-0.019293202934679066,-0.0022291819644593147,-0.0036692221391820823,81.87,86.62,0.8792,1.0857,0
2024-02-28,-0.001859600721852761,0.001806877251968153,-0.0013225556858262877,-0.00533872291206805,-0.0031192810265139315,-0.0013924346645244334,-0.001063264321330415,0.0018560207515774252,81.01,85.2867,0.8786,1.0843,0
2024-02-29,0.010185273235781445,0.005137042939900915,0.0035885441826399855,0.008532884879468128,-0.0035379000026658503,-0.001859600721852761,0.001806877251968153,-0.0013225556858262877,80.94,86.89,0.8833,1.0807,1
2024-03-01,0.020064512600943996,0.018734195214330285,0.009344489258700683,0.014944716937797864,0.021575809981957406,0.010185273235781445,0.005137042939900915,0.0035885441826399855,81.51,87.56,0.8844,1.0832,1
2024-03-04,0.03198851154354543,0.01604560010103473,-0.001073013808262857,-0.0035745235501973838,-0.012754418720791527,0.020064512600943996,0.018734195214330285,0.009344489258700683,82.67,88.49,0.8841,1.0862,0
2024-03-05,-0.008783543515252124,0.00600205260641129,-0.010044420776265994,-0.01811269078977773,-0.007595316589488199,0.03198851154354543,0.01604560010103473,-0.001073013808262857,81.17,87.2745,0.8837,1.0861,1
2024-03-06,0.019655579284739044,0.00818186382465047,0.005054439285673951,0.006264023042692024,0.012044262249219173,-0.008783543515252124,0.00600205260641129,-0.010044420776265994,83.34,95.53,0.8812,1.0913,1
2024-03-07,0.0073260400920727164,0.005667726770789194,0.009877491098168711,0.015064068450966417,-0.0014807837396499934,0.019655579284739044,0.00818186382465047,0.005054439285673951,84.53,95.04,0.8781,1.0941,1
2024-03-08,-0.0012889368057309447,0.008417013110950222,-0.006020300103899423,-0.014540037042658938,-0.011789553181246859,0.0073260400920727164,0.005667726770789194,0.009877491098168711,83.75,93.96,0.8766,1.0941,1
2024-03-11,0.005145808953403996,0.0018333627512205908,-8.602151068082264e-4,-0.0037197245112157162,0.0035379000026658503,-0.0012889368057309447,0.008417013110950222,-0.006020300103899423,86.26,94.83,0.8783,1.0928,1
2024-03-12,-0.011615531757632969,-0.011000882489347497,0.010699866687111204,0.014233257705310365,-0.0036742233618838327,0.005145808953403996,0.0018333627512205908,-8.602151068082264e-4,84.96,95.69,0.8782,1.0918,1
2024-03-13,0.03151879304806071,0.006982920289287264,-0.001568627772626563,-0.007715755941773317,0.02344488952280166,-0.011615531757632969,-0.011000882489347497,0.010699866687111204,86.42,97.35,0.878,1.0944,0
2024-03-14,-0.0033599359622478175,-0.004183898118991003,-0.0019788156846995975,-0.002524478535124608,0.015985544178618305,0.03151879304806071,0.006982920289287264,-0.001568627772626563,85.46,98.31,0.8834,1.0888,1
2024-03-15,0.01378755912450691,-0.0031995228014318755,-0.009992471754677545,-0.01195808352921457,3.931075199679057e-4,-0.0033599359622478175,-0.004183898118991003,-0.0019788156846995975,86.36,99.2,0.8837,1.0888,1
2024-03-18,-0.004991690897241163,0.0016010410184392754,0.0059255666250006556,0.008170805155049088,0.021386337744072392,0.01378755912450691,-0.0031995228014318755,-0.009992471754677545,84.31,95.02,0.8862,1.0886,1
2024-03-19,-0.005435932265017929,-0.0011504890847078286,0.005541688545641854,0.002488443724609546,0.005754123670123512,-0.004991690897241163,0.0016010410184392754,0.0059255666250006556,82.49,91.73,0.8882,1.0859,1
2024-03-20,0.021978906718775004,0.01184152351145773,0.009206870737265227,0.011786976004884764,-0.015159591446719745,-0.005435932265017929,-0.0011504890847078286,0.005541688545641854,83.59,94.16,0.8911,1.0856,1
2024-03-21,-0.029132314037320306,-0.0010392182056140342,0.0032991935399877548,0.004721019514417613,-0.00558189286009636,0.021978906718775004,0.01184152351145773,0.009206870737265227,83.49,93.55,0.8993,1.0861,0
2024-03-22,-0.002536999246588678,-0.008053334438143267,-0.0018976247056876616,0.0011431774851020648,-0.0018241047403151356,-0.029132314037320306,-0.0010392182056140342,0.0032991935399877548,82.36,90.87,0.8983,1.0817,0
2024-03-25,4.232804296000481e-4,0.003189318495506299,-0.0027666255230762715,-0.0036357963609905397,0.013986241974739855,-0.002536999246588678,-0.008053334438143267,-0.0018976247056876616,83.11,92.65,0.8983,1.0837,0
2024-03-26,-0.011063942648049885,0.003228773636769766,-0.0018486785291633723,-0.003242953927595771,-0.006062579033403459,4.232804296000481e-4,0.003189318495506299,-0.0027666255230762715,83.1,91.59,0.9027,1.0829,1
2024-03-27,0.008097210232619556,0.00721453937190919,0.008368731542376828,0.0034003297977029945,0.0028423791746403637,-0.011063942648049885,0.003228773636769766,-0.0018486785291633723,82.64,91.12,0.9056,1.0821,1
2024-03-28,0.010555301715385212,0.01281755232037618,-1.9116072852209953e-4,-0.0018451020040366473,0.015617316902955203,0.008097210232619556,0.00721453937190919,0.008368731542376828,83.55,93.52,0.9006,1.0801,0
2024-04-01,0.004191120971462237,0.010156299517785072,-0.0017412439939947788,0.0021148316017525204,0.011868826195899018,0.010555301715385212,0.01281755232037618,-1.9116072852209953e-4,82.88,92.4,0.9055,1.0733,1
2024-04-02,0.04297776203099346,0.014664350099172552,-0.006378503854489459,-0.00866763885271471,0.013960092099342347,0.004191120971462237,0.010156299517785072,-0.0017412439939947788,84.98,91.94,0.9071,1.0769,0
2024-04-03,0.036195926131473044,0.008734092299845564,0.0010980015550519084,0.0022418233820404865,0.005677625718229606,0.04297776203099346,0.014664350099172552,-0.006378503854489459,86.31,93.9,0.9038,1.0827,1
2024-04-04,-0.008926898015921392,-0.005751206160196531,-0.012281263923799024,-0.01540876584550599,0.012475699970992515,0.036195926131473044,0.008734092299845564,0.0010980015550519084,85.56,93.8483,0.9049,1.0865,1
2024-04-05,0.020834086902842053,0.01696942234053722,0.010392725630285149,0.011715003643543831,0.0015789157345871274,-0.008926898015921392,-0.005751206160196531,-0.012281263923799024,85.43,92.2801,0.9005,1.0841,1
2024-04-08,0.015157546735308003,0.006209185418618368,5.592248133012845e-4,2.950957380072339e-4,-0.0024301348532915767,0.020834086902842053,0.01696942234053722,0.010392725630285149,88.82,96.56,0.9051,1.0853,0
2024-04-09,0.012334299521598702,0.005481990004268411,0.0011560249447413184,0.00369267435905396,-0.012856008101533867,0.015157546735308003,0.006209185418618368,5.592248133012845e-4,89.94,100.29,0.9032,1.0856,1
2024-04-10,-0.011582419786929421,-0.009508934278285253,-0.010063562250121727,-0.008766806091909274,0.011516912399573975,0.012334299521598702,0.005481990004268411,0.0011560249447413184,88.8,96.55,0.9127,1.0737,1
2024-04-11,0.022664912233722134,0.019246821821059967,0.007518541017551783,0.015842094733068635,-0.006599877293151479,-0.011582419786929421,-0.009508934278285253,-0.010063562250121727,90.19,96.46,0.9107,1.0722,1
2024-04-12,-0.01480411936978765,-0.01332772939500515,-0.013899237222050331,-0.01607023855592349,-2.4527839220400693e-4,0.022664912233722134,0.019246821821059967,0.007518541017551783,89.89,96.45,0.912,1.0647,1
2024-04-15,0.03011612104593686,0.018546119002233574,-0.012607278183043746,-0.016587867260864364,0.0014707687416546378,-0.01480411936978765,-0.01332772939500515,-0.013899237222050331,89.37,94.92,0.9137,1.0644,1
2024-04-16,-0.02305683109494483,0.0012212498973589447,-0.0018254335512004616,9.279020142116678e-5,-0.0039268672377898994,0.03011612104593686,0.018546119002233574,-0.012607278183043746,88.29,93.29,0.9128,1.0628,1
2024-04-17,0.0018494549381173897,-0.007395510216207768,-0.005935799437695621,-0.012276392888587395,-0.0302069896457402,-0.02305683109494483,0.0012212498973589447,-0.0018254335512004616,86.75,94.65,0.9121,1.0644,1
2024-04-18,-3.6961745015107184e-4,0.0034096366540188328,-0.002059856538425109,-0.00572271211482267,-0.0016488049901841606,0.0018494549381173897,-0.007395510216207768,-0.005935799437695621,86.58,94.42,0.9115,1.066,1
2024-04-19,0.014314797565193604,0.0031266309994313346,-0.008766694663457919,-0.020906185852465953,8.881558662876543e-4,-3.6961745015107184e-4,0.0034096366540188328,-0.002059856538425109,85.89,94.25,0.9092,1.0655,1
2024-04-22,-0.05121657491227394,-0.025012756126008284,0.009166998900019152,0.010006442450793074,-8.881558662876543e-4,0.014314797565193604,0.0031266309994313346,-0.008766694663457919,84.8,93.03,0.9119,1.0655,1
2024-04-23,0.002681480250665391,-0.002461625450557392,0.011796788784550927,0.01481262789623905,0.015117445875913127,-0.05121657491227394,-0.025012756126008284,0.009166998900019152,83.68,93.68,0.9117,1.0695,1
2024-04-24,-0.003065136499376564,-0.0018618512174164437,-4.7474928195700983e-4,0.0033819520714715168,-0.004260124222676964,0.002681480250665391,-0.002461625450557392,0.011796788784550927,83.265,92.1365,0.9141,1.0687,1
2024-04-25,0.00612090663885434,0.005945762592380888,-0.003806130078024772,-0.004841600131739732,0.00999508570845542,-0.003065136499376564,-0.0018618512174164437,-4.7474928195700983e-4,84.2,90.29,0.9134,1.0721,1
2024-04-26,-0.006504710136177483,0.0032366976978419615,0.009429276683317056,0.015313876919770486,-6.217745645820116e-4,0.00612090663885434,0.005945762592380888,-0.003806130078024772,84.28,88.01,0.9142,1.0686,1
2024-04-29,-0.0019212301778939178,-0.0020332724195339935,0.0035352381858073656,0.004052103952571606,-0.011132768679583016,-0.006504710136177483,0.0032366976978419615,0.009429276683317056,87.21,89.97,0.9108,1.0717,1
2024-04-30,-0.032443728874257616,-0.020138514951858255,-0.01596808759670232,-0.019036196642462144,-0.014188228888801113,-0.0019212301778939178,-0.0020332724195339935,0.0035352381858073656,86.1,87.8,0.9174,1.0684,1
2024-05-01,0.00948998818484803,0.009021345776117684,-0.0032524247241552118,-0.007256771512826887,-0.03175692954634268,-0.032443728874257616,-0.020138514951858255,-0.01596808759670232,87.18,87.27,0.9195,1.068,1
2024-05-02,0.0035356548323077774,-0.003091916639169412,0.009309979915026467,0.012682567862886351,0,0.00948998818484803,0.009021345776117684,-0.0032524247241552118,87.52,86.14,0.9119,1.0706,1
2024-05-03,-0.006294277271387205,-7.979535263453741e-4,0.012319110453764104,0.019899077249062813,-0.010591916844073346,0.0035356548323077774,-0.003091916639169412,0.009309979915026467,87.61,87.15,0.9047,1.077,1
2024-05-06,0.03451961898578926,0.010463473640827559,0.010273863060948685,0.010893876363335941,0.007029672823813726,-0.006294277271387205,-7.979535263453741e-4,0.012319110453764104,87.75,89.9,0.9052,1.0779,1
2024-05-07,-0.006118565933372011,-0.004610986022904662,0.001102823921159235,1.5898792860902233e-4,-0.0021169629499038223,0.03451961898578926,0.010463473640827559,0.010273863060948685,90,89.35,0.9072,1.0767,0
2024-05-08,0.0022988515871107396,-0.002945372521325318,9.6680943294735755e-05,-5.906540529290183e-4,0.008047006024320957,-0.006118565933372011,-0.004610986022904662,0.001102823921159235,89.65,88.18,0.9076,1.0755,0
2024-05-09,0.035342024093688806,0.01565544250096007,0.0057453693940328066,0.002179144640426678,0.00537248229275189,0.0022988515871107396,-0.002945372521325318,9.6680943294735755e-05,90.49,89.3,0.9072,1.0771,1
2024-05-10,-0.003700966474571299,0.008079739130101515,0.0012872116358364494,0.002355393578874043,-0.016072009766204154,0.035342024093688806,0.01565544250096007,0.0057453693940328066,91.59,90.61,0.9063,1.0773,1
2024-05-13,0.0018521953804140345,-0.011265263857070273,1.3438924906239436e-4,0.0023047211774365195,0.010962270512273165,-0.003700966474571299,0.008079739130101515,0.0012872116358364494,91.97,88.93,0.9075,1.0796,0
2024-05-14,0.012504760222296962,0.00842643411174393,0.0045776312685728016,0.006411648380640678,-0.01215820447980942,0.0018521953804140345,-0.011265263857070273,1.3438924906239436e-4,95.27,89.96,0.9067,1.0818,1
2024-05-15,0.03730705241281074,0.012757018419600641,0.012306912652879198,0.015509361532795474,0.008868944228502151,0.012504760222296962,0.00842643411174393,0.0045776312685728016,97.87,92.95,0.9041,1.086,1
2024-05-16,-0.0028208763416412985,-0.003900939356685562,-0.0020595772866540685,-0.002033419496510369,0.004864270420707584,0.03730705241281074,0.012757018419600641,0.012306912652879198,97.61,91.2843,0.9044,1.0875,0
2024-05-17,0.062284924372830286,0.016363140907992957,0.0014364831320756721,-4.8686570107658866e-4,0.00939832005870489,-0.0028208763416412985,-0.003900939356685562,-0.0020595772866540685,99.8,93.01,0.9079,1.0869,0
2024-05-20,0.00628412850214044,0.004015890453584525,0.001151475809383129,0.0069485318231317095,-0.0031229693566521277,0.062284924372830286,0.016363140907992957,0.0014364831320756721,96.69,95.48,0.9097,1.0861,0
2024-05-21,0.009842599144194164,-0.0014706212681883102,0.002449549942590501,0.0019545196238706097,-0.007456375706463625,0.00628412850214044,0.004015890453584525,0.001151475809383129,96.94,94.8,0.9108,1.0855,0
2024-05-22,-0.03691192111241204,-0.018544889391426622,-0.002883557252047808,-1.9747452094343032e-4,-0.017083114240516117,0.009842599144194164,-0.0014706212681883102,0.002449549942590501,95.4,91.76,0.914,1.0836,1
2024-05-23,-0.023304687315523598,-0.02014615092498584,-0.007331036157671278,-0.004508623492406549,-0.005625517112576084,-0.03691192111241204,-0.018544889391426622,-0.002883557252047808,93.54,89.1,0.9144,1.0827,1
2024-05-24,0.00622193503929358,9.266982407227786e-4,0.00659467995458396,0.009411989050762237,0.012016165942486445,-0.023304687315523598,-0.02014615092498584,-0.007331036157671278,94.56,88.95,0.9143,1.0852,1
2024-05-28,0.05301476150229334,0.010458274124809819,6.986075337236386e-4,0.0037705873819833258,0.030196399231016358,0.00622193503929358,9.266982407227786e-4,0.00659467995458396,97.28,90.2,0.9106,1.0879,1
2024-05-29,-0.0016353233407309098,-0.00934736862267016,-0.0070271429702639665,-0.007073338664500106,-0.014134969178488888,0.05301476150229334,0.010458274124809819,6.986075337236386e-4,95.42,88.165,0.9135,1.0811,0
2024-05-30,-0.027208048607597846,0.001894946607290393,-0.006655820739561058,-0.01077114786967126,-0.013675426799675705,-0.0016353233407309098,-0.00934736862267016,-0.0070271429702639665,94.13,87.5,0.9036,1.0837,1
2024-05-31,-0.02279397886786949,-0.005881416448861643,0.009066901482708722,-0.0018619915383393248,-0.009444699405356083,-0.027208048607597846,0.001894946607290393,-0.006655820739561058,95.3,84.14,0.9034,1.0846,1
2024-06-03,0.004806051132098865,0.008878260481572475,8.150345893147559e-4,0.005354942872349611,-0.04078301283329022,-0.02279397886786949,-0.005881416448861643,0.009066901482708722,93.5,84.95,0.8954,1.089,1
2024-06-04,-0.03307525168178582,-0.009017610645534191,0.001117223343090501,0.002732784069872096,-0.010355536145318034,0.004806051132098865,0.008878260481572475,8.150345893147559e-4,91.09,84.09,0.8904,1.0878,1
2024-06-05,0.01510655813896955,0.011775979441184248,0.011815086740567082,0.019959263729745658,0.011190493054388462,-0.03307525168178582,-0.009017610645534191,0.001117223343090501,91.61,85.93,0.894,1.0865,1
2024-06-06,0.0409893445331968,0.007364241400238392,-1.870330019837496e-5,-3.4523681430354003e-4,0.018877584354887844,0.01510655813896955,0.011775979441184248,0.011815086740567082,92.5,85.8,0.8917,1.0883,0
2024-06-07,-0.06892115862521875,-0.03633557506363427,-0.0012164654760686844,-8.852137505490631e-4,-0.0032813811231777734,0.0409893445331968,0.007364241400238392,-1.870330019837496e-5,88.8,83.6,0.896,1.0807,1
2024-06-10,0.018120943527762723,0.009126468766011975,0.0030850660646262185,0.004031090079095634,0.03286933830867422,-0.06892115862521875,-0.03633557506363427,-0.0012164654760686844,89.21,83.15,0.8968,1.0751,1
2024-06-11,-0.016329791338344446,0.0028525353112236473,0.002405348862985157,0.006839282702586935,6.623832791694539e-4,0.018120943527762723,0.009126468766011975,0.0030850660646262185,87.79,81.66,0.8987,1.0733,1
2024-06-12,0.013155745294992194,0.0026581497219373418,0.008179511619744062,0.013012697282470675,0.00620504994414528,-0.016329791338344446,0.0028525353112236473,0.002405348862985157,88.21,82.97,0.8918,1.0843,1
2024-06-13,-0.023589371155464445,-0.00818354306391278,0.002011423344489671,0.00540558910898703,-0.00316372528583031,0.013155745294992194,0.0026581497219373418,0.008179511619744062,87.36,81.53,0.8935,1.0756,1
2024-06-14,0.02252911306002847,0.01287631506310749,6.081660296368696e-4,0.005167862031250969,0.004478995763485649,-0.023589371155464445,-0.00818354306391278,0.002011423344489671,88.04,82.09,0.8907,1.0699,0
2024-06-17,-0.0038972591400909806,-0.005205198349121254,0.007927519771683933,0.012175416156098073,0.022227469981547898,0.02252911306002847,0.01287631506310749,6.081660296368696e-4,89.26,82.08,0.8914,1.0723,1
2024-06-18,0.0024818307367602266,0.0039992612827512986,0.0025374469387431375,3.091922891460541e-4,0.011249000122468544,-0.0038972591400909806,-0.005205198349121254,0.007927519771683933,89.55,81.78,0.8842,1.0739,0
2024-06-20,0.03787147036431815,0.01240704982119123,-0.0027202455865422692,-0.00773786291404388,0.0093624165659687009,0.0024818307367602266,0.0039992612827512986,0.0025374469387431375,90.27,84.85,0.8912,1.0708,1
2024-06-21,-0.03822564072396162,-0.015614490107262569,-0.004562494744698498,-0.0026828903941655824,-0.00961667540283262,0.03787147036431815,0.01240704982119123,-0.0027202455865422692,91.08,87.5,0.8938,1.0694,0
2024-06-24,3.5417035964346866e-4,0.003949727492503996,-0.0032559237777016747,-0.013038103658470135,0.013261956291882093,-0.03822564072396162,-0.015614490107262569,-0.004562494744698498,91.41,89.73,0.8939,1.0727,1
2024-06-25,-0.021475413725572157,-0.004974556389206519,0.0038434354989362873,0.011370672366305179,-0.010088357944340487,3.5417035964346866e-4,0.003949727492503996,-0.0032559237777016747,90.37,86.72,0.8944,1.0705,0
2024-06-26,-0.004350985834326249,-0.009271031427932286,0.0012473175122655888,0.00206303798099583,-0.0019029501460865461,-0.021475413725572157,-0.004974556389206519,0.0038434354989362873,93,85.74,0.8973,1.0682,1
2024-06-27,0.005435780733691775,0.011273127312620979,0.0015752650068465712,0.0025780176028007418,0.014747856634556022,-0.004350985834326249,-0.009271031427932286,0.0012473175122655888,90.73,86.19,0.898,1.0708,0
2024-06-28,0.006125041667384146,9.302325588045335e-5,-0.0039428250493784844,-0.0052044417581784685,-0.004137677522540351,0.005435780733691775,0.011273127312620979,0.0015752650068465712,91.47,89.09,0.8992,1.0711,1
2024-07-01,0.009651549452221797,0.002601144111404885,0.0020558764904832216,0.005847909031011511,0.02420524057334905,0.006125041667384146,9.302325588045335e-5,-0.0039428250493784844,89.83,89.57,0.9039,1.0728,1
2024-07-02,0.004614027706600687,-4.638972004578079e-5,0.006707202921154121,0.010444929306005157,-0.005287439308853337,0.009651549452221797,0.002601144111404885,0.0020558764904832216,91.6,93.27,0.9046,1.0737,1
2024-07-03,0.028967301945743262,0.011209897112027356,0.004452650318184759,0.008302536393946625,0.0019706866828599345,0.004614027706600687,-4.638972004578079e-5,0.006707202921154121,91.66,94.76,0.9007,1.0799,1
2024-07-05,0.025807883955872413,0.013396719085613462,0.005749948036162245,0.010372864480713062,4.920654546323178e-4,0.028967301945743262,0.011209897112027356,0.004452650318184759,94.22,94.45,0.8976,1.0828,1
2024-07-08,-0.013160304665981393,-0.012479666428378167,0.0011532363970925275,0.0023754414793506484,-0.01100610875061836,0.025807883955872413,0.013396719085613462,0.005749948036162245,91.98,92.75,0.8971,1.0835,0
2024-07-09,-3.397316152944363e-4,0.0016943335478663002,9.720097966274821e-4,8.642261192504108e-4,-0.008115407546089415,-0.013160304665981393,-0.012479666428378167,0.0011532363970925275,90.48,90.01,0.8978,1.0813,0
2024-07-10,0.0010188487891031883,0.0036536394315787035,0.009846652054979366,0.010372521124065948,0.008861212428390886,-3.397316152944363e-4,0.0016943335478663002,9.720097966274821e-4,91.53,91.02,0.8992,1.0823,1
2024-07-11,0.019496415861449456,0.01757800394260478,-0.008659921717016239,-0.022174214127512748,0.005699433096290285,0.0010188487891031883,0.0036536394315787035,0.009846652054979366,92.39,91.56,0.8939,1.087,1
2024-07-12,-0.02017553303525821,-6.272963732900649e-4,0.006287695260978943,0.0058576301260258035,-0.00856137743759433,0.019496415861449456,0.01757800394260478,-0.008659921717016239,91.79,89.19,0.8942,1.0902,1
2024-07-15,-0.003743410871316133,0.0032219117682137366,0.002746274641366675,0.00268424028693115,-0.0016212512125077794,-0.02017553303525821,-6.272963732900649e-4,0.006287695260978943,91.46,87.25,0.8949,1.0912,1
2024-07-16,0.021252275659659148,0.019729915409988585,0.0059127117631350146,3.828753988877054e-4,-0.013318452929077296,-0.003743410871316133,0.0032219117682137366,0.002746274641366675,91.91,88.47,0.8953,1.0885,1
2024-07-17,-0.03394759113150281,-0.0046540301778144055,-0.014120398634509534,-0.02979435401762842,0.01953969982047976,0.021252275659659148,0.019729915409988585,0.0059127117631350146,91.41,87.88,0.8846,1.0933,1
2024-07-18,-0.01636241900769919,-0.0064016465503060616,-0.007714529968690265,-0.004743782692838039,-0.008970904916790978,-0.03394759113150281,-0.0046540301778144055,-0.014120398634509534,88.96,85.17,0.8858,1.0913,1
2024-07-19,-0.02020987061564483,-0.018100648368495342,-0.00666275782081005,-0.008903099458584585,-0.024067026082637,-0.01636241900769919,-0.0064016465503060616,-0.007714529968690265,88.61,83.97,0.8884,1.0888,1
2024-07-22,-7.165890668519026e-4,3.156494513616437e-4,0.010257057777279144,0.01478785459106291,-0.004883700748831821,-0.02020987061564483,-0.018100648368495342,-0.00666275782081005,87.35,83.79,0.89,1.088,1
2024-07-23,0.0010746911297654371,0.0035105126290124744,-0.0015697882205589764,-0.0035308570962904184,-0.012966986668256908,-7.165890668519026e-4,3.156494513616437e-4,0.010257057777279144,87.04,85.31,0.8915,1.0855,1
2024-07-24,-0.009714053720473181,-0.0035105126290124744,-0.022923168831288088,-0.036529485275631934,0.0024767007380877004,0.0010746911297654371,0.0035105126290124744,-0.0015697882205589764,87.21,85.85,0.8838,1.0853,1
2024-07-25,-0.03982827295151292,-0.01576839524124196,-0.0052239754235268165,-0.011088921742834046,0.00842683407601541,-0.009714053720473181,-0.0035105126290124744,-0.022923168831288088,85.92,83.26,0.8802,1.0861,1
2024-07-26,0.0037551677623235413,0.010479410645255705,0.01113739175457873,0.010203727104151739,-0.01758201180730623,-0.03982827295151292,-0.01576839524124196,-0.0052239754235268165,86.01,82.94,0.8826,1.0859,1
2024-07-29,-0.0015003753752345084,-0.0014060553399355413,5.875872368834578e-4,0.0020067545871524928,-0.01216141888936395,0.0037551677623235413,0.010479410645255705,0.01113739175457873,87.2986,83,0.886,1.0819,1
2024-07-30,0.015273159620302401,0.009935950226747536,-0.00507932926111021,-0.013826555421495357,-0.009756174945365181,-0.0015003753752345084,-0.0014060553399355413,5.875872368834578e-4,87.9844,82,0.8852,1.0809,1
2024-07-31,0.022300320944121488,0.01794868590605425,0.01612392066035806,0.02916424659490069,0.04310785697950603,0.015273159620302401,0.009935950226747536,-0.00507932926111021,89.52,84.64,0.8797,1.0823,1
2024-08-01,-0.014566899968225577,-0.0034488891632653562,-0.014262186129383458,-0.024519617174318498,-0.018828057321938374,0.022300320944121488,0.01794868590605425,0.01612392066035806,88.39,83.15,0.8744,1.0789,1
2024-08-02,7.334067068747174e-4,-0.0019064092138618705,-0.018793946667884143,-0.024021145954296053,-0.0387541815451673,-0.014566899968225577,-0.0034488891632653562,-0.014262186129383458,87.68,82.05,0.8605,1.0914,1
2024-08-05,-0.04767275351470124,-0.012773162810310268,-0.029556175110449168,-0.03026969553483827,-0.002319078864880808,7.334067068747174e-4,-0.0019064092138618705,-0.018793946667884143,83.68,77.79,0.8528,1.0957,1
2024-08-06,-0.008106587532988208,-0.00803289666301854,0.009177288733269506,0.009509729913681042,-0.010571938925398428,-0.04767275351470124,-0.012773162810310268,-0.029556175110449168,84.03,80.34,0.8533,1.0926,1
2024-08-07,-0.012480661223609246,-6.798867117421281e-4,-0.006706340408373812,-0.010888818554806612,0.0304495456022833,-0.008106587532988208,-0.00803289666301854,0.009177288733269506,84.03,81.44,0.8652,1.0925,1
2024-08-08,0.027483827815657946,0.015566267164770942,0.022854107690648107,0.03013231458270127,0.008930415899132349,-0.012480661223609246,-6.798867117421281e-4,-0.006706340408373812,85.62,84.58,0.8656,1.0914,1
2024-08-09,-3.818980378667014e-4,0.0024522383379075308,0.004399992055931001,0.0052088088564614665,0.011347265177606758,0.027483827815657946,0.015566267164770942,0.022854107690648107,84.65,83.01,0.8639,1.0925,1
2024-08-12,0.019293202934679066,0.016999327606915138,5.252002446605175e-4,0.0021512777344980805,0.031129410557710457,-3.818980378667014e-4,0.0024522383379075308,0.004399992055931001,86.49,84.38,0.8673,1.0928,1
2024-08-13,-0.002626150449467346,-0.0015335074313300723,0.016311936946089567,0.024509958167167945,-0.012670547702614776,0.019293202934679066,0.016999327606915138,5.252002446605175e-4,86.16,85.9,0.8654,1.0954,1
2024-08-14,-0.012093873783246778,-0.008189188547191861,0.003149782948381308,3.2421567110230143e-4,-0.013616238379308143,-0.002626150449467346,-0.0015335074313300723,0.016311936946089567,84.91,85.36,0.8638,1.1024,1
2024-08-15,0.02922650886035516,0.0031338994111580476,0.016994993387061008,0.02494927467243535,0.010649451295120294,-0.012093873783246778,-0.008189188547191861,0.003149782948381308,87.56,86.37,0.8712,1.0986,1
2024-08-16,0.02191468270539465,0.022140804195875496,0.0022395212452162028,0.0012849546241113785,-0.014180944076590762,0.02922650886035516,0.0031338994111580476,0.016994993387061008,87.68,86.93,0.8685,1.0996,1
2024-08-19,0.015415254168972048,-0.0016393446294333813,0.009516015503566955,0.013050483245022448,-0.025747938643107204,0.02191468270539465,0.022140804195875496,0.0022395212452162028,88.01,85.7566,0.8629,1.107,1
2024-08-20,7.112375833249196e-4,0.0036632445559412474,-0.001627456073634903,-0.002100819259855946,-0.0074219354258495684,0.015415254168972048,-0.0016393446294333813,0.009516015503566955,87.2187,85,0.8576,1.1106,1
2024-08-21,0.003548619763632299,-0.0013344527496306213,0.0034306576905720476,0.004653296858871947,-0.016800231240324592,7.112375833249196e-4,0.0036632445559412474,-0.001627456073634903,88.75,87.06,0.8515,1.1143,1
2024-08-22,-0.021121243365928688,-0.012047294259806662,-0.007879414713909405,-0.01598195609007913,0.013408327845878532,0.003548619763632299,-0.0013344527496306213,0.0034306576905720476,86.8,85.01,0.8518,1.1114,1
2024-08-23,0.02993808764430561,0.011487154641136144,0.010569240428314863,0.010787139212975028,0.02642143904212002,-0.021121243365928688,-0.012047294259806662,-0.007879414713909405,88.34,87.79,0.8492,1.1176,1
2024-08-26,0.004903687584529859,0.00318430494120836,-0.002386635977730478,-0.00975576644871623,0.029732272252548597,0.02993808764430561,0.011487154641136144,0.010569240428314863,88.25,88.5,0.8479,1.1164,1
2024-08-27,0.0017455057669737428,0.0027029942446610278,0.001372121211399957,0.0029828821612873924,-0.017366947637522223,0.004903687584529859,0.00318430494120836,-0.002386635977730478,88.18,89.2,0.8439,1.116,1
2024-08-28,-0.025076362529668828,-0.007051669587165854,-0.0058221727874352425,-0.011412301772348421,-0.013292292833424924,0.0017455057669737428,0.0027029942446610278,0.001372121211399957,85.85,86.59,0.842,1.1127,1
2024-08-29,0.0032137146030959407,0.005164633816841402,8.955357548590115e-5,-0.001464952863345026,0.01694621833945753,-0.025076362529668828,-0.007051669587165854,-0.0058221727874352425,86.2071,89.4,0.8466,1.1086,1
2024-08-30,-0.016172859245600968,-0.007151503855397756,0.009500708701126293,0.011848955330997946,-0.03216477397070161,0.0032137146030959407,0.005164633816841402,8.955357548590115e-5,85.01,88.6,0.8493,1.106,1
2024-09-03,-0.030160432460077935,-0.004332950147483139,-0.020793751280580253,-0.03083136922802776,-0.044702484927714004,-0.016172859245600968,-0.007151503855397756,0.009500708701126293,83.08,86.79,0.8503,1.1043,1
2024-09-04,0.004842624475787982,6.077444187759795e-4,-0.002048902378560591,-0.002601853118891384,-0.02103844476081651,-0.030160432460077935,-0.004332950147483139,-0.020793751280580253,83.27,85.97,0.8482,1.1081,1
2024-09-05,0.0202324356010104,0.00829772685228658,-0.002435125140228145,9.331091655182533e-4,0.004014342308462204,0.004842624475787982,6.077444187759795e-4,-0.002048902378560591,85,86.3,0.8453,1.1096,1
2024-09-06,-0.02844143692339207,-0.0074301607544056125,-0.016973351692077365,-0.02715258100057394,-0.013831080591477196,0.0202324356010104,0.00829772685228658,-0.002435125140228145,84.58,83.9,0.8428,1.1086,1
2024-09-09,0.013767659326208825,0.00419705092225886,0.011134025598169117,0.0127776748158146,0.004920415136953515,-0.02844143692339207,-0.0074301607544056125,-0.016973351692077365,86.45,87.02,0.848,1.1042,1
2024-09-10,0.0036886799478534904,0.0043944752120523844,0.004346244971666913,0.009199293892174332,-0.0339164858532941,0.013767659326208825,0.00419705092225886,0.011134025598169117,86.3,89.02,0.8459,1.1025,1
2024-09-11,0.006971226177495016,-0.0015918432169446106,0.010206667589763185,0.021483010651460077,0.013203960099658296,0.0036886799478534904,0.0043944752120523844,0.004346244971666913,87.59,93.3,0.8505,1.1012,1
2024-09-12,0.04259008318070023,0.017414755698246687,0.008387939723530913,0.00976819115066796,0.029623191208159483,0.006971226177495016,-0.0015918432169446106,0.010206667589763185,89.84,96.37,0.8527,1.1041,1
2024-09-13,0.027645160666144974,0.009894609261686504,0.005209181345081859,0.004469940815265971,-7.156659576903479e-4,0.04259008318070023,0.017414755698246687,0.008387939723530913,91.56,98.18,0.8479,1.1085,1
2024-09-16,0.003742137382760191,-8.379771237176925e-5,0.001475752590362589,-0.004427678067758123,0.01478139476547824,0.027645160666144974,0.009894609261686504,0.005209181345081859,90.42,98.72,0.8453,1.1123,1
2024-09-17,-0.005789221004484979,-0.005546232704516818,4.085584162130118e-4,5.28133693473265e-4,0.011781342440106535,0.003742137382760191,-8.379771237176925e-5,0.001475752590362589,90,102.46,0.847,1.1118,1
2024-09-18,-0.024897551621727132,-0.007740336837031236,-0.002970290408486065,-0.004338952549277408,-0.014890006805932998,-0.005789221004484979,-0.005546232704516818,4.085584162130118e-4,88.72,96.74,0.8459,1.1116,1
2024-09-19,0.03000742477399765,0.015421220750811315,0.01692051884509116,0.024969877108703464,0.029149264120603036,-0.024897551621727132,-0.007740336837031236,-0.002970290408486065,90.49,99.57,0.8478,1.1147,1
2024-09-20,0.012158204479809864,0.012630522307461867,-0.004792720040220466,-0.0019051569233194954,0.002334043758859927,0.03000742477399765,0.015421220750811315,0.01692051884509116,89.58,97.71,0.8496,1.1159,1
2024-09-23,-0.01658525070216932,0.001938584615862382,0.0024957830727823094,0.0012429052434868026,-0.00923062281792042,0.012158204479809864,0.012630522307461867,-0.004792720040220466,87.98,95.24,0.8475,1.113,0
2024-09-24,0.04927761238771122,0.013872345226311644,0.002857219924981891,0.00481202072682585,0.014291846945217124,-0.01658525070216932,0.001938584615862382,0.0024957830727823094,90.81,97.8,0.8459,1.115,1
2024-09-25,-0.011436164501853252,-0.0013826761047885938,-0.002207931925405582,9.266982407236668e-4,-0.02500648364653113,0.04927761238771122,0.013872345226311644,0.002857219924981891,90.7,95.47,0.8495,1.1143,0
2024-09-26,0.0075299095347882705,0.005073989494055908,0.0039567956100450274,0.00748498813878129,-0.03516626865871686,-0.011436164501853252,-0.0013826761047885938,-0.002207931925405582,92.74,96.3,0.8463,1.1184,1
2024-09-27,-0.014454916599074608,-0.00796752182365168,-0.0014513409963399226,-0.005572528812550992,0.018093543571595205,0.0075299095347882705,0.005073989494055908,0.0039567956100450274,91.84,92.95,0.8424,1.1159,1
2024-09-30,-0.015674824852954572,-0.008031513423370384,0.003999201998051483,0.0027081939368800434,-0.004993233856826151,-0.014454916599074608,-0.00796752182365168,-0.0014513409963399226,89.8,91.66,0.8444,1.1145,1
2024-10-01,0.006700192569819574,0.010436585613812,-0.00899881770661004,-0.014030395009164032,0.03084099958138875,-0.015674824852954572,-0.008031513423370384,0.003999201998051483,91.1,92.16,0.8458,1.1067,1
2024-10-02,0.014255172606168376,2.0355405448224673e-4,4.2198544776450575e-4,0.0014119310499527415,0.00897362272125335,0.006700192569819574,0.010436585613812,-0.00899881770661004,92.39,93.86,0.8495,1.105,1
2024-10-03,0.007868893061910853,-6.922529035486846e-4,-0.0018298910690841552,-7.472445705447583e-4,0.040008029475809614,0.014255172606168376,2.0355405448224673e-4,4.2198544776450575e-4,91.11,92.19,0.854,1.1015,1
2024-10-04,0.004886799104412809,-0.001998002662672249,0.009046345002779788,0.011827861826773756,0.008153648538909763,0.007868893061910853,-6.922529035486846e-4,-0.0018298910690841552,90.96,93,0.8589,1.0961,1
2024-10-07,-0.015062498264238666,-0.0033935065376677898,-0.00908156805274718,-0.010769430074629938,0.03664826715573888,0.004886799104412809,-0.001998002662672249,0.009046345002779788,89.41,94.53,0.8555,1.0976,1
2024-10-08,-0.03252591835487628,-0.007399219847332716,0.009413112792511669,0.014824236883501207,-0.04400994099644251,-0.015062498264238666,-0.0033935065376677898,-0.00908156805274718,87.93,94.07,0.8576,1.097,1
2024-10-09,-0.005468229620195775,-0.005461103308095794,0.006902514561196504,0.007837589104925158,-0.007150454194952083,-0.03252591835487628,-0.007399219847332716,0.009413112792511669,87.32,95.63,0.8595,1.0951,1
2024-10-10,0.01800014637987646,0.007316047264198211,-0.0017515417174029935,-0.0011362023662320198,0.03293984907786651,-0.005468229620195775,-0.005461103308095794,0.006902514561196504,89.07,98.66,0.8573,1.0925,1
2024-10-11,0.014369503723833166,0.010854312059099591,0.005970373619740066,0.0015619456494668782,-0.003606856930993274,0.01800014637987646,0.007316047264198211,-0.0017515417174029935,90.25,98.44,0.8574,1.0942,1
2024-10-15,-0.0016603025563957097,0.0018315396153569807,3.4501794435559674e-4,-0.005100548544707095,-0.0629825421259369,0.014369503723833166,0.010854312059099591,0.005970373619740066,90.47,92.85,0.8621,1.0899,1
2024-10-16,0.006294537927294286,0.0049891599626823435,0.004337057603802208,1.222294656013645e-4,-0.004960054258250857,-0.0016603025563957097,0.0018315396153569807,3.4501794435559674e-4,91.28,94.24,0.8642,1.0873,1
2024-10-17,-9.912440923973698e-4,0.005970407827298629,8.586270558641473e-5,6.923515793388901e-4,0.0030340665945187695,0.006294537927294286,0.0049891599626823435,0.004337057603802208,91.16,95.68,0.8654,1.0837,1
2024-10-18,0.05998270460171051,0.010562210614998513,0.0038391052688719896,0.0065333186982101665,-0.017222647924175938,-9.912440923973698e-4,0.005970407827298629,8.586270558641473e-5,92.98,99.46,0.8659,1.0854,0
